Date,AAPL,CVX,JNJ,KO,MSFT,NVDA,PG,SPY,UNH,XOM
2020-01-03,0.9902779733454841,0.9965414333936634,0.9884219170625419,0.9945443917701181,0.9875484168770372,0.9839939246826638,0.993274404501813,0.9924278337808726,0.9898800728637552,0.9919604453942215
2020-01-06,0.9981688534212572,0.9931646139646436,0.9871890705630055,0.9941807634268477,0.9901009024752117,0.9881207333396714,0.9946518291221426,0.9962141230030777,0.996752126446439,0.9995768655470644
2020-01-07,0.9934743846736798,0.9804825894828283,0.9932173420657874,0.9865430471142503,0.9810736378728644,1.000083233382647,0.9884935984137561,0.9934128460940417,0.9907353042525897,0.9913963862026612
2020-01-08,1.0094557029916322,0.9692824731458013,0.9930803799775066,0.9883616113594689,0.9967002003255983,1.0019592226785623,0.9927071864885717,0.9987073645695665,1.0116238703080198,0.9764457556112865
2020-01-09,1.0308974474590877,0.9677178137641999,0.9960261598214301,1.006364974858265,1.0091522859459225,1.0129633794704263,1.0035654961774243,1.0054792984585246,1.0058802697045768,0.9839208907884429
2020-01-10,1.0332279113527185,0.9589061039537938,0.993765440692256,1.0098200779126332,1.004482477464752,1.0183817847300083,1.0045375973293706,1.0025855800298284,1.0089914741570043,0.9751762802050671
2020-01-13,1.0553021877038629,0.9607181803295877,0.9981501671356686,1.0207311253608504,1.0165610065464352,1.0503107019820337,1.0119116516663464,1.0094810784472956,0.9772650600428643,0.9844851661222404
2020-01-14,1.041052131406732,0.9577531926372653,1.0037676775102808,1.0183669918420664,1.009400921640461,1.030720154256004,1.0103717453949217,1.0079417261851267,0.9854357616159699,0.9760224770635262
2020-01-15,1.0365909727353126,0.9563531990130432,1.0071243436190467,1.0310966880412753,1.0159381108169492,1.0235922264658008,1.020662690293974,1.010219786154012,1.0133674508542228,0.9744707919429956
2020-01-16,1.0495757543156299,0.9626120875543228,1.0152767475727396,1.0332788806297641,1.0345535275767035,1.0375975023908608,1.0215539909500506,1.0186231015995162,1.0281708601652366,0.9706628700562238
2020-01-17,1.0611954820959304,0.9518239702972426,1.021921880303644,1.035461073218253,1.040343905174326,1.0390565252213537,1.024309133743828,1.0217936293055896,1.0204103408133234,0.966995584718427
2020-01-21,1.0540036884508877,0.9331300559102164,1.0226071912917387,1.0396436864764822,1.0366080382894949,1.033471013554728,1.0217160322714682,1.019792584726723,1.0274528809368408,0.9531732166049979
2020-01-22,1.0577661825904487,0.9297537385109447,1.0156196220559641,1.0476451156381232,1.0316271839414706,1.042516187533686,1.0234987803601805,1.0199159431425908,1.0276580012004024,0.9476726128116584
2020-01-23,1.0628602950444288,0.9314008144428604,1.0175376544069223,1.051645787966057,1.037977846097319,1.0539788875046863,1.0188200573690855,1.0210856323824393,1.023794883468018,0.9417488745653834
2020-01-24,1.059797098285034,0.9211067781295427,1.0160989580807787,1.0489181951155497,1.0275181625158878,1.0440583637916074,1.0200427794959601,1.0120050307973507,1.0010596519812296,0.9354018577713475
2020-01-27,1.0286334326377804,0.9090832493339949,1.0190449256297112,1.0452809821193392,1.01033526523469,1.0012089229064582,1.0245257025570087,0.9957828323009836,0.9712478880134318,0.9131170167414413
2020-01-28,1.057732536155415,0.9150949718959563,1.0241827871378268,1.0367340681899062,1.0301332592853223,1.0335960635167452,1.0272971375488633,1.0062183153342033,0.9773332196756394,0.9118476854300466
2020-01-29,1.079873367053601,0.9089184999049909,1.0313073810302187,1.0367340681899062,1.0461958889484853,1.0234671765037835,1.0193904310783508,1.0053867538825436,0.9671794750996943,0.9042311932297912
2020-01-30,1.0783089660366136,0.9174007945290137,1.0300742216890006,1.0703766616687138,1.075706654502211,1.024592626161939,1.026645229460932,1.008649826164598,0.9606153351360749,0.9138220006716262
2020-01-31,1.0304975928032492,0.8823187883880185,1.019866760727732,1.0620112661407086,1.0598305518596878,0.9854946841373081,1.0158043127943508,0.990334862963949,0.9314529826223839,0.8761635386922345
2020-02-03,1.0276677061200123,0.8752365710598425,1.0287727377244833,1.0652847662878755,1.0856680616998424,1.0017508593786788,1.0197981763599613,0.9976913323038691,0.9368203933621263,0.8565583570711549
2020-02-04,1.0615948093781793,0.8799306328762716,1.0385695001259185,1.0700128643138966,1.1214045685653133,1.0300945846250427,1.024281319585849,1.0128976015908595,0.9601368766702463,0.8458391430565498
2020-02-05,1.070251330431724,0.9081775039967844,1.0549426952249408,1.0701945517268716,1.1200348612569617,1.045225550073914,1.0336553513192346,1.0245944939893428,1.0110426767926186,0.8847671524895734
2020-02-06,1.082770019233315,0.9016717004910605,1.0517912532594191,1.072740457164404,1.1432574753266265,1.0597725226055383,1.0363450317675842,1.0280421401417557,0.9998629810632831,0.8727785351161612
2020-02-07,1.0680524989861244,0.8971423881036354,1.0405561699418582,1.0763775011490673,1.1448762203274059,1.04868497252059,1.0277048828304742,1.0225630477958723,0.9887860203835199,0.8669956495610982
2020-02-10,1.0731249891229198,0.9041421052098725,1.0403504452519234,1.0865610383934237,1.1748224500947266,1.096119445421008,1.0284385454619107,1.030196841694773,0.981299422293179,0.8578391439211187
2020-02-11,1.0666508454589707,0.9158361351474125,1.0412412932249437,1.0836519271414882,1.148300337849077,1.1166272394157475,1.0120546854233408,1.0319821893944325,0.9941540141825675,0.8659939743867129
2020-02-12,1.091981231828684,0.9226714375111443,1.035075308813845,1.0803782579827745,1.1499815935216442,1.1360092639314567,1.006267212303633,1.0386308679238436,1.037538290962219,0.8765811254944167
2020-02-13,1.0842052137207843,0.9195419514046921,1.0282249519396964,1.0840153019674381,1.1437557517104266,1.1286734525726827,1.0185755276213666,1.037522806363769,1.0331624308768614,0.8717167003524346
2020-02-14,1.0844720647572579,0.9171258495703005,1.0284986258429123,1.0901980823780872,1.1539660961010134,1.2079116328526713,1.0281937955493528,1.0391852078728432,1.0214702260182749,0.8677109362712544
2020-02-18,1.0646150779273584,0.9184589058947751,1.0217166561603996,1.0825605350770369,1.165670465647221,1.236172204671607,1.0178419383782096,1.0365070832670336,1.032957660448883,0.8566945987279745
2020-02-19,1.080033372200767,0.9226247487445703,1.020346409594228,1.0869249202540143,1.1691666412905508,1.311741959563287,1.0224882237497093,1.0414628556164456,1.0437948671423574,0.8632758416596731
2020-02-20,1.0689534640270564,0.9148765052839053,1.0164415197223209,1.0860155536256315,1.1513120055363157,1.2867327667120194,1.0317804275513103,1.0371842663502973,1.0329227935024334,0.8564085705008071
2020-02-21,1.0447573527744334,0.9082114746764066,1.027128316708404,1.093471582525254,1.1149161216329042,1.2257513212000217,1.0327583263773472,1.0265028909359077,1.0305300347258457,0.8459646496489244
2020-02-24,0.9951310760688941,0.8723858788068396,1.0059628875912903,1.066557592247981,1.0668457165265661,1.1390940961786118,1.0050444901767583,0.9924587506770797,0.9497094440564504,0.8063343940873864
2020-02-25,0.9614238875977026,0.8390603074112228,0.9972759623401175,1.051464016047308,1.0492410229600098,1.0922846332226241,0.9898016711098373,0.9623851643418532,0.9004785400941311,0.7754317459199015
2020-02-26,0.9766758482408664,0.8168151182577095,0.9905880328671463,1.047463259213601,1.0623511791251348,1.1156267597643907,0.9794497405504147,0.9588451797261007,0.8991452583809816,0.7584065821363201
2020-02-27,0.9128322124007682,0.7842392446192664,0.959149571172264,0.9989090304644158,0.9874986696382358,1.0535246619073586,0.9251625954029283,0.9157816533366748,0.8681024813021625,0.7127675003344807
2020-02-28,0.912298193903667,0.7776575509499536,0.9271597572974225,0.9727224658852305,1.0114090015970378,1.1263872930049337,0.922961974450017,0.9119340456036583,0.8716580935569962,0.7359448647090092
2020-03-02,0.9972338200464196,0.8047344417425022,0.9653547233619212,1.0169121404458914,1.0787071667480217,1.1529129964889262,0.9745589988194757,0.951426773537445,0.9337091889096988,0.7708534930999117
2020-03-03,0.9655625045815581,0.7864055866539746,0.934812177675304,1.0194578768718767,1.0270161676516123,1.1089537771684832,0.9632288758808976,0.9241851748948204,0.8936750542857365,0.7339416584550632
2020-03-04,1.010349812175896,0.8208976241693191,0.9892094021439032,1.0714676312042979,1.064722966672064,1.1866126819690823,1.0148260470269157,0.963031224416268,0.9894701821722152,0.7499656513961459
2020-03-05,0.9775766023323624,0.8097334866309065,0.9790745204528062,1.0318241137393627,1.03800377496118,1.1398170512659265,0.9914319183534837,0.9310188395198724,0.9673847119751167,0.7169167828611313
2020-03-06,0.9645944576199946,0.7941537464430152,0.9792125462028052,1.004909954450543,1.008662250518854,1.1095791868890068,0.9916765948777619,0.9156279963625235,0.9704956248978915,0.6822941826973964
2020-03-09,0.8883028010393479,0.6720980567850873,0.9406727034683185,0.94308062924013,0.9403024089422022,1.02366258705824,0.9460298188322248,0.8441224197788985,0.9348375835830088,0.5988851815692058
2020-03-10,0.952279440498811,0.7080066967421537,0.9765236719479549,0.9758137715847816,1.004604182325741,1.0888923731596403,0.9826286272707614,0.8878014500436542,0.9572647848388719,0.6210607266745243
2020-03-11,0.9192065769815139,0.6917600937055263,0.908682701888468,0.9494456886041683,0.959093800278002,1.0279581811818832,0.9095937855979019,0.8445223813595021,0.9496752767811673,0.6006018912878037
2020-03-12,0.8284304992803987,0.6353563821326612,0.8646275228726367,0.8576106448880642,0.8681352453558946,0.902169273033559,0.8301195627174033,0.763720815480543,0.8561025377423032,0.5319289995806121
2020-03-13,0.9276832636409134,0.695009439414339,0.925849638902488,0.8891634105887932,0.9915566373318762,1.0044770125148301,0.929808880774428,0.8290087465960494,0.9340797814040693,0.5453774776474705
2020-03-16,0.8083397277381105,0.5807019932170763,0.8764858493886284,0.8302769989397062,0.845410706671085,0.8191303414783444,0.8844064877000506,0.7382954299056248,0.7727001021636511,0.49344361342557425
2020-03-17,0.8438825454635588,0.5889502583068564,0.9417068329315917,0.8654985827959263,0.9150186511945724,0.9061729506537973,0.9637992495901628,0.7781574601646095,0.838556767295317,0.5266354600504664
2020-03-18,0.8232242672012126,0.45864621988752374,0.9304689340388949,0.8227558160887333,0.8765005199340206,0.8459062248415903,0.9573599417708031,0.7387572252786434,0.7452999880939288,0.4738431509100057
2020-03-19,0.816916773591662,0.4781418339464652,0.875934246935324,0.767355098584013,0.8909214907167136,0.8882390750588406,0.9033990075262613,0.7403270822117368,0.7547080581244823,0.49258516850700973
2020-03-20,0.7650542746530015,0.49480478698752284,0.8265703948531279,0.7025986623919142,0.8574595884084316,0.8581265005095942,0.8349286966813965,0.7084231640928692,0.7093498923730828,0.4684065972662762
2020-03-23,0.7488014644109844,0.4517311784654675,0.7662443199682146,0.6890236971935042,0.8489069828138873,0.8870711691795655,0.796373430096269,0.6903101912807755,0.6690737298315412,0.4499507519912644
2020-03-24,0.8239250939647894,0.5544579279408255,0.8216752984900689,0.723694937199957,0.9260688696754005,1.0392605709394278,0.8417758231706465,0.7528544539705125,0.7547080581244823,0.507035033558604
2020-03-25,0.8193864641130183,0.577119425262957,0.8231921426683199,0.7633192718543128,0.9172041127198068,1.0244132066512182,0.8226204547519422,0.7641248477858141,0.8051478772501569,0.5335028032567448
2020-03-26,0.8625048452448569,0.6363560907043921,0.8726248199205061,0.8124825337129447,0.9745761459879462,1.0728769430817182,0.8752771324909433,0.8087418966815038,0.876910116860244,0.5553923561586022
2020-03-27,0.8267952719902921,0.5730369611871599,0.8491150803768482,0.785332772327672,0.9345590650976294,1.0540669981556725,0.8980191329116048,0.7846530485296334,0.832479248627799,0.5286383420910568
2020-03-30,0.8503904410372596,0.5994477003397822,0.9170248756063254,0.8255074085789079,1.0002966744423116,1.1077023980409049,0.9373893763419962,0.8101351666090922,0.8627982158851707,0.5365071443294833
2020-03-31,0.8486549600277189,0.603696712784514,0.9040634067520612,0.81174885458762,0.9845648890420509,1.0994026465657112,0.8966333420273979,0.7980597998728695,0.8562741904017475,0.5432315454695904
2020-04-01,0.8040011306889768,0.5712040924126321,0.888068437246304,0.772674906035918,0.949604338602421,1.013777723372693,0.8911721531989142,0.7621432293233977,0.8148649104065239,0.5369364028124717
2020-04-02,0.8174173038658068,0.6341899160129334,0.917989992194599,0.8062456696072707,0.9692694723506363,1.0654948376513278,0.9324987813876164,0.7797299450338805,0.8255778088561342,0.5779973038417338
2020-04-03,0.805669898939399,0.6257752280616558,0.9250222977908676,0.8040442942082028,0.9603424057221996,1.017281041234425,0.9380414312064869,0.7684597058030599,0.7879796960092038,0.5609719239159152
2020-04-06,0.8759545593820026,0.6697652082172565,0.9635621405253542,0.8561429486143212,1.0317609487391395,1.1194220740847463,0.9602943721317106,0.8200740212328994,0.8527032436871875,0.5789986908264695
2020-04-07,0.8658091572095398,0.6741808527025476,0.9478429722462494,0.8532077250783816,1.020648521084941,1.0803426017156308,0.9192122003024473,0.8209101171626694,0.8516730945067997,0.5900147401800999
2020-04-08,0.8879688680822428,0.7163378804119958,0.9876926205339887,0.8772394769396846,1.0308866033298902,1.1133746611197997,0.9382045733520991,0.8484669650902891,0.9196244584982466,0.627355725236818
2020-04-09,0.8943766681485864,0.7024245443013223,0.9736970222164513,0.8988857153215141,1.0309493150006226,1.096691684921109,0.9346179413501415,0.8613784277562818,0.9069200043799414,0.6170548905459313
2020-04-13,0.9119311418851178,0.7074231708316031,0.9636311534003537,0.8609127079866664,1.0332588933741813,1.1254698068705677,0.9451330874434558,0.8535138392271924,0.9047913131626686,0.6117613510157857
2020-04-14,0.9579861501147827,0.7049239830738997,1.006790228702911,0.8974182725650912,1.084388200919752,1.1842770301209695,0.9859705093601613,0.8786863245911336,0.9287920165654144,0.6070400120347997
2020-04-15,0.9492428233683455,0.687261363296923,1.0180280650272713,0.8733868587268823,1.0730263335752366,1.1713058150391127,0.9880901096523638,0.8600158686122594,0.9671799415471384,0.5791414887978161
2020-04-16,0.9567851095012153,0.6664325674060699,1.0318857627314826,0.8640308865221831,1.105239529939849,1.229111998951627,0.9903724117605007,0.8641648130269779,1.0246931446335745,0.5601134789973508
2020-04-17,0.9438027538394115,0.7262522148924949,1.0480875205888927,0.8816419742205003,1.1149786323046922,1.2191857984180219,1.016374686503616,0.8875107281629834,0.9976704448520936,0.618342377805247
2020-04-20,0.9242125125712678,0.6962590751290028,1.045674510129031,0.8535745646410441,1.0928784968414533,1.1972062687130192,0.9830360789992535,0.871874198737106,0.9687598573463782,0.5891564753800663
2020-04-21,0.8956447906827851,0.6801795224910582,1.0319547130381457,0.8324782053272276,1.0476802661547635,1.1240518810224769,0.975537044422072,0.845401709415802,0.9414623034084364,0.5860087599566823
2020-04-22,0.9214425355278401,0.7035077571544885,1.0547751372201821,0.8379816438248974,1.083264516319658,1.1934525311063777,0.9732546689256553,0.8641648130269779,0.9511790450351508,0.6027478955130962
2020-04-23,0.9178716889508375,0.7231695848958659,1.0721489877225276,0.8267917273242071,1.0701544606540052,1.1845272899554415,0.9797453485407545,0.8641030307627232,0.9797121016407639,0.621632927223684
2020-04-24,0.9443702078221103,0.7249194095828942,1.0676673429261017,0.8333956000040905,1.0896946735581174,1.2077998554569556,0.9746580729969728,0.8761473260182576,1.0001769001931908,0.6256388353996892
2020-04-27,0.9450379682616025,0.7474142748644664,1.0637379262663436,0.8581609464849448,1.0865733609465693,1.2390383593956698,0.9637446487101198,0.8887799698086196,1.0094132592583696,0.6286433565909586
2020-04-28,0.9297192421219613,0.7490808462849337,1.043744026679138,0.8574271828538467,1.06010350842653,1.215182040842565,0.959149441581241,0.8846930652989574,0.9901169115535183,0.6433794299882513
2020-04-29,0.9602559660455785,0.7883217505308754,1.0358154922329228,0.8643980641079394,1.1076743306559278,1.2447941756780865,0.9607085755819283,0.9078532214169166,0.9876784409274048,0.6790036332789592
2020-04-30,0.9805137568037782,0.7664934970831652,1.034436548667998,0.8418340085203796,1.1187864568117094,1.2190192516975096,0.9671909623214294,0.8994003358811598,1.0042284626930085,0.6648396163360015
2020-05-01,0.9647283050371029,0.745165014249696,1.022371371232017,0.8365142010684745,1.0898194939027481,1.1793972831696427,0.958574884740037,0.8755901004922788,0.9768972079272276,0.6171979046595152
2020-05-04,0.978377682815373,0.761827632604255,1.0222335331870274,0.8280755390348652,1.1164768784381507,1.2148901243391603,0.949959100711763,0.8780051223113631,0.9873009683332328,0.6420919427289357
2020-05-05,0.9930620840011197,0.773908392791087,1.0307136075182108,0.8328453829129838,1.1284627470063477,1.22510824137617,0.9519284018072888,0.8861174067072346,1.0061857927804898,0.6413762957817178
2020-05-06,1.0033078981050936,0.750247145061412,1.020923477360429,0.8209211957465545,1.1395752751600188,1.241999500919525,0.9280502040414335,0.8801108721120522,0.9915244167162172,0.629358715348527
2020-05-07,1.0136868213031502,0.7718253876945647,1.0175454128806298,0.8181697722679268,1.146192863914369,1.2715284023723992,0.9204192173374817,0.8907307229029888,0.9785793340226651,0.6329354370889563
2020-05-08,1.0378142685143723,0.7954034658293032,1.025198146100193,0.8458700887674002,1.152934971514933,1.303351139094016,0.951436186615827,0.9054689103813984,0.9854466065190463,0.6606906940464128
2020-05-11,1.054144708148818,0.7779075617645106,1.0280246081266877,0.8354135978747143,1.165795587490269,1.3455586994835929,0.9461843745491204,0.9056545148149638,0.9912495625597565,0.6543957675315313
2020-05-12,1.0420978077607237,0.7589951807654329,1.0144428993541377,0.8222055989976269,1.1393879441436003,1.3016830333666716,0.9399484256526089,0.8876034788516057,0.9878499769749883,0.6434574573358642
2020-05-13,1.0295152012800406,0.7389993358983147,1.0143738864791385,0.8060620385615062,1.1221578121104085,1.297929375715249,0.9347788818473647,0.8719055278585962,0.9545440552031225,0.6115181189515749
2020-05-14,1.0358398872686208,0.7502471450614119,1.017890414687291,0.8016595412806905,1.1270272125436214,1.3397198097289666,0.9338760592313867,0.8823397742159675,0.9978422141233994,0.6169141819495442
2020-05-15,1.0297161306177807,0.742831998338616,1.0371942480928387,0.7935877188097437,1.1434460123367132,1.4165026451984772,0.9404407142323503,0.8863956587731016,0.9990440159632313,0.6125390307850671
2020-05-18,1.0539772142966755,0.7823954566977167,1.037746351092834,0.8249571914878017,1.154371008475021,1.459795197905557,0.9535695105163201,0.9133953842310631,1.0072845097351668,0.661250214250993
2020-05-19,1.047886998606151,0.7576263129855934,1.0274043056400661,0.8170690000626194,1.1463800944313152,1.4690124355151166,0.9226345159463191,0.9040135490205935,0.9924856482867331,0.6408322657708007
2020-05-20,1.0682665071888926,0.7861998381288747,1.0181658405039251,0.8418340085203798,1.1622813219419201,1.496455625133475,0.9295273633337768,0.9193710019300382,0.9888460754919538,0.661687830233818
2020-05-21,1.0603022167094098,0.7780842762358443,1.0114784115776447,0.8286260096432925,1.1483210407403766,1.463965981932839,0.9159059115286673,0.91302376313865,0.9851377016991635,0.649874504214738
2020-05-22,1.0671290678302632,0.7632053695763109,1.0022449519084122,0.8260578791873356,1.1488215281125675,1.505839809239641,0.923947358880576,0.9147576857342843,0.9955415787170298,0.6504579441602298
2020-05-26,1.0599006744580834,0.7887359250730639,1.0035642678487908,0.8455031646989644,1.13667717187651,1.454372475064166,0.919270250431633,0.9260279249651049,1.0125377574629553,0.6695634049290088
2020-05-27,1.0645183576109758,0.7938081826330671,1.0058552074844243,0.8572436363138554,1.1381795384883342,1.4222583015704564,0.9345328109457733,0.9398061428162734,1.0430283773797717,0.6743762441237232
2020-05-28,1.0649871927323693,0.7681932024670074,1.0202949784217448,0.8638477625110591,1.1356123799672,1.4158772354779534,0.9523388624552457,0.9380724263332806,1.0437148714056879,0.6568750630865157
2020-05-29,1.0639498488810972,0.7752099885846799,1.0326520997151574,0.8563264951543126,1.1471938386587512,1.480690215024369,0.9511899689376765,0.9422522876442064,1.0467366345607012,0.6631463580501351
2020-06-01,1.0770338821710277,0.7844246609395669,1.0218223340805033,0.8620131421688798,1.1445644709642464,1.469137165656259,0.9621033932245294,0.9460605278627188,1.0504452415772134,0.6749596120218025
2020-06-02,1.0820203049379566,0.800486433357266,1.0291808709825259,0.8603621528724655,1.1575861875937232,1.472306750435216,0.9687499495455573,0.9538943540800818,1.0517498950784787,0.6899812813617884
2020-06-03,1.0879766732113725,0.8215363733521603,1.0319577163182911,0.8787068351903338,1.160403087303591,1.4630065193086654,0.9726064302517051,0.9665889347191792,1.0484533943788659,0.7181289805745049
2020-06-04,1.078606932114889,0.8139279451763431,1.018628658487942,0.8790735902472228,1.145128072005059,1.463173625715709,0.9522566675820626,0.9640500392026239,1.0234911095700212,0.7160871569075207
2020-06-05,1.1093265491994728,0.8522236947498479,1.0225856052156963,0.9005368736294751,1.1719220353233546,1.4887931967063885,0.9709653949309535,0.988758101257369,1.0707719716861743,0.7741326590271915
2020-06-08,1.115885283587237,0.8727662500126551,1.018906712174703,0.9144789741607544,1.1791839261947967,1.469599786551548,0.976873518382369,1.0007097488806016,1.0626344461875332,0.798342462821194
2020-06-09,1.151122910216228,0.8583103034159022,1.0132833203764737,0.8988857153215138,1.1881987288625753,1.5098234980552092,0.9710473696392975,0.9932474406993314,1.061707498504162,0.7805494897638282
2020-06-10,1.1807387343772162,0.8249177947205378,1.026057209358346,0.8919147495616477,1.2322710639607797,1.5633583142753407,0.9783505308981532,0.9877055870541468,1.049826848878142,0.738692753017364
2020-06-11,1.1240507143538958,0.7555127677460611,0.9779472893050378,0.8354135978747139,1.1661001008914214,1.468138524974932,0.9539801179408358,0.9307653209709713,0.974218808397034,0.6735011562528981
2020-06-12,1.1337551267305102,0.7810429885563154,0.9868333070024919,0.8441138052772339,1.1753026365735078,1.4908798680035285,0.9487285260389683,0.9419115834480001,0.9790945252247202,0.6879393856473921
2020-06-15,1.1477767247885098,0.771236674143284,0.9805854832074405,0.8570715825590568,1.182814771131045,1.5311453161313415,0.9575081127073711,0.9507051731799628,0.9829746682888159,0.6875019858068042
2020-06-16,1.1781954225027145,0.7949071257516744,1.0028698218835885,0.8657720434788969,1.2117999244444977,1.5135785149453498,0.9693241394453631,0.9690041626509046,1.0060485406200512,0.7029612711296153
2020-06-17,1.17655539611294,0.7738571857567801,0.9998154859760897,0.8622548286810233,1.215994370421559,1.5415354967989527,0.9676832509011708,0.9649790919336574,1.0046750861207752,0.6800639550470261
2020-06-18,1.1770240202848976,0.7772388581400317,0.9955807358349197,0.869844376702739,1.2290156850531468,1.5385309395913536,0.9787606979929913,0.9653504038571088,1.000829110331963,0.6842933542962488
2020-06-19,1.1702976865702732,0.7661643329116563,0.99849635774072,0.8518886744601839,1.2216912835099172,1.5457497764651968,0.9758065261848643,0.9598335928978523,1.0043121900092329,0.6705841726676761
2020-06-22,1.200917102672782,0.7742797274614373,0.9954415838548667,0.8467054283382174,1.2556219153571346,1.590062557762648,0.9662062383853868,0.9659908988902063,1.0092435890005635,0.677001435688787
2020-06-23,1.2265506233819519,0.7730116839893426,0.9917623154038552,0.8448544138759836,1.264010405313368,1.5772529321777462,0.9660421421921394,0.9704380882970057,1.0262440823853476,0.6810850830227555
2020-06-24,1.2048996170740363,0.740887720795821,0.9706583283930418,0.8265283228282801,1.2385313770910058,1.5414518636402128,0.9552927407102542,0.9456836508979495,0.9972087784942546,0.6489997045335624
2020-06-25,1.2208950690041973,0.7541599649181613,0.9696167532977423,0.8317113999386999,1.2541818584181534,1.5839291929376196,0.9673550585146765,0.9558217133896534,1.0214852689483493,0.658770990743421
2020-06-26,1.1833823527085117,0.7309121386860526,0.9567042754508438,0.8065360314449367,1.229078296224407,1.5280157089617248,0.9455281365526905,0.9331197456734887,0.9892773061540633,0.6361652505387531
2020-06-29,1.21065516148443,0.7411411621469906,0.9652430388815283,0.821159924556626,1.2422874443697745,1.5355268621150666,0.9654677321274949,0.9468342747184698,0.9992083220754305,0.6463744409210864
2020-06-30,1.2207612215870887,0.7543292326148983,0.9762813447812533,0.8270835257600221,1.2740270872207797,1.5852225485550049,0.9811404597364739,0.9589626639316884,1.0171056772834386,0.6522080478544683
2020-07-01,1.2184522745359243,0.7407186204423336,0.9745456365624329,0.829675233326779,1.2814766106070574,1.5906052937870558,0.9845046518628803,0.9656801840833212,1.02669257160289,0.6374779543924035
2020-07-02,1.2184522745359243,0.7465516204139689,0.9786417978385766,0.8307857236960362,1.2912427473299564,1.6043332850137297,0.991889567665241,0.9709979932873224,1.0285199960771776,0.6428742335326099
2020-07-06,1.2510461773589023,0.7487496739944326,0.9925954753707563,0.837264865854268,1.3190380873905232,1.6422203852066537,0.9980436886299678,0.9859874320755778,1.0442101219795057,0.6473951366123414
2020-07-07,1.247164180363877,0.7296440952139582,0.9916930522555103,0.8368945615548931,1.3037004609207312,1.6476453467941679,1.0028852602135563,0.9758184526876664,1.0229682219851381,0.6306232915307047
2020-07-08,1.2762107574719608,0.7299822122493085,0.9946086741613105,0.8343031075054569,1.3323728598763007,1.7051022863114829,1.0083827762404558,0.9832819975447851,1.0288649339621208,0.6291649798566248
2020-07-09,1.2816991344217268,0.6994643258916071,0.9891938226281516,0.8128298524419342,1.3417006179009072,1.7540049768925425,1.0050185107257699,0.9776842873737858,1.004036519569745,0.6032048922498532
2020-07-10,1.2839407886028236,0.7205140148716273,0.9883606000929138,0.8357839866798623,1.3376312937668937,1.7490395979020072,1.0165883931738913,0.9876670439902075,1.0042777895102275,0.622018741117005
2020-07-13,1.2780178558150057,0.7219511586972094,1.0080764459933582,0.8376347476247754,1.2963137497046586,1.6777713538201526,1.0179013094964282,0.9791148121613041,1.0335199628427976,0.6221644930322593
2020-07-14,1.2991673298389554,0.746889737449319,1.0268899939152292,0.8491119837552865,1.3043266731328043,1.7319739560267084,1.026435118816358,0.9918032094211603,1.063900617774657,0.642728409569943
2020-07-15,1.3081020931985152,0.7514549449637337,1.0292503218358802,0.8589229350443842,1.3023860283221598,1.7069802744878648,1.0215938407858882,1.0009150370714184,1.04855519653355,0.6508955601430549
2020-07-16,1.2920057019632534,0.746974329461875,1.0361230156061074,0.8542948918541593,1.2765936427450801,1.691541081670978,1.023727238074661,0.9976183684288186,1.0591766712841084,0.645790928928182
2020-07-17,1.28939530816812,0.7370833393646629,1.0368171487296285,0.8666975507100138,1.270082884929814,1.7026818819315674,1.03086615636371,1.0005107471253458,1.0570383595883004,0.6347071550069101
2020-07-20,1.3165681269113994,0.7208520482353528,1.0385528569484488,0.8537396889224175,1.3246724898070936,1.7542974530824775,1.0276659870422715,1.0085965460467996,1.0464516351723305,0.6198308773451167
2020-07-21,1.2983974698724647,0.7725892259563101,1.03952454321204,0.8737319803057609,1.3068307179853165,1.7238784901352453,1.026271022623111,1.0107423847562378,1.0521413610959751,0.6511872801158007
2020-07-22,1.3020448910947162,0.769630262620965,1.0413990905692316,0.8974261316020243,1.3256116573759944,1.7422805035355797,1.0350508294563525,1.0164952977461985,1.0576590845245923,0.6360196427183235
2020-07-23,1.2427806510848862,0.7693769049414202,1.0386222452334666,0.8937241026775572,1.2679543061059173,1.6907071487401337,1.0417476567489254,1.004367217701942,1.0447616960822037,0.637332202477149
2020-07-24,1.2397016331177955,0.7619375771190905,1.028278322730608,0.8976113682574854,1.2601918273628119,1.7015140560075115,1.0400962002924667,0.9978984755084583,1.0372443124605495,0.6333943791058474
2020-07-27,1.2690826705565739,0.769630262620965,1.0217528832271503,0.8974261316020243,1.2761555655452046,1.7394013161108726,1.0430690127236193,1.0051756945377668,1.0296924117280288,0.642728409569943
2020-07-28,1.2482350651754648,0.7533146304939728,1.0193232921581548,0.8918729192037768,1.2646993291961734,1.7050188130631796,1.055950343728685,0.9988003213708295,1.0342787562225555,0.6351446268949105
2020-07-29,1.2721620049478188,0.7614302760586279,1.0173097179575827,0.888911076349192,1.2774700986432486,1.7467447232154216,1.059500795308786,1.0110845317409334,1.0575555331919928,0.642144897577039
2020-07-30,1.2875550907636315,0.7293058945069828,1.0193927430115086,0.882802238490335,1.2764682194036157,1.7715303612752569,1.085181335834014,1.0074769421788075,1.0525550999789293,0.6106429590333374
2020-07-31,1.4223476668201323,0.7096086736683639,1.011894741287751,0.87447233538719,1.2834173559171744,1.7716554112372742,1.0827038209020676,1.0154381460085453,1.0441065706469064,0.6137057665812261
2020-08-03,1.458187026715164,0.7169634094781374,1.0229328594824667,0.8570715825590566,1.3555980869322461,1.8376665996908452,1.0841077386913427,1.0224977100885533,1.046968692164162,0.6161850621362105
2020-08-04,1.46792519100153,0.7311655800372221,1.0220304363672206,0.8642910797987177,1.335252370757429,1.8739683478077598,1.1047512746443342,1.0264470344100924,1.0500379163466167,0.6339776749565144
2020-08-05,1.4732458631497176,0.737167931377219,1.030222008099472,0.8741020310878151,1.333061180762272,1.883815792450964,1.1018613909691608,1.0328227167459918,1.0775216994266321,0.6395198501067999
2020-08-06,1.5246463300862942,0.7394504096269893,1.024321376002854,0.878915141921954,1.3544088766761946,1.8919523553248299,1.0958334244571135,1.039726253556473,1.0830047891325219,0.6364569705114989
2020-08-07,1.4899823804483625,0.7337864263372168,1.0316102743465134,0.8848385741138031,1.3301815693816716,1.8692535484725719,1.1027696443178312,1.0404725874309206,1.0932463424398267,0.6335402751159265
2020-08-10,1.5116389769163303,0.7585559884074637,1.0276535778921045,0.8833577794451709,1.3037004609207317,1.8634951736231575,1.1073114247791411,1.0435826210767483,1.1003846209012544,0.6491453844014042
2020-08-11,1.4666829097732346,0.7576263129855935,1.0202949784217457,0.8872451295308724,1.2732131419943995,1.8109201398480745,1.1001272259215618,1.0349683493427886,1.0881428243416076,0.6558539351107866
2020-08-12,1.5154273123617952,0.7669253263381622,1.0389692492268905,0.8965008778882281,1.3095854085218144,1.9094360030833935,1.118541152551189,1.0493978831407273,1.1113161665903064,0.6557054453938617
2020-08-13,1.5422463689009902,0.7593167308190957,1.0274454756053883,0.8955751171397909,1.3065179636274336,1.9098946262177485,1.1211834975591786,1.0475010285020798,1.108729948736261,0.6396439157509266
2020-08-14,1.540872349749946,0.7637974299925789,1.0291112949925,0.8968710976818295,1.3077698855542177,1.930090195083538,1.115568560284875,1.0475321515109286,1.1162473323579152,0.6424693270750074
2020-08-17,1.5368490166328357,0.7673481190576934,1.034318419648961,0.8924282911470656,1.3164090211944364,2.059108174693518,1.1188712530329536,1.050859737049736,1.1052468690589914,0.6341410064403907
2020-08-18,1.5496553349903412,0.7514830586296277,1.0419544471227173,0.8963155567269935,1.3239842694205952,2.046381382715169,1.1272114640712259,1.0531299647382486,1.0924877822837908,0.6310179672557484
2020-08-19,1.55159965594147,0.7408491481768412,1.0440373470399709,0.8768788062984858,1.3159514470969287,2.0259769708181845,1.1211010091328772,1.048745227461788,1.0876255341260541,0.6240282154958283
2020-08-20,1.586029240756064,0.7272995326186715,1.0511877190869408,0.8765087555164314,1.3465757468040433,2.0263943370597,1.1300186391552591,1.0520106700392184,1.0804871390527653,0.6145098877508525
2020-08-21,1.6677610723403626,0.7296150611601924,1.0604898787894907,0.8752127749743928,1.3367856912067302,2.11694058391776,1.1348905934866134,1.0557425455240985,1.083280576183871,0.6098997179271762
2020-08-24,1.6877080291046938,0.7477954827865295,1.0632856823311714,0.887985569118075,1.340990388129969,2.1230744284741006,1.1437259552475332,1.0664405130061194,1.0650041158156365,0.6278948560236937
2020-08-25,1.6738625738257105,0.738619466722247,1.0626566202774597,0.8868747407257238,1.3584359910318313,2.128039807464636,1.148267295379165,1.070172182378358,1.07665993777358,0.6079665417580683
2020-08-26,1.6966256000852238,0.7270424933876407,1.0643337019651153,0.8915025303986281,1.387804750831158,2.131878297603079,1.1427350666960017,1.0809010667565864,1.0649351982057644,0.5950276190153011
2020-08-27,1.676343761091326,0.7281570831000638,1.0690858922479398,0.8927985109406666,1.4218802024179995,2.1077195084577034,1.1412490274218237,1.0832644573590042,1.0747628960182543,0.5910123086519797
2020-08-28,1.673627787103501,0.7343316306436616,1.0736984300040204,0.9224166859691938,1.4365018706469304,2.194426465625134,1.145872929368037,1.0902620845902766,1.0840735368389125,0.6051406981495132
2020-08-31,1.7303842602187862,0.7197531051167458,1.0720912997164094,0.9168632200536259,1.4152911555137904,2.232271989104343,1.1422397691967954,1.0863123480434547,1.0777978363135645,0.5939865339063414
2020-09-01,1.7993096679708616,0.7124638005174756,1.0588829987752253,0.9092734185145896,1.426210322682703,2.30748490385505,1.1410011952015213,1.0965439856743466,1.0787632659110775,0.5864021028045975
2020-09-02,1.7620308945996415,0.7134071144141695,1.075026004964798,0.94759188545141,1.4536964258669183,2.3952202450451563,1.160240813365238,1.1124042503724452,1.1043157233486227,0.5828326938765254
2020-09-03,1.6209614126018026,0.7056033129947139,1.0451157123170467,0.9344487870083529,1.363644677683622,2.1730031044212765,1.14166154294161,1.0741216097562178,1.0904876556433096,0.5816429749558157
2020-09-04,1.6220341959583144,0.7026020118172784,1.0384068850197328,0.9448150257349657,1.3445044526793732,2.107389613225426,1.1391845417276212,1.0653519290906555,1.0759011443938216,0.5811968213546231
2020-09-08,1.512879676023856,0.6772178816637234,1.0291124212225542,0.9220462971640455,1.271772482058585,1.988934517555408,1.1225047067573133,1.0362431560297425,1.0595210261097465,0.5678121412714314
2020-09-09,1.573223133347994,0.6863082598201413,1.0461636693826541,0.9290804732424723,1.3259296377064393,2.1228329637136842,1.1407532895929395,1.0567062251788848,1.0759697121681104,0.5643915462736401
2020-09-10,1.5218638015514274,0.6701858673103581,1.0266662495444243,0.9255635119619193,1.2887789022663754,2.0555084308380573,1.128780285324824,1.038358077842973,1.0503828542315596,0.5502630847286942
2020-09-11,1.501883409301499,0.6662410848929796,1.032746265061372,0.9451855835516612,1.2803698099183147,2.030924439839736,1.140670654390079,1.0388868598244412,1.0439077474238407,0.5487759540896603
2020-09-14,1.5469400993255418,0.6628109666390357,1.0367296156270678,0.9463050315329069,1.289029748949305,2.1490867394989426,1.1447167704107843,1.0525702658605733,1.0684575760802026,0.5452066172090007
2020-09-15,1.549353888246372,0.654749749466238,1.0405036751076566,0.9526498095113107,1.3101779534106577,2.168912275612676,1.1447167704107843,1.0578881781208953,1.0638179399651828,0.5394064402749654
2020-09-16,1.5036271173390416,0.6737019999944778,1.0370790597856097,0.9477979950329196,1.2867708223097996,2.0893585920397713,1.1370372740539987,1.0536899727848863,1.0613591788752492,0.562309484126839
2020-09-17,1.4796234974467208,0.6756743493673548,1.0284831714638332,0.9433191890386547,1.2733414798205622,2.0808435211606695,1.1355513815563798,1.0444221178651012,1.0560266350819563,0.5621604900780274
2020-09-18,1.4326893574427446,0.67070065698123,1.042530326090527,0.9414533015602895,1.2575274858519376,2.0350560458098634,1.134312734172826,1.0323979185921017,1.066553187777632,0.5530889643609556
2020-09-21,1.4761369251693792,0.6543210160613543,1.014017372098589,0.916074020635127,1.2710196405113794,2.089817534995001,1.1288627737511254,1.0209080663418877,1.0359783740971482,0.5417862383534463
2020-09-22,1.4993356674888418,0.6477179861277469,1.007797766623234,0.9267108468484123,1.3016436387200765,2.10993554729867,1.139184541727621,1.0313056246490928,1.0189079135957428,0.5284013421280175
2020-09-23,1.436444257402611,0.617016942583611,1.0094051471841905,0.899652267192721,1.2587823222634191,2.0241210502821585,1.1255597874499281,1.007388725968296,1.0115669637198352,0.5114472891404599
2020-09-24,1.4511948967112454,0.6157307842047721,1.011012527745147,0.9087961299059935,1.2750987130942089,2.0615602413400307,1.1305965718573259,1.0100734461786298,1.0133674508542234,0.5104062400552063
2020-09-25,1.5056384147360835,0.6159879907790525,1.0179309589692496,0.9091695609189869,1.3041538140404014,2.1493371592438515,1.13637692631391,1.0264033385301194,1.0474394542471621,0.5151652598328693
2020-09-28,1.5415761825429846,0.6339967600673492,1.0280638384735832,0.9196197138786623,1.314319938663164,2.1762585611050973,1.1395972040239666,1.043451121211546,1.0499672495588288,0.5251295250368005
2020-09-29,1.529909623987904,0.6165882928503519,1.027714707156723,0.9129015893930382,1.3006394479925802,2.2081053643475372,1.1334041872710368,1.037768492632297,1.053152852378597,0.5098113445711452
2020-09-30,1.5529744134155403,0.617445843331744,1.040433348297594,0.9212993506322851,1.3199050963382937,2.258984867755269,1.147689509453657,1.0456368427170917,1.0795378018920747,0.5105549459143683
2020-10-01,1.5661157194773303,0.6038962696093867,1.0295318167811407,0.9177535728829763,1.3332714256583815,2.2730093329328116,1.1497539217595798,1.052349828390614,1.0840391363399065,0.4927085857244254
2020-10-02,1.515561159778904,0.6104995087220557,1.0219840106616447,0.9211125928729016,1.293924977746906,2.1808081729584905,1.1405056775374758,1.0423583119869335,1.0802652266812143,0.49047781771846216
2020-10-05,1.562227077575073,0.6234487385373013,1.0358911373515765,0.9214859393801216,1.3202186546919554,2.277683994748222,1.1509925691431337,1.0608425967224786,1.101629219294086,0.5017805077022652
2020-10-06,1.5174389261829915,0.6200186202833574,1.0221239760300704,0.9132748513944849,1.2921676439737875,2.293377445160515,1.1528092226170341,1.0457618500340904,1.0888175405695586,0.4965752982997033
2020-10-07,1.5431856212645474,0.6327104761810732,1.0334452785151285,0.9248449593700468,1.3167673018132837,2.3313596920636694,1.161809634618836,1.0639651001831099,1.1190118497474835,0.4982112068453117
2020-10-08,1.54171024090953,0.6450594039250194,1.0405036751076568,0.9416396367908054,1.321473792601854,2.310448523990684,1.169654181216504,1.0733945474137392,1.1163802698794951,0.5243858516461651
2020-10-09,1.568529613872879,0.634597020302836,1.0550391755996005,0.9481712570343663,1.354294106278797,2.2977599506068644,1.1801408526573227,1.0829801249702162,1.1351817168461114,0.5166524264956095
2020-10-12,1.668163774813587,0.638970703468348,1.0611190659798753,0.9533962490084305,1.3893736480936627,2.375101753010174,1.1931049656418082,1.1004025173773564,1.1425574170566077,0.5150165899974134
2020-10-13,1.623911751412966,0.6294515082354216,1.0367996295954491,0.9371613378311814,1.3985356824884012,2.378816632380537,1.1907932348335404,1.093221140726291,1.1475783739572136,0.50891903736876
2020-10-14,1.6251183821865864,0.6255926147407818,1.0349828953810492,0.9352949433181752,1.385984906386251,2.3532723792058547,1.1893892436559859,1.086351715557959,1.1144413644660576,0.5078780603309188
2020-10-15,1.6186815765727998,0.6303950731469895,1.0286231368322594,0.9328690360789795,1.3784543804252776,2.3323613710433064,1.1876551519966665,1.0850093039246316,1.1238592881988687,0.5123396323665513
2020-10-16,1.5960194896183875,0.6250780342489716,1.0349828953810494,0.9336153910703258,1.3784543804252776,2.3058989121372906,1.1922790539428798,1.0843537626687132,1.1423149809975148,0.5071342068217523
2020-10-19,1.5552541439698262,0.6112713376239586,1.0085662934986812,0.9259644918570661,1.344316016168759,2.2535168902601033,1.1718010819487281,1.0678678430476967,1.1226472245152654,0.49702145190089586
2020-10-20,1.5757707696859333,0.6147016232211518,1.0101739869013193,0.9377209350631441,1.3470144270007527,2.2781846743276026,1.1765079126509201,1.0721452986943172,1.1198427092573615,0.5011856122182041
2020-10-21,1.567188713783278,0.6077553722830884,1.0058408793353997,0.9328690360789795,1.3479560065569893,2.2580246055789077,1.1828659062564526,1.0701162227962226,1.1176958848956977,0.49315473932561793
2020-10-22,1.5521697467921185,0.6294515082354217,1.0138775318668365,0.9457450962778504,1.3485208135914701,2.230685837476147,1.1744877534776128,1.075985795541206,1.1278759837522367,0.5184370409003799
2020-10-23,1.5426489658994968,0.6223337304667548,1.0149959408791795,0.9427595073009187,1.3569301069384756,2.2689605605692367,1.182210108589701,1.0796390390533985,1.144739108364721,0.5080266941426683
2020-10-26,1.5427832352154773,0.6083557580260126,1.0061204972305695,0.9293234273412179,1.318335897577372,2.1939975858321272,1.1732427213137315,1.0596872323112068,1.1186308787974804,0.49598040281564215
2020-10-27,1.563568083139392,0.5960925518615559,1.0003899884405003,0.9311896528426773,1.3382290646282984,2.236654334640255,1.182044177689463,1.0560341949116558,1.1098012619035935,0.48809819975851193
2020-10-28,1.4911557866858212,0.5735384889055193,0.9669153028072854,0.8949871259679402,1.271898005899522,2.108140872460153,1.1430186390084824,1.0199401613779535,1.0664836871084542,0.4695082022016397
2020-10-29,1.5464036549099278,0.5900037677332598,0.9587391854541136,0.8961065739491858,1.2846999301830186,2.1744227892841783,1.1422716197101535,1.0303062875073479,1.0515255338578462,0.4903290037881814
2020-10-30,1.4597772690380553,0.5960067466104417,0.9581800748004466,0.8968531824578525,1.2705802568183635,2.0926137289027165,1.1383691245526792,1.0195656547085608,1.0565810078693187,0.485123902456738
2020-11-02,1.4585703218402815,0.6187321690538322,0.9692216968219982,0.9073031664059809,1.2697016904312761,2.1004194370816798,1.1499936078808437,1.0309931578847564,1.0806804815183617,0.505498550442087
2020-11-03,1.4809645030110399,0.6152162037129619,0.9678938715878753,0.9209258351135183,1.295430861840262,2.1736705705868262,1.172578410606543,1.049196098864814,1.1127097949415414,0.4968728180891461
2020-11-04,1.541442229651159,0.6154734939588671,0.9741833658949387,0.9175668151235931,1.3579337951686108,2.303019085070834,1.1677623047559853,1.0726451218496713,1.2277029667340187,0.49419571636345927
2020-11-05,1.5961534425102146,0.6186463638027182,0.9766992386997677,0.9226051338440472,1.4012339928209228,2.3640828045028544,1.182210108589701,1.0935646274431563,1.227148943782239,0.49330340916107396
2020-11-06,1.5943401211588093,0.6101566642399109,0.9941004941334369,0.922792145120751,1.4039326046518612,2.4311986542577237,1.1892678594414818,1.0933148189218003,1.2031186209667901,0.4875033402981571
2020-11-09,1.5625044760833449,0.6809054156710094,1.0208661647643291,0.9810147639191791,1.3704848727691772,2.275722053592224,1.1457590307580543,1.10705294786422,1.2119133709142274,0.5492221797382651
2020-11-10,1.5578030460043812,0.7123779534305493,1.0362402686684367,1.0073267350662038,1.3241723039333202,2.1320155007583352,1.164606902285119,1.105429501644367,1.2246907657516104,0.5614066940259516
2020-11-11,1.6050865182742868,0.7071468871268948,1.0328862929981344,0.9998625091065542,1.3589376843976901,2.240202427424448,1.179635941293485,1.113641441502347,1.217799821047439,0.5556190173179649
2020-11-12,1.6013248679324696,0.6917964908622639,1.036380484310208,0.9892255983874954,1.3519721664701418,2.2466720838992496,1.1803000318358348,1.1028380474042587,1.2271836941168277,0.5365805966664098
2020-11-13,1.6019969528353986,0.7120351507842168,1.04756182142684,0.9974365173615852,1.3586867372152882,2.2200007819620384,1.1979860201198362,1.1181059443710226,1.2315464936737492,0.5495266881267094
2020-11-16,1.615967079231027,0.7628884214620063,1.0542007598924454,1.0049008278270082,1.363204992492189,2.256438453950711,1.182625045922715,1.1320630679949117,1.2355286721162508,0.581206763897532
2020-11-17,1.6037429813167365,0.7574064239559227,1.0437181859562246,1.0017287346080135,1.3458224027594765,2.2409119500350236,1.1780581666697725,1.1259741913994967,1.2191851699565406,0.5889743755452642
2020-11-18,1.5854745492142406,0.7333894044780889,1.0298808229613285,0.9817612034162987,1.328079321419525,2.2419969423525266,1.1599573144410364,1.1124236249607358,1.1929037717756625,0.5667374820683
2020-11-19,1.5936682472053163,0.7460070018088971,1.0282736926737177,0.9914650013846278,1.3365105236514976,2.2439173067948093,1.15854583765896,1.1171069163982397,1.1668996766003266,0.5696313384341463
2020-11-20,1.576206063847012,0.7465292800901783,1.0228227392104818,0.9828808204090914,1.3237380457133932,2.1850653086219465,1.1566359810699327,1.1094573548822728,1.1589356695509063,0.5626251238404962
2020-11-23,1.5293255049997663,0.7921267176634067,1.0124079267825334,0.9830674091569279,1.3219763904629642,2.1937889027113693,1.1521523241260878,1.1161077853691357,1.160182133733515,0.5994835713527675
2020-11-24,1.547056543414186,0.8320680370795829,1.0124079267825334,0.9931445536324771,1.345570752080768,2.163361624421394,1.1484157598688516,1.1340924530619685,1.1634717543333268,0.6393883635791976
2020-11-25,1.558609083799137,0.8017856863453686,1.01107084143463,0.987732719393256,1.3456334637515008,2.209607722906554,1.1514877932540606,1.1323442056377582,1.1537071435376571,0.6215683727421875
2020-11-27,1.5661311187861555,0.7945631517025967,1.0133228635650506,0.9834406711583746,1.3541907928212447,2.2140321248874923,1.1509067782442493,1.1354977290509176,1.1701545468655499,0.6121251184009167
2020-11-30,1.5991759260284715,0.7586246828113302,1.0181078396561252,0.9704637110659726,1.3468921191429308,2.2374476503200076,1.1530653477129345,1.1304702295023044,1.1646144339596138,0.5807497671607754
2020-12-01,1.6484743873105485,0.7609741820324729,1.037600379164119,0.9787390234394517,1.3603564354485382,2.2355276056985995,1.1572172896328627,1.142835029915189,1.1814079412910599,0.586385027567862
2020-12-02,1.653310192180211,0.7820326565330852,1.04245630774862,0.9800551163555777,1.355071168198834,2.2613221187077532,1.1488307705901453,1.1452395399895627,1.2034648415822047,0.6083173406089696
2020-12-03,1.651429367009302,0.7814233597621322,1.0485075418308443,0.9926561947675553,1.3479618355263852,2.23718987469498,1.1403616897328472,1.144927176281547,1.2073427690209406,0.6124299510027166
2020-12-04,1.6421610925915093,0.8117057104963465,1.0574446778591,1.0127800616402018,1.3487164860640923,2.2642866983060115,1.1414413781027275,1.1547936853682288,1.215891584553454,0.6348190446383435
2020-12-07,1.662310349864914,0.7897772184422642,1.0482963736956465,0.9966060791256294,1.3482760973763532,2.2723863218688467,1.143184643297,1.152420607471666,1.2088370334082497,0.6229390027153952
2020-12-08,1.670772586487951,0.7965646606366763,1.066452015560746,1.0001792367455447,1.3590981820549974,2.22950825701541,1.1462570436236075,1.155792713341012,1.2088370334082497,0.6433484496009261
2020-12-09,1.6358474814483162,0.7869926267727617,1.0773590530907982,1.0030005464988379,1.3326095361336325,2.1594911521954776,1.1326397015621572,1.1454262780426556,1.1968481679751888,0.6518775663738591
2020-12-10,1.655459239558926,0.8123148399240502,1.0713778955452913,0.9977342312015434,1.3245561114181392,2.1664221502820693,1.125166793212523,1.1450518744295834,1.1803064256517184,0.6703067180825822
2020-12-11,1.6443102454449425,0.8044831758535745,1.0763036503931642,1.003376597190809,1.3417956904017299,2.1732690354786084,1.133470089946143,1.1437090505709735,1.1713413057753084,0.667108245257173
2020-12-14,1.6358474814483157,0.7782909451488159,1.0490003300479749,1.0018721409056033,1.347709983848732,2.2226191554634074,1.1279902604946335,1.1385885942210965,1.1680747743239817,0.6430437610939508
2020-12-15,1.717787836550049,0.7776817320494875,1.0595557335277128,1.012592205305763,1.3472695951609932,2.2312618348715247,1.1346324135188837,1.1539813954485385,1.1803765093802008,0.6555330359360246
2020-12-16,1.7168471075404408,0.7717644747517949,1.053222441385201,0.9979223410533024,1.37967253452936,2.211555272123189,1.1397804545581967,1.155792713341012,1.1792296317269164,0.6655852350067716
2020-12-17,1.7288026668227698,0.7693279570409802,1.0810181745375032,1.0018721409056033,1.380553211405366,2.228046355797045,1.1479176736150194,1.1622555813242161,1.187326576297917,0.6622344539515811
2020-12-18,1.7013997022448717,0.7587117013010022,1.0872811398699522,1.0107114448112657,1.3753309573248111,2.2164813131461334,1.15447704465985,1.1576149552034787,1.1758931331589684,0.6508114808128017
2020-12-21,1.7224890556795767,0.749139834780337,1.07679618833695,0.9932205243228325,1.400498336683486,2.226543517506715,1.1418565356005805,1.1534756980829053,1.1679007894273166,0.6389312947950286
2020-12-22,1.7715187673802564,0.7340855523954648,1.074685007531664,0.9922800595698102,1.4089920495872463,2.217525048570797,1.133802245299737,1.1515316436493812,1.1641828534619214,0.6281176266227871
2020-12-23,1.7591608220488575,0.7456591788650836,1.0691963879299429,0.9982984762510472,1.3906201430489413,2.1726009296713102,1.1320585397757863,1.152566638278086,1.1731482065620535,0.6361898907537884
2020-12-24,1.772727507648236,0.742526345893644,1.0729258361867107,1.005069247833547,1.4015050398977906,2.170012619332165,1.1435169454271537,1.157050721847693,1.184268546854122,0.6336007228949172
2020-12-28,1.8361306810660756,0.7387845508377501,1.077992369791382,1.0186105374812262,1.415409945890082,2.1543557884100277,1.1514877932540604,1.1669908131473488,1.2021996028899695,0.6357330381118567
2020-12-29,1.8116829071363671,0.7362610146372635,1.0846777965308991,1.018046376937496,1.410313517148881,2.1615786230448055,1.1493293705619347,1.1647641782824885,1.2070649995679539,0.628574479264719
2020-12-30,1.796235290891362,0.742526345893644,1.09811822599996,1.023876852778521,1.394772781245515,2.1953971219799224,1.1439321029250065,1.16642616756628,1.1988639206050486,0.6336007228949171
2020-12-31,1.7823995392864322,0.7348686351308876,1.107477322888593,1.0313998102507367,1.3994287207995042,2.180241610278916,1.155307506432115,1.1723529365692473,1.2186369775978132,0.6278130101632243
2021-01-04,1.7383396908219595,0.737131199533983,1.1012846843662067,0.9922800595698102,1.3696684150559897,2.190011338449562,1.1443476273642577,1.1563922950147951,1.2145364381163606,0.6320775685496909
2021-01-05,1.7598320631540427,0.7570583499972352,1.1142329513015001,0.9813719698236648,1.3709897821181516,2.2386516160029095,1.1516543846488152,1.164356590534154,1.1982033144122828,0.6625390704111438
2021-01-06,1.700593664450116,0.7814233597621323,1.1247179028345027,0.9501513963184726,1.3354408072680444,2.1066762527643523,1.1637765872894135,1.171318148053184,1.2484877482331276,0.6794451398220532
2021-01-07,1.7586237447849349,0.7850783036716036,1.1285184287213696,0.9396194417700718,1.3734434767350283,2.228506098304462,1.152899930530654,1.1887207536467514,1.26850382434429,0.6847759999118143
2021-01-08,1.7738029278726968,0.792561726440142,1.1261953915291862,0.9606837733957407,1.3818115652983791,2.217275108557199,1.1524012571705846,1.1954937180989165,1.2628050026954847,0.6923914114008838
2021-01-11,1.7325633678921253,0.7970866042314587,1.1214808673848473,0.9441332331545562,1.3684097596645597,2.2748491025146635,1.1445964136321953,1.1874351260461253,1.2536307977522378,0.713409875063303
2021-01-12,1.730145781881448,0.8122279051060028,1.1127550871967982,0.9424404135002711,1.3523028097341,2.2520118132236493,1.1379538202782673,1.1876858620743678,1.241885184661297,0.7292500030079797
2021-01-13,1.758220620412839,0.8114447386989553,1.1110663677985804,0.9433807937475198,1.3611743001543397,2.259861017041575,1.139697305637379,1.1908841119307072,1.2337878902547132,0.7374745753687624
2021-01-14,1.7316236936296967,0.8309368803854724,1.1304880799498205,0.9258899577648602,1.3402855853305369,2.2044987443432684,1.12757517638506,1.1867139379139262,1.2181157225789847,0.76626068670262
2021-01-15,1.7078475827040454,0.8013506775686338,1.128025390230893,0.9159219102428694,1.3379578165524868,2.1475922165513537,1.119105655198084,1.1780596803275385,1.2207914983423056,0.7294022391903487
2021-01-19,1.7171160680712738,0.8224091520692459,1.145476575196973,0.9123485836114072,1.3618037283495268,2.1752733529005077,1.10930765937329,1.1873095003912026,1.2238842781206896,0.7438714489721683
2021-01-20,1.7735333344935555,0.8299797606707057,1.1426622514277314,0.915546028562445,1.411509058871689,2.2321383039787075,1.0954414576556226,1.2037404909932905,1.2191928663393699,0.7543806447796718
2021-01-21,1.8385483725514706,0.8006546133228828,1.138088130630173,0.9206237269733393,1.4154728585597587,2.3159326524400212,1.0943638241575717,1.2048381438649756,1.2336494719756643,0.7327530922929516
2021-01-22,1.8681004899828024,0.7982180119404435,1.1508953685353223,0.9119725329194359,1.4216388026854692,2.2900468305711335,1.0859271809198687,1.2005734672021207,1.2077598896478654,0.7223962047152294
2021-01-25,1.9198172755985825,0.7909953099544222,1.1679951697244333,0.917426535539622,1.444163447919819,2.280151892528033,1.1046384768585467,1.2053080806873289,1.2086636315708907,0.7143237964894035
2021-01-26,1.9230410048787334,0.7775946298881912,1.1996612550269747,0.9270182788523209,1.4617806034209444,2.2437449233433338,1.1117387929125115,1.203426787553106,1.1923303912549519,0.6986361208693328
2021-01-27,1.9082650516377855,0.7675005687578695,1.1813658980667947,0.9127248878206988,1.4653671280898966,2.157320368008286,1.072394969262786,1.1740143075151153,1.1571629360394455,0.690716164968113
2021-01-28,1.8415031413007885,0.7746359175677202,1.1903728603584225,0.9243855014796541,1.5033068848872033,2.1795735044716156,1.088934118901048,1.184111353591184,1.175093992075293,0.7015299051877667
2021-01-29,1.7725933438069732,0.7413950218562843,1.1479400157359365,0.9055779810404542,1.4594526336439495,2.16934483334574,1.070974759275434,1.1604058234241257,1.159213322392033,0.682948445249262
2021-02-01,1.8018773445052159,0.7519241754349657,1.144984662936551,0.9117843385619033,1.5078369991018385,2.210636426750106,1.0773232857928945,1.1797212573860476,1.1606724866091702,0.6841668390401008
2021-02-02,1.8132947717764425,0.7575804609352672,1.1347100661503735,0.9208119213308715,1.5069559202279434,2.264035958740229,1.0758194865550466,1.196402880960057,1.177074994370564,0.694980651307167
2021-02-03,1.7991906924889873,0.7741138903013133,1.129432426978841,0.9172383411820892,1.528914552434145,2.2596523339208177,1.0771561806801828,1.1973439912806119,1.1741907165997116,0.7222435362483859
2021-02-04,1.8455333302745667,0.7744619642600011,1.1399178790585343,0.9217522170723468,1.5226853941403409,2.2819889436324505,1.0778243809661916,1.2109523723152809,1.1444092134098525,0.7361039453955545
2021-02-05,1.8398161786615155,0.7767246123347212,1.1572290360878523,0.9337888814232738,1.5238809358631484,2.2697556352638015,1.0823351915734987,1.2157185210346204,1.1276946523083273,0.76077759043049
2021-02-08,1.8418345428646619,0.7960424660270203,1.1605360229375523,0.9388670023630352,1.5255798794428455,2.4113336202659617,1.0789938232020564,1.2244983012196107,1.1271033135610162,0.793523787786076
2021-02-09,1.829726467140143,0.7915175045640789,1.1700360237196565,0.9347295996936161,1.5337594309961102,2.382024595664461,1.0748172962084528,1.2236831257229412,1.1454865903939593,0.7842302479677407
2021-02-10,1.8213857373922118,0.8050923889529032,1.1738360490598327,0.9328487546933454,1.5277820238804862,2.465693254522008,1.0710582751376505,1.2231501184323248,1.158587816369438,0.7918199385305886
2021-02-11,1.817887773845329,0.8007412971260562,1.1685581596149546,0.9460139936490535,1.5382892437123286,2.546941029268328,1.0719773165634263,1.2251255019873393,1.1574410553280148,0.7719936434009002
2021-02-12,1.8211167768613783,0.8053536117651684,1.1722176564716777,0.9533486722579633,1.5414352791940693,2.4985935477257906,1.0660462225804874,1.231177587476267,1.1406560606624243,0.782526326664841
2021-02-16,1.7917897424782023,0.821856082630081,1.1615915507718586,0.945449833105323,1.533318841309426,2.560218232972078,1.0685523589414885,1.2301111606697515,1.1280765561532184,0.8060702682735833
2021-02-17,1.7601752778863289,0.8464771275665128,1.1657434604356947,0.9428168867211096,1.540003262212874,2.489366715489989,1.0730629493839567,1.230393225819484,1.1358605144891998,0.8186166767136782
2021-02-18,1.7449737341583567,0.8383583024801198,1.166306325189543,0.954853466566263,1.537418013786721,2.4765076775799417,1.0820012015129141,1.2251566249961878,1.141247166186013,0.8057605364477411
2021-02-19,1.7471257348291758,0.8454183468277544,1.1468847381749754,0.942440413500271,1.5196338281625876,2.492790238043477,1.0618696221986041,1.2229931636559115,1.1279376714267249,0.8111818160400451
2021-02-22,1.695063203087878,0.86827442251309,1.1461763394707656,0.9522204356762759,1.478895161060959,2.397472423644966,1.0573589583678566,1.2135863888158342,1.13857115719897,0.8410763768134424
2021-02-23,1.693179846523738,0.8792172486042119,1.1360509055984582,0.9505276160219909,1.4710755986175719,2.361775456802155,1.0652109905700464,1.2150599911454016,1.145069702990757,0.8526935897760111
2021-02-24,1.686318927068979,0.9116926326214089,1.1512745326536327,0.9537248919614816,1.4791475152359734,2.421395664716106,1.0663804328059112,1.2284489652733186,1.1544524099415352,0.878251184513495
2021-02-25,1.6276641199796011,0.9032207969504716,1.1524785977184457,0.9435688190935052,1.444084354835097,2.2224099926113383,1.0573589583678566,1.1988485105063866,1.1428457981889488,0.8636909068024212
2021-02-26,1.6312965637919004,0.8824823664142779,1.1220307179247335,0.9213764198976959,1.4654628035875519,2.2903808834747834,1.0318814098240783,1.1926715207567806,1.1544870436642627,0.842160690369833
2021-03-01,1.7191440304737557,0.9005733430738272,1.128120243828807,0.938490951671064,1.494219622099876,2.3116321810480387,1.0382297161766998,1.2215822195693244,1.1629313749692884,0.8736042705095026
2021-03-02,1.6832246152677819,0.9040149243403529,1.1259959236728867,0.9422523881542854,1.474859202751758,2.238901556016507,1.0349720838323124,1.212049612961683,1.1628969744702828,0.8684926506956284
2021-03-03,1.642058676640356,0.9141637067132183,1.1061695195221033,0.9399953234504963,1.435066336184204,2.138448857563856,1.0287905890392843,1.1959954993243636,1.1567458154125208,0.8754631657964419
2021-03-04,1.6160947036397744,0.9221941745639445,1.0838649087049763,0.9392433065723272,1.4298320221669696,2.0658854988498043,1.0203537990250222,1.1811953749972184,1.1600123468638475,0.9093847446376732
2021-03-05,1.6334488808868737,0.9619058153703617,1.105319966651077,0.9552295172582344,1.4605439574139536,2.0811248036199883,1.0523469058106933,1.2029249032713385,1.2061961245913786,0.943771389525848
2021-03-08,1.5653773964515143,0.9685247429126591,1.1145250202956043,0.9712158124499151,1.4339939063149967,1.9361228163330282,1.0634567171338296,1.196936094363315,1.2168643606982121,0.942842049953497
2021-03-09,1.6290096609567932,0.9663184058413518,1.1166490901781791,0.9565457791859074,1.474291581732052,2.091657624397727,1.0540175899964144,1.2140255117983008,1.2231545210943287,0.928281772242423
2021-03-10,1.6140767613355003,0.9828208767062646,1.1269163039006667,0.9674544604724671,1.4657150572630937,2.082970649798461,1.0637073381087576,1.2215822195693244,1.214883708238524,0.9567825037758246
2021-03-11,1.640713346612601,0.9812322872400034,1.1268457268172585,0.9569222524067459,1.4954179778079095,2.1707199031966176,1.0601154955389467,1.2339680434716305,1.2270463253445278,0.9496573028806212
2021-03-12,1.62820246294014,0.9844975723933188,1.1301026589978747,0.9550258583441554,1.4867151255022357,2.147748768869531,1.0703897812985235,1.23562972358646,1.2415888739224052,0.95988025431872
2021-03-15,1.6680227551156563,0.9729367476822767,1.135909000611606,0.9677315549036972,1.4807870636275244,2.203756280182595,1.0738984749475164,1.242998559684863,1.2341259480398548,0.935407045185039
2021-03-16,1.6892783367058881,0.9499041248688568,1.1426359727264626,0.9713347120731967,1.4990756561032699,2.2204624433947036,1.0770725180414078,1.2414306608218628,1.2366369512435325,0.9155806780079379
2021-03-17,1.678381743592016,0.9533459571502564,1.1383875826879672,0.9717140584903337,1.494850155789259,2.228815525000757,1.0727289593233718,1.2456640083632273,1.2281972844129485,0.9196078401705964
2021-03-18,1.6214757073266437,0.9188407831898365,1.1362633876687196,0.9590082774250184,1.4549944770515002,2.1254457403497446,1.0750679171833815,1.2275398024121782,1.2626177240466614,0.8799549617215698
2021-03-19,1.6142112416009171,0.9123102965548306,1.1332181867383284,0.9635595893729263,1.4526611808024723,2.1460358082645072,1.069304148477993,1.2252683380478173,1.2749287880517635,0.8749983158917354
2021-03-22,1.6599511968479943,0.9048977436524,1.1364752440556172,0.9671626620366521,1.4882286475554882,2.202921227878689,1.0874307599928783,1.2350522990216255,1.2793926900922028,0.8660142917570051
2021-03-23,1.648516366248302,0.8998673219047391,1.1354134593876752,0.9745587763428796,1.4982556809085494,2.1836253151334994,1.1076456350045651,1.2253313054597597,1.2851121520404116,0.8553266345090246
2021-03-24,1.6155565716286728,0.9239591438150411,1.1464595237611082,0.9770240632725153,1.4848863366042917,2.112164378974623,1.1073116449439802,1.2191025814371663,1.292435610137164,0.8726749309371518
2021-03-25,1.6222829053432972,0.9272244289683563,1.1468847381749758,0.9865060335854681,1.4652105499120098,2.0941639006825055,1.1149965720334585,1.2259605673539018,1.2941443237369175,0.8701964999511159
2021-03-26,1.6306238460406641,0.94849208253068,1.1678436292137824,1.0058494051342841,1.4913186043316704,2.1449506560365665,1.1314525727509022,1.2457170823683832,1.3129416892883976,0.8938954875913103
2021-03-29,1.633045545565343,0.9435500180186859,1.17570346362668,1.0212099350733699,1.4834988408893384,2.1631602971807546,1.149161531566427,1.245087820474241,1.3219391106503144,0.889093743698103
2021-03-30,1.6130006027880142,0.9348136963421207,1.1684098726577938,1.0079352611410095,1.4621204926363558,2.150380095116327,1.1314525727509022,1.241784556227117,1.3027582086878884,0.8780960664346308
2021-03-31,1.6432693154532603,0.9247534385481716,1.1637368938887946,0.9995911610679205,1.486841252340007,2.229985269850062,1.1312853942499106,1.2468179299860096,1.297561984160146,0.8647755085484615
2021-04-01,1.6547046734265425,0.9332251905474841,1.152973888669031,0.9957983729427392,1.5283365799687896,2.3074182212026684,1.1216791619997835,1.260282444396993,1.2801251291913671,0.8889387697140633
2021-04-05,1.6937178730601234,0.9222822807847375,1.157222403844199,1.0014875551305111,1.5707155994577477,2.3367792166963124,1.139805700126389,1.2783713020300451,1.290970848550697,0.8751532178283628
2021-04-06,1.697888448883525,0.9140754331491763,1.1569392195538568,1.0086937849637363,1.5630848755228637,2.315729566184571,1.1402234996023088,1.2776165175373007,1.2707088380246108,0.8726749309371516
2021-04-07,1.7206234188680571,0.9194584471232581,1.1584970459924202,1.0104003790590983,1.5759494109776204,2.3628410999567357,1.1422282472368945,1.2790949635139406,1.2751379897304616,0.8765473352580079
2021-04-08,1.7537175882783849,0.9091335359804317,1.1539650962535648,1.0073663682739644,1.5970758070534778,2.3918263059225784,1.1465716591783712,1.2851667327601208,1.272522385687435,0.8674082650918256
2021-04-09,1.7892336681628267,0.9082510513548836,1.141786044445418,1.0085041540080546,1.613472396463185,2.405692459767133,1.1391374998403803,1.2945098187940107,1.3123136178048604,0.8653949001527333
2021-04-12,1.7655562815731989,0.8981905425460605,1.1445479359487944,1.0117281337719641,1.6138504754780811,2.540845243396078,1.1437316795333445,1.2949818167427778,1.3122440005238223,0.8596637446397626
2021-04-13,1.8084709910246302,0.902249955089257,1.1292529809901757,1.0067977289242398,1.6301207370510729,2.6194479395979893,1.128612519717596,1.2988198402379698,1.306036284713458,0.8629166132615224
2021-04-14,1.776183703206802,0.9201643846207218,1.1323688841406476,1.0066077599454641,1.6118322450748,2.552205760597604,1.1327054574607038,1.2943842961954084,1.309977182557153,0.8878544561576726
2021-04-15,1.8094128802561362,0.9126633071393749,1.1356965185413446,1.0113489563663742,1.6364900921087744,2.695920468863798,1.1464049210070575,1.3082889641520654,1.3601262300073356,0.8825880785019959
2021-04-16,1.804838863636485,0.9086039782678031,1.1487964511239621,1.0179862088267808,1.644309855551106,2.658373817992018,1.146488216704435,1.3126618499516465,1.3636135077116025,0.8776315047195737
2021-04-19,1.8139868968757875,0.9112515158160723,1.1519828062211699,1.0240545684201428,1.6316971717740025,2.5663645505425317,1.1411425410280847,1.3062129976280563,1.3595331420821088,0.8748433419076959
2021-04-20,1.790713478455999,0.8942194035669062,1.178818991367134,1.027278379172505,1.6286705296653863,2.5345391752986983,1.150664817086318,1.2966491649552452,1.3828639103432057,0.8564108039705907
2021-04-21,1.7959600018774513,0.9065744393394544,1.1795978420180793,1.0356228172686883,1.6433010418478826,2.5661558674217737,1.1431470684978313,1.3089181229898872,1.390815323311634,0.8674082650918256
2021-04-22,1.7749732753433347,0.8908659285211735,1.1696139377226065,1.0323990065163258,1.6217963657581844,2.480912570487521,1.1317977912182704,1.2969636928459956,1.3828987772896553,0.856101360334398
2021-04-23,1.806990969782022,0.8961610036177118,1.1720214421688688,1.0329677303718239,1.6468954054756764,2.5502427000685453,1.1259972549847888,1.311026140029631,1.3960466480095484,0.8607479861487409
2021-04-26,1.8123725008424807,0.8958962665972098,1.1621083652301498,1.0176066933980974,1.6494181432300423,2.5857855132497387,1.1034671999156915,1.3137630067382349,1.3805275917073594,0.862451835404228
2021-04-27,1.807932859013528,0.9063094513040784,1.1554523456087196,1.0160898147641906,1.6520669073227063,2.5697053993999033,1.1027945229446254,1.3134798079689745,1.375784637483462,0.8737591724461298
2021-04-28,1.79703605495022,0.9285480303992417,1.1469551901217112,1.0162796992371927,1.605336763179328,2.5521638640630147,1.1046441277560786,1.3131024157226023,1.3760984400015088,0.9000911327719251
2021-04-29,1.7956908303971824,0.9433738055771004,1.1626748589475069,1.028985311290961,1.5924088125575326,2.560183052675857,1.1139757410638393,1.3214703828501093,1.4003708490404676,0.9129473450852749
2021-04-30,1.7685163240584156,0.9095747364573936,1.1522661156481846,1.0236753910145528,1.5903279709829914,2.5075165501306027,1.121625882108774,1.3127877847755312,1.390780339753324,0.8866153847594792
2021-05-03,1.783044833610997,0.9312836741683036,1.1698264197928676,1.033157445833279,1.5883099415786543,2.478656713947652,1.1349085736151228,1.3156190510738883,1.4155412358781603,0.9110888100353974
2021-05-04,1.7199510175409742,0.9364021184651328,1.1879532176549075,1.026709655317007,1.5626431803419842,2.3975483811027125,1.1310414516084288,1.3075026444251892,1.4345127029381666,0.9168196773587187
2021-05-05,1.7233143953477226,0.961552804785818,1.1829968043222205,1.0240545684201428,1.554319110547513,2.415465705967402,1.1219623673708663,1.3079113657930517,1.4385583182330717,0.9443910693197693
2021-05-06,1.7453769640051715,0.9620822788268218,1.1877411109946643,1.0342952315673692,1.574877383106303,2.426240950968182,1.13608542806723,1.3183560208388128,1.447172203184043,0.9533749493596749
2021-05-07,1.754675193242869,0.970907208753928,1.1931223633312007,1.0337264232060976,1.5920935457128411,2.474563966213803,1.1361696044239626,1.3279510795767933,1.456518527234178,0.9670055993087481
2021-05-10,1.7093967953616451,0.9669360697747738,1.2056555519231158,1.0413119994564597,1.5587962615402315,2.38326438128533,1.1573541587743688,1.3148010930565601,1.467817516897353,0.969328984263332
2021-05-11,1.6967298091065832,0.9416088363260042,1.1958129269311324,1.0301231815308245,1.5528053874953156,2.3900305117110014,1.15163779889762,1.3030669973263072,1.435768146234075,0.9385048677753466
2021-05-12,1.6544155672245764,0.9475214916843392,1.1909977929019349,1.0248132612544163,1.5072105858908218,2.298522083751333,1.139447932263205,1.2753828748426335,1.4136930544926085,0.9435337771598029
2021-05-13,1.6840624009526493,0.9414322891979198,1.2034602792737692,1.0337264232060974,1.5326249929524773,2.2829439287643782,1.1577748203931937,1.2907034335892709,1.424817709423535,0.9319046043267784
2021-05-14,1.71748227629208,0.966053752492475,1.2053014151393473,1.0378983887368685,1.5649135639213352,2.3794639498309795,1.160212558877582,1.3105227099030534,1.429142260290037,0.9550057425390039
2021-05-17,1.7015809078103517,0.9778788958658957,1.206505229930815,1.0361915411241862,1.5461836782625997,2.366516161628196,1.1578587765850878,1.307187807365477,1.4250617780486825,0.9773212037191737
2021-05-18,1.682445262576675,0.9484898233968138,1.2069299437979917,1.0305023589364146,1.5329403602966405,2.3414986534341855,1.1460054686010448,1.295925400415029,1.4311647764078372,0.9496626343891376
2021-05-19,1.6802895702907268,0.9218697796750429,1.2043103326914864,1.0272783791725049,1.536733009383337,2.349851894950677,1.1483594710583778,1.2925282518597547,1.4280959020609658,0.926875911084559
2021-05-20,1.7155956500116827,0.925085531226545,1.211320113686667,1.036381172079868,1.5579710603729504,2.4411933764137386,1.1601286760739677,1.3064330228727326,1.4250967616069934,0.9246755831103283
2021-05-21,1.6902610446532509,0.9300882576664354,1.2105416384457397,1.0358122792128228,1.5496909088478859,2.504551330890595,1.1601286760739677,1.305363298263955,1.4355241942207888,0.9259328104564424
2021-05-24,1.71276555237901,0.943308709053096,1.2151724461560358,1.0392258054266408,1.585150841165511,2.608171535286517,1.1597924109767141,1.3186707548422048,1.4331526588029095,0.9367762342099988
2021-05-25,1.7100706733347797,0.9278548109887303,1.2118239139309963,1.0390361744709589,1.591092671467931,2.6141437103906844,1.163743709340141,1.3157448828414529,1.4404760002878005,0.9155610090643568
2021-05-26,1.7093967953616451,0.9300882576664355,1.20462730388346,1.0435874019130935,1.5896389466007137,2.6228727414349766,1.161137471365728,1.318356020838813,1.4410339880428553,0.9262470812692648
2021-05-27,1.6882397271580007,0.9201725844399413,1.2027751559906834,1.0523109329090927,1.5758592629509425,2.5874559376784245,1.134740441066496,1.3190479409759357,1.4392557737739249,0.9202756476359909
2021-05-28,1.6792114077235984,0.9271400879706748,1.2059097045053895,1.0485179757723646,1.5781980866709484,2.7138381135493628,1.133647469418003,1.3214074154381672,1.4365352190559664,0.9172897867245291
2021-06-01,1.6747640662402337,0.952688381851861,1.1794050064054333,1.0483285983340034,1.5637864623391822,2.717179602048484,1.1170862299075732,1.3202436004085985,1.418400791934473,0.9501341126557833
2021-06-02,1.6852751492599116,0.9654622777775801,1.1841785950592914,1.0525005638647744,1.5631542201587696,2.803007691452171,1.121962367370866,1.3223196699889284,1.415367017757773,0.9576775487798803
2021-06-03,1.6647920645041194,0.9610849130605822,1.1830387251075785,1.0551554817500919,1.55310437342549,2.8350003330134856,1.1420542436258974,1.3174121279975999,1.422725226189114,0.9614490146759854
2021-06-04,1.6964600047780058,0.9687673069526206,1.182540180603503,1.066534184148729,1.5852140553336052,2.9366573169699115,1.142894906369031,1.3294609577312446,1.4146345786586092,0.9656922470283861
2021-06-07,1.6965946959928582,0.962514442768318,1.1744883865346685,1.062741227012001,1.6043033271053837,2.9434647042884223,1.1468460579558986,1.3281712078777907,1.3958374463308512,0.9594061102978155
2021-06-08,1.7079142427258047,0.9712685028293162,1.164157353109099,1.055345197211547,1.5964654737580328,2.916401142048362,1.1335632930612702,1.328454406647051,1.4010337874704546,0.9763783192332941
2021-06-09,1.713169836973003,0.9627823593105579,1.1798322230060645,1.0521213864591845,1.6029125149078431,2.9005680898242514,1.1331427782190042,1.326472221374871,1.3988016032265127,0.9845503690304483
2021-06-10,1.699424793625531,0.9684098617719679,1.1904485680454122,1.0602758555765919,1.6259836762727105,2.9117218428302682,1.1415497725917378,1.3326383902108043,1.400161880585492,0.9861217230945601
2021-06-11,1.7161346258205281,0.9639436377895549,1.175343445419294,1.0650167984801815,1.6300924966993489,2.9786040634361513,1.1337317191630154,1.3348406007276605,1.387607214402687,0.9770070049537638
2021-06-14,1.758313649114092,0.9644795545456595,1.1782647610437023,1.061386683968943,1.6427343253234277,3.0109379538707968,1.1341520872287219,1.337829130971393,1.3920361328848154,0.9754353627000025
2021-06-15,1.746994102381145,0.9852930385291954,1.1719946629209088,1.0587114846979913,1.6330630601024057,2.9724622233579425,1.1319660705434564,1.3353753599757288,1.3959418139464776,1.010951783061783
2021-06-16,1.7538666240548813,0.9796654523961607,1.171567321183605,1.0445725702202848,1.6268690766239158,2.976097627240936,1.116245346999601,1.3279194412863413,1.385375263382467,1.007337092335027
2021-06-17,1.7759666362372113,0.9564398828162181,1.1771960938587613,1.0499224617275476,1.6491183533040887,3.1176314769623836,1.1264178432153344,1.3274793907969888,1.3857240494588243,0.974178207401301
2021-06-18,1.7580439502602332,0.9203512233586427,1.1541108804772713,1.0273762368581913,1.6398266745900476,3.1145400883872973,1.1099406332850783,1.3095706756125054,1.3628676582484198,0.949191372264729
2021-06-21,1.7828391579109475,0.9473283775745672,1.1673634798005947,1.0386493915457562,1.6600534998891014,3.0791976429841195,1.1186836725902263,1.3283186814727002,1.3933193298036501,0.9836073404497445
2021-06-22,1.8054784623262772,0.9504548515025308,1.1657958927015601,1.0424707426223723,1.6782574718091468,3.155980558408848,1.1191037471028145,1.335420086418909,1.3954893599256601,1.0024654624518066
2021-06-23,1.8017054207149188,0.9492939077100324,1.158741938460913,1.0340636857480432,1.6767403317748906,3.184470521750179,1.1175064511967208,1.3338104497460288,1.3845339088050959,1.0098516190746676
2021-06-24,1.7977977933634257,0.9570652445391105,1.1640148224388829,1.039222678713022,1.685716341646351,3.2092438467063378,1.1182632311362402,1.3417009569397722,1.3961192971989738,1.0139374278310076
2021-06-25,1.7937549474234904,0.9584946069035969,1.169999734084571,1.037885121330433,1.6751602790709572,3.1800848180950827,1.1342358966440569,1.3464668995464706,1.4174006120023717,1.016137539663001
2021-06-28,1.816259033250378,0.928926728172564,1.1686461306958698,1.0367388005132216,1.6985480137736562,3.3394992132806265,1.1375988411697096,1.3491810938645221,1.4051847032758744,0.9902076759457252
2021-06-29,1.837146613549599,0.9268721714284345,1.1687173334626415,1.0290958448426688,1.7154876018323488,3.3464761056627417,1.1298643769914827,1.3499072287001144,1.3934242804785821,0.9840786746215657
2021-06-30,1.8456356407510015,0.9356264825043068,1.173776108593605,1.0338727872057596,1.7123270944265931,3.342423335538233,1.1343199262242303,1.3510430124104553,1.40161439792655,0.9913078399328404
2021-07-01,1.8498134943299434,0.9487576562674289,1.1824686024267135,1.0310064358752036,1.7167516841952843,3.3774306086647,1.136926017422084,1.358523561560488,1.4171905940406464,0.9941364213430662
2021-07-02,1.8860641001503546,0.9475070164932687,1.2039863538458415,1.0352100065652547,1.7549935424064078,3.4233834314077387,1.142474685079884,1.3689074133770414,1.4328365240476417,0.9927221306379533
2021-07-06,1.9138231473761322,0.928926728172564,1.1967898689349779,1.0294781489618774,1.7550560530781956,3.4587245975274175,1.143147215274391,1.3664139656979108,1.4359865602497939,0.9644348755874478
2021-07-07,1.9481868104919926,0.9194580287651348,1.2070498247304482,1.0378851213304332,1.7694049657392297,3.404124777794454,1.1517218284777937,1.3712428757165516,1.4408869404860891,0.9493484356237281
2021-07-08,1.9302643354644506,0.9165101100842481,1.2046986317869053,1.034254668796101,1.753539114042884,3.3257545913684683,1.1515539160940058,1.360070127765105,1.4349016034947195,0.9451052032713274
2021-07-09,1.9554637222344406,0.9296412838473703,1.2094720953040905,1.0405602360956117,1.756826049784828,3.3504022267208606,1.1519739172183143,1.3745882899988384,1.4424619002812349,0.9622347637554544
2021-07-12,1.9472438665133074,0.9315172853444229,1.2075486195078693,1.0409422866974998,1.7529069723619441,3.4276440851008187,1.1528991232595787,1.379512114888836,1.4562177852445666,0.9612916631273378
2021-07-13,1.962605626337882,0.9283909787597088,1.2060524854489518,1.0512599346043634,1.7760419508917393,3.383780652132356,1.1514695929607135,1.3748095519193628,1.4649681060729494,0.9567345922465892
2021-07-14,2.0099051307649196,0.9108824402795888,1.2142464347779847,1.0749523957851574,1.7857124121169827,3.3155193639146603,1.159960396748782,1.3768609910390475,1.4516674738151,0.93551915095871
2021-07-15,2.0008767058557995,0.9048976599807756,1.1996398566559419,1.0783916117541121,1.7763579212327372,3.169265277903154,1.1698807308357149,1.372158531125895,1.470253305450662,0.9264045048653259
2021-07-16,1.9727124247635666,0.8809576183976515,1.1977161305863753,1.0776274260445624,1.77458772352716,3.034707680922071,1.1812296411738776,1.3613957412181594,1.4690282978504838,0.9007888399134598
2021-07-19,1.919618139331049,0.8571959647183549,1.1890241372999577,1.0648257309263511,1.7509476346494468,3.138100652586502,1.180641213947824,1.341290586670779,1.4317860844034338,0.869830066811727
2021-07-20,1.9694783589610545,0.862287634095285,1.20021010447348,1.0667364064646592,1.7655488009860227,3.1100699520212745,1.1743360599036234,1.3605118271555887,1.4454718856382835,0.8794162632191693
2021-07-21,1.95937156053537,0.8916770412508657,1.2076200725479866,1.080493185834704,1.7786959409569645,3.2434157477080263,1.1702167023798498,1.3715268989363776,1.4513175216201328,0.9077034462222627
2021-07-22,1.9782376123899057,0.8827439239130423,1.2111111354432427,1.0789648144156045,1.8086570446461896,3.274162686962289,1.1657331188242843,1.374399078594049,1.4552727627227353,0.8974887081891758
2021-07-23,2.0019544465240555,0.8831013690936949,1.2240073455226887,1.0892824623224684,1.8309701384912906,3.268146536487846,1.1825677296763264,1.3885391271871654,1.4620279712206616,0.8963885442020603
2021-07-26,2.0077494384789714,0.9017709350379379,1.2245773430668814,1.0902378845973961,1.8270512620673514,3.2240330035953497,1.1867129932628089,1.3919476119377157,1.4474671145806013,0.9190182761950524
2021-07-27,1.9778332223211939,0.8987338224051374,1.2302062408787102,1.0940594046855592,1.811185812368895,3.2096618525896043,1.191535116952296,1.3856038770612307,1.452927348361728,0.9088035381619655
2021-07-28,1.9537122090677683,0.9038254917820674,1.2267861304768808,1.084123891886357,1.809163360987776,3.258956483652639,1.1738542658478683,1.385035624508938,1.4321714866041564,0.9149323953913001
2021-07-29,1.9626056263378824,0.9162422772136327,1.2267861304768808,1.0900469015493386,1.810932955696519,3.2855256028203756,1.1799454930569546,1.3907799838242814,1.442356716382581,0.9260901620050911
2021-07-30,1.9655705206601255,0.9094533289299762,1.226928661147097,1.089664766441677,1.8008826064658772,3.258289017487089,1.2032093575340477,1.3840256725661615,1.4428469526463743,0.9047175132633883
2021-08-02,1.960988698911344,0.9078452439751634,1.2274275810611908,1.0867988376399882,1.8003137794525037,3.3002309666402065,1.2002484340041948,1.3811218546180377,1.454572625109078,0.904874720717212
2021-08-03,1.9857834846631863,0.9165101100842479,1.2425325785506365,1.087563023349538,1.814851229123624,3.311091763724976,1.2177600517358014,1.3923578791503888,1.476728645482103,0.9146181245784777
2021-08-04,1.980259351784027,0.8959646263145767,1.2351935629695565,1.0718954839354113,1.8109962703640852,3.3877908860805275,1.2049007372146239,1.3855091683025154,1.4754686543236144,0.8932453317419501
2021-08-05,1.9817414825209947,0.9042722982578828,1.2375450061864448,1.0795380170770967,1.8300222274682976,3.448448113180773,1.2054935677374552,1.3942831773335467,1.4392415471268785,0.898902926846876
2021-08-06,1.9722947448803902,0.9107038013608868,1.2334124927068788,1.082212962830728,1.8296425404618442,3.4031627566032845,1.1962721836256949,1.396587310551567,1.4529974320902102,0.9092750164286113
2021-08-09,1.9716190738370503,0.8955179871820105,1.237687536856661,1.0824042839018793,1.822499640965638,3.391299321076255,1.2027859805488765,1.395451217672264,1.4381216068134932,0.8989029268468761
2021-08-10,1.9650060199695296,0.9118649124966346,1.2381148785939649,1.0852701281977946,1.8105536706879548,3.3313111592459332,1.2035476775031306,1.3971869952816702,1.441306743185817,0.9143036376234185
2021-08-11,1.9685155857353895,0.9187433894187036,1.2383288623042985,1.0839327398267524,1.8137772917623325,3.2917074205079264,1.2065085276447038,1.4006589627257664,1.4271658058573458,0.9169754438642949
2021-08-12,2.0094079229443915,0.9168675552649003,1.2483038818960088,1.0860344829188915,1.8318547348467178,3.326130700717146,1.2092999976368968,1.4048566527801718,1.4209358171815236,0.9149014150039748
2021-08-13,2.012242450515219,0.9107929116411758,1.2557849276006143,1.0934860330125196,1.8510708369525737,3.3734200548956577,1.2151370812336328,1.4074133770402069,1.433921714026438,0.9056488701632862
2021-08-16,2.0395036570721605,0.9015031021673222,1.2671140511277166,1.0982628063640636,1.8621320098758851,3.333650329123668,1.2235967683911386,1.4107271530320415,1.4603128439685504,0.8924078526203898
2021-08-17,2.0269525875321515,0.899805739588971,1.2787278605852337,1.0944413707816738,1.8525240593224295,3.251436855246117,1.2256273487001534,1.4014796002074328,1.4763083763349303,0.8863457833423359
2021-08-18,1.975263014393609,0.8754523601799052,1.26248274287073,1.079538017077097,1.8411881208417744,3.1815889356689135,1.212261434884707,1.38614038826675,1.4606977797218286,0.8676807484054649
2021-08-19,1.9798520084232123,0.8536338963122831,1.272315231792224,1.0864166180265533,1.8794394260032963,3.308250794894798,1.2265576919209915,1.3882862269761882,1.497694875036982,0.8411990015093214
2021-08-20,1.999960552455479,0.8537245963534411,1.2785138768749003,1.0822129628307284,1.9275067156259924,3.47835936048938,1.2274034918436991,1.3993331431600704,1.5040652643934909,0.8413583703855166
2021-08-23,2.020474541303637,0.8757238746020066,1.2729950993350558,1.0783916117541121,1.9293430419843607,3.669187841273862,1.2211433982031898,1.4116424992724232,1.4888394869218062,0.8759764315622713
2021-08-24,2.019259894451451,0.8857732550847468,1.2570834708533234,1.0701756224336139,1.9164869484852796,3.641616083663865,1.2112460346477802,1.4138831497968973,1.4820139614716756,0.883155019590052
2021-08-25,2.002254838520845,0.8918387785013805,1.248769140045144,1.0713221967681457,1.912624150766899,3.711798216055155,1.2069315376884766,1.4168500382132845,1.4691682320837258,0.8847505095373127
2021-08-26,1.9911882201615991,0.8801600604711578,1.2421038603099332,1.0611954474035656,1.894131845860746,3.6875689064069026,1.2048167810227293,1.4084862963949256,1.4590527361982004,0.8727856678099876
2021-08-27,2.005494178059256,0.8930156199025688,1.2394519639418689,1.0632973595072515,1.8981218759110934,3.782482147398887,1.2038857773073741,1.4210794696144629,1.4657383274150884,0.8896957718759905
2021-08-30,2.0664954811993965,0.890752386126476,1.2446840533645354,1.073423855354511,1.9226302802297164,3.7911707211025276,1.2091309110406345,1.4273288049011945,1.4641278010023269,0.8799646160748302
2021-08-31,2.049086246149515,0.8760860053936415,1.2408852793910863,1.075907818060085,1.9118010600885367,3.741199029247702,1.2045628575752179,1.4252140892006053,1.4570225236975722,0.8697545611235482
2021-09-01,2.0582631794615427,0.8664897067585683,1.245257179325546,1.0831685541172027,1.9114842857517602,3.7505589069673886,1.2168291947970047,1.4259714501013672,1.4608030802323433,0.8577898634910478
2021-09-02,2.0736483546735074,0.8845960789970595,1.2537862446640955,1.0846967565247554,1.9071776823635813,3.7430373596356183,1.2177600517358005,1.430358454616883,1.4830639346684393,0.8786882241170216
2021-09-03,2.082420476017951,0.882604359643068,1.2545746057021667,1.0839327398267526,1.9071147696939041,3.8177446375833854,1.2186059250467873,1.430011360928794,1.4800889328697013,0.8753382355833673
2021-09-07,2.114676543319259,0.8787116209762432,1.235079438324046,1.063679325603366,1.9010349536159783,3.7874940603266953,1.214037064310295,1.4248981185213654,1.4744185645149885,0.8702332441314325
2021-09-08,2.0933522976876264,0.87264593021636,1.2320694007986863,1.078009561152224,1.9012250986176218,3.733510215598451,1.2232588153634534,1.4231624439682795,1.453942454612041,0.8622567310114907
2021-09-09,2.079317198865726,0.8691151549979206,1.2046185443163722,1.067309693631925,1.882479133043314,3.7064364190903993,1.2180980781517645,1.4170709909648473,1.4510024363716136,0.8628949269903948
2021-09-10,2.010487351208135,0.8697486328684074,1.1967344333889687,1.062533004786155,1.8727264632497067,3.7567420039384385,1.2192823448201144,1.4058981399570802,1.4187226406709297,0.8611399961195267
2021-09-13,2.0183152628772776,0.8869500128143103,1.1883483992673265,1.0713221967681457,1.8808325496886997,3.7022569998995003,1.232395142459125,1.4094961452813821,1.4559901588918247,0.8833146046084843
2021-09-14,1.9990163427801775,0.8709256416128451,1.1811810712012043,1.0720922133760655,1.8985650785840567,3.7172994549212923,1.230279725298861,1.4018896613074643,1.4490353108878058,0.8707117109970797
2021-09-15,2.0112973970421737,0.8893943119862205,1.1856249247224722,1.0757499612752308,1.9304199943298217,3.733845068054288,1.2276576354560487,1.413599126577072,1.4665276731024377,0.9000651957034673
2021-09-16,2.0080578465543266,0.8810653037786198,1.1841912338632368,1.0655467341856544,1.9329533850282534,3.717299454921292,1.2191131848355727,1.4113584760525977,1.4641388791291252,0.8904934087785021
2021-09-17,1.9712144728189025,0.875995556367357,1.1808228049072365,1.048028349320841,1.8990715959245874,3.6601410681905318,1.2210590016816176,1.3976102475907504,1.4758006482919814,0.8799646160748301
2021-09-20,1.9291076997071503,0.8580701658530585,1.1740853213118723,1.0407128535225105,1.8637970851334063,3.528610255967841,1.2087926644598308,1.3743062248491058,1.449597496669858,0.8565136876754763
2021-09-21,1.9357203316757992,0.8587039784100442,1.1792459576944214,1.0405203493705306,1.866963622507502,3.5508381265820668,1.2106535710663464,1.3730080243773555,1.4483329576487889,0.8557159787255522
2021-09-22,1.9683803671469469,0.8839625174549478,1.174945510800079,1.0420604670921434,1.8909021948180282,3.666994189894128,1.214798834652829,1.3864015329833825,1.4355473999811335,0.8807621809299293
2021-09-23,1.981606474881988,0.905871430348854,1.181611165945308,1.0403279297243242,1.8971084392321422,3.757410749387486,1.2197900449385777,1.4032460886004057,1.433194172625437,0.9105942765967889
2021-09-24,1.982821121734174,0.9107601123642992,1.1780276270489196,1.037440282938852,1.895778228216415,3.6903919652680957,1.2143760447738945,1.4055576418735158,1.4298574408337668,0.9187303026877506
2021-09-27,1.9619021099689964,0.9322164454402866,1.1694984365736973,1.0320499976718673,1.8629735924571547,3.6200304133660848,1.198387380621119,1.401536384240134,1.4234996455582496,0.9460096864864056
2021-09-28,1.9152061318782048,0.935747220658726,1.16691799324575,1.0133763343778543,1.7955275925823773,3.459418289004697,1.189335376658739,1.373292768991426,1.4001415901216707,0.9559004993534107
2021-09-29,1.9276226156780794,0.9354757899082492,1.1755907154845702,1.0195368052643055,1.79856750062134,3.4290010850722754,1.2014329208373824,1.375604322264536,1.4064290684449832,0.9552623033745065
2021-09-30,1.9096729281733,0.918455391686539,1.1575288635556666,1.0101037637941956,1.7853948337844272,3.4622595776557494,1.1826524931392954,1.3587914049379655,1.3724635316811697,0.9383520552136787
2021-10-01,1.9251933219737072,0.9445288923558702,1.1501466758225019,1.020691999187732,1.8308654180411248,3.466605303701506,1.1807912195913817,1.3749394028834347,1.3783996584671827,0.9720129665169018
2021-10-04,1.8778225166373193,0.9480597512459343,1.1411872654665036,1.0201143177202452,1.7929310882153235,3.2978044856636726,1.17410796913054,1.3572080476268615,1.3593620724819693,0.9846158601283065
2021-10-05,1.9044097397464081,0.958380311464277,1.143767583657778,1.0218468550880644,1.8287121163470352,3.4179704631030288,1.1786763895373547,1.3713295460822534,1.3819118911097112,0.9830203701810459
2021-10-06,1.9164214115786993,0.949960686887143,1.1461327919086646,1.0339750391916664,1.856260629703566,3.459585555322179,1.1944110568543396,1.3770291789544165,1.3847922040772886,0.9649938194127287
2021-10-07,1.933831068527453,0.9567508902451697,1.1563822362236273,1.0372476942810986,1.8672803968442788,3.5222598926793123,1.2039703939937847,1.3889344512333381,1.421497653127992,0.9677056840148912
2021-10-08,1.9285668253533812,0.9782071396495322,1.1534434014650394,1.0418680474459368,1.8672803968442788,3.4814798527640685,1.198979330484595,1.386401532983383,1.4347044128377076,0.9919541052219318
2021-10-11,1.9273528113495029,0.9698780477703067,1.1485697034730138,1.0439855086119425,1.8633540834593874,3.4587501831973992,1.2039703939937847,1.376364362629636,1.4225161411222762,0.9820633644023392
2021-10-12,1.909807724862871,0.9700591968377489,1.1302211634269321,1.0439855086119425,1.8548041913505957,3.4547386699657294,1.2021939572971203,1.3729761799742621,1.4163695299270942,0.9769585170452293
2021-10-13,1.9017108526628952,0.9758531221606564,1.1410436085662328,1.0441783507870164,1.876526348298411,3.4995295834708937,1.204985720842432,1.3779155663686844,1.4174583348735827,0.9742465083482421
2021-10-14,1.9401738961675248,0.9850877083622182,1.1475664827678997,1.0513010044102733,1.9173104411615314,3.6344031634762044,1.2186059250467878,1.401093345117482,1.4765026516954152,0.9890826556013372
2021-10-15,1.9547492364948866,0.9923303241949145,1.1560952978331038,1.0487983659287607,1.9265571966114419,3.6537903850811286,1.2217357150080637,1.4117637965618783,1.5035841238548582,0.9984948575078704
2021-10-18,1.9778271047875515,0.991877660705371,1.1476378106713443,1.0384028036987514,1.946062737197601,3.7139573267804216,1.2041397741431652,1.4159433487038422,1.491465819256048,0.998016390642223
2021-10-19,2.007653456485615,1.0112516580578335,1.1745154160559752,1.0424456444076502,1.95201532094356,3.7253221615637564,1.1899276934636132,1.4268668034155356,1.4906230653363446,1.0130121229137505
2021-10-20,2.014401939891014,1.024469431952504,1.1738703365081566,1.05168618172578,1.946822513208397,3.69406926568568,1.1945808039451185,1.4324711091910591,1.5282414686470953,1.0185955812313325
2021-10-21,2.01737084225254,1.0116137888494683,1.1711467368266295,1.0462958964587956,1.9680379518167368,3.7925082120006284,1.1859832935984718,1.4362076222103701,1.5534960993915559,1.000090203360306
2021-10-22,2.0067084030125697,1.021210171156166,1.1734404920373986,1.0482207689670477,1.9579047910208975,3.7981895100192338,1.1987512397115125,1.4347193858832648,1.577662391636972,1.0069499095408716
2021-10-25,2.006034208615281,1.0307162717798295,1.1760206850920005,1.0439855086119427,1.951382576265786,3.871726563386385,1.1989215739085282,1.44241346772977,1.5788211637000817,1.026572238446099
2021-10-26,2.0152115638261807,1.0329795055559223,1.1879900078366858,1.0486059462825548,1.9639208904333676,4.130946179663701,1.2159458934634075,1.4437117712578411,1.5969103454194933,1.050341976645255
2021-10-27,2.008868525236673,1.0146013678804555,1.1735837735276515,1.0688196427924075,2.0466305491663044,4.086489478972624,1.2072632527123932,1.4373159929394073,1.5928360436067737,1.023062232609538
2021-10-28,2.059073014346145,1.024107384832494,1.1672048064996006,1.0788301122126835,2.054102684933855,4.16838313197545,1.2144985298125932,1.4511841789585391,1.599720458046727,1.0259339704197823
2021-10-29,2.0216893991052594,1.0365102807743616,1.1674200415766613,1.085183002745341,2.1001439051944284,4.27300549508232,1.2171374989597201,1.4541289102659776,1.6173883211122173,1.0284864661457496
2021-11-01,2.0103529764174364,1.0368724115659964,1.1684232622817752,1.0813326661884224,2.085894688009943,4.3164598771520115,1.2141581549716807,1.456630396338122,1.5950488702817833,1.046991699921951
2021-11-02,2.0246583014667854,1.0305352063840119,1.186843255367974,1.07998530613611,2.1097072339821703,4.412392387271744,1.226245131238058,1.4625196528403572,1.5877782373580804,1.0340699244633316
2021-11-03,2.044497463069347,1.0231115251554983,1.183044356257852,1.083642969529502,2.115216213057276,4.445316667041131,1.2346723807759687,1.4714487616340295,1.6063590546836175,1.0198718290943158
2021-11-04,2.037343745797493,1.0276381600509334,1.1797478808886597,1.0896104292293325,2.1306692129213,4.980633166975848,1.2369704613642258,1.4783828031154354,1.6043567124177767,1.0275292442248056
2021-11-05,2.044643018180151,1.0387736818937043,1.1713618467670173,1.0942311204172648,2.128262049560111,4.972444153478528,1.2430991165959222,1.4835125345341746,1.601019980626107,1.0372606882156157
2021-11-08,2.0332899304868883,1.042485606179586,1.1673480879898528,1.0844129861374217,2.1341519216353375,5.148264400074814,1.2338209299557301,1.4847787875465113,1.6249399886210159,1.048427676898192
2021-11-09,2.0382902759165895,1.0501806344869515,1.1647677697985783,1.0874930525691002,2.127565588216881,5.1236951208367305,1.2375662274182424,1.4798708333299,1.6310165160877155,1.0586375877546492
2021-11-10,1.9992304564576642,1.0334320853738417,1.1773822972277548,1.091920732570412,2.09495089646032,4.923475100065964,1.249738407477267,1.4679658702199403,1.6153859788463765,1.0377816630545698
2021-11-11,1.99855499636376,1.0335227854149995,1.1687098252622798,1.092305994391692,2.105273398262024,5.079072752932547,1.2461636643766092,1.468440341520404,1.6065697723165087,1.0397217557752665
2021-11-12,2.0272078363496475,1.0341564306287356,1.1826860899638836,1.0898032714044061,2.1324422246121015,5.079072752932547,1.2475251637402593,1.479522709078604,1.6121896477353932,1.0317999266413247
2021-11-15,2.027342843988654,1.057604315715465,1.1720070514515084,1.089995775556386,2.1283257662255664,5.018070119287599,1.254675383824371,1.4800293339511235,1.583422434512821,1.0406918021356149
2021-11-16,2.0408587962486875,1.0617688198192654,1.16591452226729,1.0822951869483222,2.1501112378409477,5.0478188975918465,1.2528880856623217,1.4858872613318688,1.5792775825241747,1.051200565658644
2021-11-17,2.074512403563148,1.0570066493003432,1.1702869227484405,1.0763274737311712,2.1515706911780876,4.890382594516472,1.25212191202301,1.4822775075870083,1.5769243551684782,1.0397217557752665
2021-11-18,2.133710299975373,1.0481236512657057,1.163979283623834,1.066702012614855,2.165211283558157,5.293834389235287,1.2522920260551869,1.4873118088527872,1.5787508467478775,1.0284045482378679
2021-11-19,2.1699330604702394,1.0248624375736477,1.167491494616778,1.06131147383055,2.176884900265833,5.512774165445427,1.2497384074772668,1.4846520282720608,1.545487663223081,0.9808727088652683
2021-11-22,2.176284958936057,1.0431784072319739,1.1521247112080237,1.0678569530209614,2.1560754795256964,5.34079688647983,1.2580800128928522,1.4804727852990591,1.5368471907677936,0.9944529976730847
2021-11-23,2.181556163441515,1.065065565503462,1.1592671370762768,1.0757499612752317,2.142434686146682,5.305700383329315,1.2720402249967226,1.4824356990392702,1.5705318095583725,1.0206441053076678
2021-11-24,2.1887195843874228,1.0732162694788598,1.156020841512841,1.0670869364130415,2.1438939384848776,5.460796876885205,1.2654009341153778,1.486393680091747,1.5811746242795004,1.026302853171192
2021-11-26,2.119384512830737,1.048673206496634,1.148517646617166,1.0343601320014006,2.091677829645557,5.265088249373301,1.2552712966549469,1.4532422136827485,1.545171761691536,0.9902497516345574
2021-11-29,2.1657423389757047,1.051786878666021,1.1524856053721189,1.0507236609658814,2.135772777125035,5.578122525136132,1.268465041566387,1.471068586866999,1.5876377200655325,0.9957466810098654
2021-11-30,2.234132357059345,1.033654149865754,1.1249268810779287,1.0175490604605875,2.0974513233318284,5.461131409520166,1.2306714719355138,1.442445209076543,1.5603105467148877,0.9674537342137814
2021-12-01,2.2269685142145654,1.0266025563522125,1.1404378219336446,1.0146388506335968,2.094215441321827,5.254365934727288,1.2461636643766092,1.4264236612365622,1.5607319819806702,0.966645290199412
2021-12-02,2.2133177652649616,1.0544425323618842,1.1332953960653915,1.0295771052226195,2.0904720369765712,5.369867324708787,1.25348355816322,1.448271085941553,1.5666331252083718,0.9907347027673193
2021-12-03,2.1873673985029987,1.0477574205644613,1.1498166904165659,1.0386953626865285,2.04935931083894,5.130341318434381,1.2757853756826754,1.4356693590473983,1.5833714751295482,0.9844294014250546
2021-12-06,2.234402583286794,1.064149863242914,1.1754994908501644,1.0652736960315519,2.0695349819065787,5.020690411714217,1.2951079226023712,1.4526726213982863,1.6213948714336752,0.9955848625216492
2021-12-07,2.313603338063876,1.0799015486195322,1.1785294251064848,1.0710940311797592,2.12492345708939,5.420178346511696,1.2917027064276532,1.4827205467096607,1.6376752865765651,1.0067403956656564
2021-12-08,2.366314328371277,1.0847552558958593,1.1855995219779116,1.0670196698173537,2.125240432425111,5.31972228993986,1.2974909868184368,1.4866468894716853,1.652228913281241,1.0096503906518768
2021-12-09,2.3592867588621194,1.0819162776703117,1.196853563501388,1.0643037387635863,2.1133762687179027,5.096409283088738,1.3050668589243883,1.4766099252305798,1.667945976523468,1.0122373970883765
2021-12-10,2.425378271891675,1.0837479332062818,1.1938957079685482,1.0918521138823487,2.173268728252544,5.047601739217908,1.3232824170341824,1.490509852596485,1.6852482614046123,1.0187041566817956
2021-12-13,2.3752349581186283,1.0612195992748357,1.215250281166463,1.1205648940538464,2.1533467178530596,4.7071162783148495,1.3420943283042297,1.4773062767894922,1.6849311937544567,0.9963932344886063
2021-12-14,2.356178629872868,1.064333104100973,1.2285244039974923,1.121340741560136,2.0831759762845383,4.73653564111813,1.3470311578747747,1.4671423471612948,1.6895826076674412,0.9949383090429084
2021-12-15,2.4233510478122193,1.0582889169486336,1.2346566015069596,1.1263849756847337,2.123209941086206,5.091228504739074,1.3522236722115422,1.4900667104175118,1.7421597472881052,0.990573244516165
2021-12-16,2.328200828082013,1.068179321344473,1.2481473359184496,1.137831198196379,2.0613505058791706,4.7448922407538054,1.3713755179928242,1.4769264111914235,1.736803531287022,0.9921897002604295
2021-12-17,2.3130630965584147,1.0403395126780506,1.2136631727464853,1.1199827337803656,2.0543714205228585,4.646941980735437,1.3403065898125028,1.4612074367089931,1.7165760378718022,0.9705255476882181
2021-12-20,2.294276361691795,1.0407973638083245,1.2102001404659162,1.1162968454586324,2.0296911621065554,4.633236376969994,1.3437113656575432,1.4456700474636208,1.7046299689917412,0.9564600195579903
2021-12-21,2.338066933201281,1.0574647514454907,1.206304385571117,1.1207589193097491,2.0765142682618367,4.859891511961988,1.3428600616138637,1.4713435411306042,1.7168931055219576,0.9781241000827894
2021-12-22,2.373883405082512,1.063508854926205,1.2114986837186252,1.1287129407324696,2.1140108223861795,4.914215326280065,1.3561392304827902,1.486055243134596,1.7412789779017037,0.9860461453589683
2021-12-23,2.3825335976529782,1.066073139207913,1.213807330193447,1.1294888727445327,2.123464003752251,4.954331737880255,1.362778521364135,1.4953015592833567,1.745683757728598,0.9865311685391426
2021-12-27,2.437272022989271,1.0878690117368703,1.224051518768156,1.137831198196379,2.17269769025078,5.172462367277343,1.3786962924387904,1.5164631441741458,1.76020205103938,1.0005967687167827
2021-12-28,2.423215829223776,1.0857625785854363,1.228957752295086,1.1422932720474952,2.1650840512261915,5.068328690467051,1.3861014634063282,1.5152238919178307,1.7723243204414658,0.997363352896367
2021-12-29,2.424431952722014,1.0801764099066204,1.2376145821764721,1.1436511953214923,2.169525524906234,5.014672342314524,1.3975926002304093,1.517162175197396,1.781627847938601,0.9886329356532308
2021-12-30,2.4084835425160693,1.0754140720444487,1.2430970700812305,1.1403531039942438,2.1528395975156958,4.945305433332906,1.3855056973523119,1.5129679890578942,1.7775752359320338,0.9828126574911402
2021-12-31,2.3999681466351737,1.0746816943135846,1.2341516750325758,1.1486954294460898,2.1338053994547526,4.91605429630973,1.3924003794467605,1.5091550082486298,1.7695053453127934,0.9892796332267965
2022-01-03,2.4599779874263605,1.0921733311255184,1.2375425034529912,1.1504414877376652,2.1238450977513166,5.034731507577244,1.3866119522794176,1.5178932567363816,1.7699988467086956,1.02727289953154
2022-01-04,2.428757049007247,1.1120459276894765,1.234224004029402,1.169647621910355,2.0874269029650483,4.8958297836547775,1.3914640917752725,1.5173845707374483,1.7298966107578886,1.0659128634098494
2022-01-05,2.3641518857033783,1.119280678389452,1.2424482364332305,1.1793477861304247,2.0072948546983675,4.614013863115552,1.397763154592264,1.4882476633009867,1.7256323482235423,1.0791700916205325
2022-01-06,2.3246866214285618,1.1288048520840472,1.2381915873743365,1.173139738493506,1.991433625977749,4.709957886786774,1.3860163330019606,1.4868493951418447,1.6550131380753248,1.1045526831933339
2022-01-07,2.326984282684903,1.1450143885909394,1.2549288676226078,1.1704238074397384,1.9924484696493123,4.554341044667708,1.3852501593626492,1.4809712687222436,1.616073638990903,1.113606449223253
2022-01-10,2.327254719861788,1.1457468499934282,1.2487244662529868,1.1723638909872167,1.9939083249843417,4.579915840735926,1.3663534112413525,1.4791284155956386,1.6386266061388925,1.1069777990942051
2022-01-11,2.3663143283712773,1.1719386623400634,1.2354500931486119,1.1727518569932482,1.998412711334061,4.649617282352506,1.3505209173476243,1.492600659230674,1.652722414677143,1.1535398082486934
2022-01-12,2.3723968444073895,1.1660777160457836,1.2249173394066344,1.1744977462732769,2.019286250737543,4.680039283598048,1.353500775053621,1.4966359325236696,1.669355580699665,1.1501445739400615
2022-01-13,2.327254719861788,1.161223841426207,1.2174867237811309,1.1814821484511258,1.933824916452278,4.442016115613973,1.3473713859391283,1.4760144658096248,1.647189881542174,1.1418993960193369
2022-01-14,2.3391486819088203,1.1810049849043847,1.210849474660607,1.190988118403746,1.9680853875676747,4.503360317953127,1.3603095928609052,1.4766182727925559,1.6516301113748229,1.161946732610222
2022-01-18,2.294952454634007,1.1848512858195095,1.2055108939294648,1.181482148451126,1.920184123073264,4.329691826201986,1.3340926573998793,1.4504675253044506,1.624495930654192,1.181509478305407
2022-01-19,2.24670135730141,1.1805472174457357,1.2017595467549727,1.1834218939755101,1.924498163422395,4.189953770692116,1.378951536875335,1.4354067715422765,1.6298872468254468,1.1819944294381688
2022-01-20,2.2234540966116794,1.176334518486117,1.1921643169649363,1.178571854118362,1.9135224150505614,4.036676738092535,1.3863972181732271,1.419519403031836,1.631578935093489,1.1845810035901942
2022-01-21,2.1950723266509846,1.1622314151306588,1.1894226976025388,1.1727518569932485,1.878183182599202,3.9069685850348996,1.39170289723718,1.3916535922547832,1.6251302991782253,1.1667971805542012
2022-01-24,2.18439448810219,1.1647039953117124,1.1757157270206064,1.163245633523308,1.880340102274295,3.9066337325790625,1.380406239354112,1.3975636661337985,1.6290063608271845,1.176820488612582
2022-01-25,2.159525448148894,1.2142483070929366,1.2093344449641104,1.1605293644464465,1.8303452327723573,3.7314614430749677,1.3653440288433547,1.3805005280605889,1.6098714039380064,1.2114191690354053
2022-01-26,2.158309324650656,1.2151638420102353,1.2147451044187336,1.1562613158512323,1.8824974239472776,3.806344942324708,1.3534483758219664,1.3770374234600722,1.6154746038607626,1.1991319871850707
2022-01-27,2.1519570042859666,1.2397070723357104,1.2306890181620251,1.1572314421307448,1.9023559186802512,3.6679437380711857,1.3618351884178024,1.3702376643645273,1.6266454370886594,1.2144908384150173
2022-01-28,2.302115664630479,1.19611557829267,1.2393458480434112,1.1803178279041642,1.9557766141948896,3.817710416749792,1.3735595531945397,1.4042680981327034,1.6423621504953039,1.217077484614455
2022-01-31,2.3622600911618004,1.2027093206759374,1.2429532880442873,1.1836157502198659,1.9730343835829713,4.0928395224402765,1.3731318463008704,1.429560283413128,1.6653028520812367,1.228071055175421
2022-02-01,2.3599628518043314,1.2343955139291094,1.2327810530563865,1.1748858812908558,1.9589493825362694,4.118246412549265,1.3670557370773875,1.4392197523515406,1.6506432251948795,1.3068064847570366
2022-02-02,2.3765865111547444,1.2400736377234534,1.2464156946414928,1.186913926052888,1.9887683799716231,4.219205547357041,1.3915316089925294,1.4532006819855097,1.690710360975515,1.303411322495817
2022-02-03,2.336850809703043,1.2289928371232268,1.24634399132803,1.1952561669989605,1.9113017787100128,4.00291324834787,1.4047105294714848,1.4190432828302417,1.7223904218748929,1.2882137854222
2022-02-04,2.332925884497802,1.244377873440477,1.238191587374337,1.1826457929519005,1.9410574614778004,4.0649252366734485,1.3823743662371635,1.4257157673697325,1.7026565464674366,1.316183167289264
2022-02-07,2.323046911462941,1.2688294833369227,1.23407934603575,1.1950621417430582,1.9093987207020189,4.1332904666754295,1.3720194267582762,1.4211402728436722,1.7045243186456422,1.3320272578416221
2022-02-08,2.3659464325549835,1.2495061909890188,1.2373260170092037,1.2028221379098762,1.932301947448627,4.196807212216587,1.3689385867795119,1.4328331460456485,1.738741620417431,1.2975910443337266
2022-02-09,2.385568949086827,1.261869342909161,1.2371818595622421,1.1841979104933469,1.9744934349222223,4.463745705305379,1.3658577468007476,1.4538041797994792,1.755268786258272,1.2913792605327372
2022-02-10,2.329272662166061,1.245843130931953,1.2222480490410634,1.1907941776536173,1.918471009067969,4.316487061926363,1.3450617100026898,1.4276858950523916,1.7151664336956038,1.2789555488359334
2022-02-11,2.282177989641329,1.2712104430889466,1.209911575298648,1.1696476219103555,1.871901965578732,4.003080194844477,1.3375304579707519,1.399533381591175,1.6848959769724228,1.3111585807495507
2022-02-14,2.2854264000054854,1.2516123731255788,1.1946893247468735,1.1772138463385917,1.8716481039116326,4.056233464761062,1.341381728109046,1.3949580931777559,1.6717516046083611,1.29105216528051
2022-02-15,2.338339479872524,1.2424510832672406,1.207025923625962,1.1816757511781613,1.9063527826947166,4.428644404841743,1.342066440757971,1.4174543604778203,1.6852482614046114,1.2748694518899437
2022-02-16,2.335091702356675,1.2428211628632206,1.2063043855711177,1.1814821484511262,1.9041277243773853,4.431319066817064,1.3522502387687672,1.4190432828302417,1.6916616805378426,1.2807537081542322
2022-02-17,2.285426400005485,1.2364358464970424,1.1989459738057677,1.2051502719691591,1.8483708181290215,4.096349876361254,1.3677408900559902,1.3887303997183693,1.6574444953779146,1.278792577589119
2022-02-18,2.264043932329531,1.2346777383191705,1.1860946877918244,1.2132984031535556,1.8305693465956474,3.9517639760323098,1.3684251623752373,1.3797381174001133,1.6485288189305836,1.2645708506688411
2022-02-22,2.223716095811125,1.2252382403087558,1.16997608325343,1.2082544225462786,1.829233708608415,3.909643566831096,1.3515658196729605,1.3649310882994816,1.6298521466552751,1.2498587690598726
2022-02-23,2.1662017868471977,1.254388848647487,1.1705569676881487,1.194868200992929,1.781869111296233,3.741990905733523,1.3347064769706838,1.340719242428866,1.6196678497717387,1.254926439952192
2022-02-24,2.2023342609834784,1.247911158807657,1.1481941683182117,1.1739157550113433,1.8729113822787893,3.9694826921337962,1.2987630992575008,1.3608959180628066,1.6065234774076769,1.2390702454345535
2022-02-25,2.230889431380522,1.2990860632107342,1.2052623724974638,1.2193126790518922,1.8902043264821857,4.037846962673153,1.3542188059814966,1.3909224076594773,1.6765091353148882,1.2724172461620162
2022-02-28,2.234542442762826,1.3325857552573193,1.1948799078994106,1.2074783215226685,1.8996136900783223,4.0759571379261965,1.3341073350558048,1.387364285131283,1.6769317366992809,1.2818982533473768
2022-03-01,2.2085595897877273,1.3855186841666438,1.1907413878595545,1.202240315659489,1.8751999562626316,3.924184542721319,1.312027590470502,1.3662341324183047,1.6782710239232737,1.294157985133593
2022-03-02,2.2540299516556637,1.4264219762518187,1.2055530649881685,1.2111645478674955,1.9085145263444814,4.049067558241986,1.3161357195874928,1.3913675079085437,1.7104447028304153,1.3163893669835096
2022-03-03,2.2495639411472177,1.445670298824005,1.2232686637436845,1.2119404798795586,1.8813670058825374,3.9644749368773597,1.3210133982046581,1.384440783425907,1.7147082656935955,1.3247262612602002
2022-03-04,2.2081530902246564,1.4681577173309805,1.2305294689043207,1.2138804789212632,1.842839528171059,3.834410183544407,1.327688942896139,1.373193010472997,1.7572067587768212,1.3745832147252808
2022-03-07,2.1557817285091314,1.4995288869172154,1.2503509927248686,1.1849741805285037,1.7732225386950622,3.5695988190934074,1.3080059127469126,1.3327120754800996,1.715695151873539,1.4241133611277843
2022-03-08,2.1306101870646867,1.5780958731230277,1.22501131704784,1.1380250544407347,1.75376825283979,3.5966828498694507,1.2562294540337644,1.322607609348941,1.6684392446956473,1.434902172942753
2022-03-09,2.205176171784564,1.5386736524663944,1.2296582673889158,1.1438453050831687,1.8341931565688332,3.847449600427798,1.2731743674700868,1.3580682587356734,1.7111140549127588,1.3533329745372198
2022-03-10,2.1452258187343145,1.5807798914996591,1.2318363963141012,1.1228928591015828,1.8156918067101706,3.7879350933129423,1.2403971069165953,1.351935480147644,1.7317992498825432,1.3953435325091252
2022-03-11,2.0939359947768925,1.5815200506916187,1.2295855629820713,1.123669044630966,1.7805977929712897,3.6946484612898063,1.2256774728951392,1.334745582799984,1.7066346434948019,1.3881507511411049
2022-03-14,2.0383166445960823,1.5428381565701945,1.2465754941725435,1.144390705345187,1.7575198981417766,3.5659215186758253,1.2413386785442166,1.3249907867649315,1.7244834881686195,1.3384573453021376
2022-03-15,2.0988082938989736,1.464733539762389,1.2788854076561764,1.165503458779058,1.825609898635229,3.8405955192615773,1.2860117388956553,1.3541281064266761,1.7597913440648123,1.2622823366618516
2022-03-16,2.159706020866064,1.4594592152287726,1.2671230609681532,1.1623755620795917,1.871640063953846,4.095208755480235,1.281646604023409,1.3841549051923085,1.761028479298538,1.2575416169269342
2022-03-17,2.1736445048463002,1.4847226908995323,1.2836773914009227,1.1746913490003121,1.87691668824893,4.140346674634476,1.2856688688532356,1.40147166487074,1.791989511462771,1.2910521652805105
2022-03-18,2.2191148667142366,1.4966601215932798,1.2694462232970092,1.1748868108543638,1.9100405103323024,4.422377514801516,1.2849845965339883,1.416821594668774,1.7888083398937225,1.2859849266726653
2022-03-21,2.238061079354432,1.523589833998008,1.2766341989141285,1.1842703319412162,1.90196598072762,4.469354723806297,1.289862568704272,1.416407411315915,1.7942514317312768,1.343688275630921
2022-03-22,2.284614033727651,1.5184995870386977,1.2706079921664462,1.188570915259219,1.933118807159705,4.4342467071042915,1.29978980128949,1.4329813410348022,1.7859808520991942,1.3378028666080346
2022-03-23,2.3034248168299682,1.5348798136599464,1.2658161335583726,1.1807514270278732,1.9040642087108737,4.285458040660593,1.2907184228212882,1.4145267365196161,1.7785941903737605,1.358890423738931
2022-03-24,2.3556618037547947,1.5389514422603467,1.2723507706072745,1.192089989184109,1.9333730708246937,4.706079419038991,1.2929431151299176,1.435850119833891,1.814750514170848,1.3629770970642197
2022-03-25,2.364457551436065,1.5668060608043386,1.284548467779655,1.2028414897320023,1.9307027998449513,4.6295117430629515,1.3079199016831884,1.442862381062702,1.8132310616215552,1.39272734687061
2022-03-28,2.3763667018424854,1.5394141463448527,1.2911555589620558,1.210465769626617,1.975334012508769,4.717614718348553,1.3169058561939035,1.4531250386461219,1.813831729317749,1.3536594934101476
2022-03-29,2.4218372746598575,1.520628025827424,1.2905020952571655,1.2151575301700432,2.0052790362824218,4.7906717205827425,1.3304274999387196,1.4711015648896202,1.8051020487887697,1.3464672884214264
2022-03-30,2.4057336056690555,1.5313629279312049,1.3039342657058273,1.216134923946075,1.995424058025985,4.6291778500697385,1.3212702571833537,1.4620179746712314,1.8407637050713443,1.369515832022611
2022-03-31,2.362969092216019,1.5068394441091553,1.286799175975012,1.2120297179763504,1.9601386932917926,4.561637118282797,1.307663042704492,1.4395156270482463,1.8024156613460947,1.3500634629631993
2022-04-01,2.3589097922200795,1.5197027850016622,1.2937694137816165,1.2290372654404969,1.9671961682365204,4.465676144105214,1.3272610892259096,1.4435954206717807,1.8116760424546463,1.358727164302467
2022-04-04,2.4148000014766464,1.5210910645984288,1.2812813995285495,1.2225860101875123,2.002480929973879,4.574008109538014,1.318617711204496,1.455962076098438,1.8025925615392853,1.3593809225224465
2022-04-05,2.3690587805329533,1.5117444420914143,1.2895584396082616,1.2212176927033775,1.9764782995006902,4.335110551282442,1.3232385308429646,1.43757126344576,1.8299484214077448,1.3523515446857146
2022-04-06,2.325347947910256,1.5251626931988291,1.3231024509581577,1.2335333951183243,1.9041277243773849,4.0803297289254274,1.3421521582685756,1.4231964525541085,1.8793941827240224,1.3673905774520851
2022-04-07,2.3295430993429456,1.5463547076124378,1.3196898487566908,1.240180027719587,1.916016409955841,4.047061321894837,1.3595247785985674,1.430367729685746,1.8977724452469413,1.3902760057116308
2022-04-08,2.301800506173172,1.572543591452209,1.3223037035762515,1.2478041386026544,1.888042783831365,3.8650036087787987,1.3701367238327105,1.4265432065685644,1.9296176285415456,1.4195361890189804
2022-04-11,2.2430681751660835,1.5321035891529127,1.3057494982801547,1.2474132994003244,1.8135945837216396,3.66405503605541,1.3649164687262438,1.4021602872056007,1.8995045978307625,1.3706603772157555
2022-04-12,2.268916020502176,1.5640300036405541,1.3061848487645118,1.2620747130754377,1.7932498725415456,3.5950098668737653,1.3608084863858123,1.3969650119669017,1.8863216269406984,1.3992665141134761
2022-04-13,2.3059954466564254,1.5886456935930062,1.3117033760310108,1.2653981561347294,1.82859794894647,3.7118672973640967,1.3646594629709883,1.4129652271484994,1.89794911221641,1.4190459784251146
2022-04-14,2.2368430573112703,1.5879050323712984,1.3061848487645118,1.2710673104541872,1.7790724119803023,3.5538841005929434,1.3570427869815638,1.3953712459674081,1.8902446831696549,1.435719478788846
2022-04-18,2.233865927921742,1.6091895876018085,1.2899213359591195,1.2597290863210453,1.7834588119495094,3.641653182885333,1.344120285151627,1.3959449605046976,1.8876293123503505,1.4474889999811962
2022-04-19,2.265397172961134,1.5901263466634246,1.3292739413828558,1.2720444507128983,1.8138486463876835,3.711031925239315,1.3642316093007596,1.4184793586434181,1.9004236159075836,1.4345750776905264
2022-04-20,2.26309655841269,1.596604203846504,1.3351549895901949,1.2894432599082422,1.8205873370061885,3.5913325664561824,1.4005174167266847,1.4174273597217995,1.9297939456754314,1.4378444451697223
2022-04-21,2.252134992872546,1.5230342544101034,1.331306911767698,1.2943303977999465,1.78530257526883,3.3741674762798883,1.3994245184664713,1.3962317662451817,1.8995045978307625,1.422642008872063
2022-04-22,2.189478158559089,1.4894421052182416,1.3180926042662238,1.275563440132015,1.7421973465928329,3.2624917836018428,1.387720408854911,1.3579202698591608,1.8411877057980697,1.3915838103412395
2022-04-25,2.2042290088171588,1.4574229825704497,1.3505475511535274,1.2890525897174594,1.7847303312733973,3.327189947454233,1.3989083053075713,1.3657930513657452,1.8529574575442447,1.3446691291031276
2022-04-26,2.121949447022422,1.4485390641479408,1.340890754120518,1.2716538650278892,1.717975164771399,3.140952815147296,1.3751556014998791,1.3262384896395436,1.8158817658347532,1.3451594837918184
2022-04-27,2.1188366771455796,1.4458557151443066,1.3221587953092537,1.2816236871711228,1.8006247248198841,3.0785954202770136,1.371455217664499,1.3299677887164063,1.8159875327927126,1.3835737231271261
2022-04-28,2.2145138485667832,1.4972153664946872,1.3320328296060873,1.2939395585976168,1.8413774618476382,3.30712854344539,1.406309513308009,1.3635619850790954,1.8534869920052073,1.4254208775677433
2022-04-29,2.133452097865772,1.449834802927806,1.3102511649442143,1.2630521913572432,1.7643852180954138,3.100663700274753,1.3816961117568451,1.313170845119543,1.7973971532945705,1.3935450850011775
2022-05-02,2.1376478821467693,1.4783370398468563,1.297036482032722,1.2401800277195874,1.8085718210936548,3.2655006583912516,1.3630209962400235,1.321075161860259,1.771242862042221,1.4125075316563727
2022-05-03,2.158217139747146,1.5036937257075147,1.2944954567566784,1.2331426404217685,1.791469423889791,3.2770359577008135,1.3443460274997612,1.3271309573767318,1.765835220210421,1.4416041673376088
2022-05-04,2.2467222412955676,1.550889040297344,1.3083632279630428,1.2712626878024655,1.843602721163914,3.3994112577427664,1.3542433176668913,1.3675460393807073,1.7941099815438402,1.4989805651384625
2022-05-05,2.121542947459352,1.5385812789927429,1.2833866989102178,1.2610973192994068,1.763304848767893,3.150315251433979,1.3292857250842742,1.3189397318392106,1.748516842892454,1.476258828599855
2022-05-06,2.1315723274420435,1.5795766935366955,1.2805549811434696,1.2655936179887814,1.7466480662243298,3.1220613158981942,1.3425387677256535,1.3110671564452676,1.7658352202104206,1.4988173057019984
2022-05-09,2.0608264260577407,1.4737099990017997,1.2875250938134013,1.2630521913572432,1.682117355042829,2.833678193517377,1.339182281368608,1.2690903589575333,1.7191818465184998,1.3806317390898066
2022-05-10,2.094031343921941,1.4878690786741717,1.2857829410559365,1.2513229590102248,1.7133968108100464,2.9415086798186096,1.3321252643996233,1.2720224143375267,1.7248016053255233,1.38978565102294
2022-05-11,1.9854738108912147,1.509893625753392,1.278812703249332,1.257187406172187,1.6564957180692337,2.780180796339588,1.3133642845956375,1.2518148218073786,1.718227378435924,1.4187187390780627
2022-05-12,1.9320763911192405,1.5242374523730675,1.291445876042742,1.2610973192994068,1.6234358136502618,2.7041149193159915,1.3080288098901558,1.2505081707173311,1.6922501039886266,1.4251593454607863
2022-05-13,1.993740919286,1.5534801831705762,1.2840405380251259,1.2847515838705896,1.6601196285418913,2.9600656464327484,1.3220565392112833,1.2804053246315341,1.715576557610865,1.4674354701947423
2022-05-16,1.9724635044291476,1.6010461630577586,1.2929706663997098,1.2894432599082426,1.6625355353571731,2.88617263243203,1.33496524404465,1.275210049392835,1.7290781121052785,1.501949206718364
2022-05-17,2.022608716747118,1.6104851590384248,1.298343659715847,1.2859246085122198,1.6963587332684724,3.038806825073415,1.3311788491455463,1.301441386923721,1.740776730616222,1.5211063254818231
2022-05-18,1.9084945646240965,1.5680328541654647,1.2742385824517728,1.1963906570078857,1.6191237832905774,2.8316732364537294,1.2482169216640282,1.2489781965803455,1.6660249127247675,1.496995226642788
2022-05-19,1.8614663411716874,1.5568362520366743,1.2629117113847794,1.1729320233023015,1.6131336127419678,2.8627678209988177,1.2194725672409095,1.2413287381206994,1.6913663026938384,1.505087303812195
2022-05-20,1.8647187595751273,1.565793634145656,1.2849841936740296,1.1920899891841097,1.6094374431487062,2.7908804037034964,1.2202473273089374,1.241870402142254,1.7167431426686641,1.5169772882780526
2022-05-23,1.939530500387884,1.6021812523182293,1.3112173451942055,1.2288416345748987,1.6609911599659155,2.8249857819632407,1.248303079504311,1.265105686317997,1.7391861448316976,1.5505009492606827
2022-05-24,1.902260375943538,1.6107651242946193,1.3255392373858335,1.2515184208642767,1.6544275394282055,2.7006048852158906,1.2705064099525065,1.2554484846186396,1.7585542088310857,1.5589227153891625
2022-05-25,1.9044287251956429,1.6366099504136875,1.3125326567610573,1.252495814640308,1.6729080858960963,2.8378576127082766,1.2496801371832424,1.2665403333583432,1.7604275783786207,1.5902996516723764
2022-05-26,1.9486101860099396,1.6476192954464337,1.3113635048279304,1.2569921133296826,1.6944462283100794,2.98430710927424,1.2606095601150544,1.291847461805268,1.7750598014776346,1.595914306519521
2022-05-27,2.0280294844026634,1.6633872131182408,1.3232742636097876,1.2644207623586985,1.7412208937196985,3.1447983413449823,1.2798868998544997,1.3235611894842996,1.7923073953959527,1.6116026305663032
2022-05-31,2.0171873162432656,1.6296123250980679,1.311875063545968,1.2390070030779574,1.7324907055575514,3.1215598367666266,1.2726578607580679,1.3161346418463093,1.7557976210480666,1.5853455275019754
2022-06-01,2.0154250446553594,1.6451002775136803,1.2985759133803965,1.2329470095561699,1.7359953231565568,3.0627131156381964,1.2533803742420635,1.305489336144162,1.740847630627731,1.6157308032011253
2022-06-02,2.0493071102089515,1.6421145392584362,1.2944835687727703,1.2458494355563654,1.7497597308865338,3.2753648936303783,1.26689203718085,1.3303502307224926,1.7398221459217849,1.612923836014615
2022-06-03,1.9702951551770427,1.6570430631914077,1.2891492426885,1.2309922220041067,1.7207011124588099,3.129584142513464,1.255532118600743,1.308517027789757,1.7163189087182162,1.636373539607958
2022-06-06,1.9805951832860549,1.6498585154662426,1.2890030830547752,1.2290372654404969,1.7126080909512191,3.140617962691458,1.2506265524373195,1.3125014943166518,1.732470700978384,1.6322450787834863
2022-06-07,2.0154250446553594,1.681301307963207,1.303179316159369,1.236465745457966,1.7365052574791464,3.1640237335872947,1.264568564247842,1.325091266677606,1.75692863948825,1.707053636200483
2022-06-08,2.0052610789325334,1.689978557472745,1.2954334812553097,1.2294281046428266,1.723186665408414,3.1182065148951397,1.2488192926632113,1.3106845083265404,1.7443110029004856,1.7272006864101084
2022-06-09,1.933160460270575,1.6562967122992214,1.2693466145055314,1.2081198893549039,1.6873730754476681,3.017879665956693,1.2262714042421645,1.2795125477253837,1.7298199967651857,1.6898791181310278
2022-06-10,1.8584845708945685,1.6365162381940412,1.2608699814328475,1.2004960319891567,1.6121776617611876,2.8382906501726533,1.2216243849878685,1.2424123753327705,1.7128553032217397,1.6589978680450213
2022-06-13,1.7873330137449384,1.5612218165728915,1.2481554698021757,1.199127376481928,1.5438008357737125,2.616397807915744,1.1889213933733604,1.1952400964936958,1.6600871533726997,1.5828685374641873
2022-06-14,1.7992594620051063,1.5632744488696533,1.2290104348342967,1.1662449969413167,1.5580116621597684,2.6480009076516438,1.151829562472286,1.1916385872544906,1.6319890590087491,1.5869969982886591
2022-06-15,1.835445095399246,1.532578007264875,1.2421634253661433,1.1749086133439213,1.6043397079143642,2.763545953182543,1.140383339275337,1.208627009495199,1.641107756706143,1.56701479255857
2022-06-16,1.7626671180984603,1.4506589684309494,1.2428211437179058,1.1630946217061056,1.5610702631005837,2.6087059559681824,1.1473544919571577,1.168626316956724,1.61773349222088,1.5092157646366675
2022-06-17,1.782996104291292,1.384414637078932,1.238291071029141,1.170182965985331,1.5781485404310889,2.6553583868746804,1.1390924394366886,1.1711453226033859,1.6034392102951471,1.4221868133206168
2022-06-21,1.8414086359534838,1.4423548943675046,1.2642311524618308,1.1951893229321406,1.6169570146671948,2.77006742063905,1.1736024706604657,1.2006273656578432,1.7036760839684686,1.510702102754165
2022-06-22,1.834361026247911,1.379656231783121,1.2841804408252153,1.2040500913042662,1.6130700970754555,2.7356211133268493,1.1919333951458342,1.1984507131085187,1.7368757140290005,1.4509211946123821
2022-06-23,1.8739349294822407,1.3288998528467157,1.3128248508918352,1.2184238473264648,1.6495840678588514,2.7130475163470456,1.2246369004782998,1.2101987214420649,1.7728065104868451,1.4071588758557534
2022-06-24,1.9198786618844432,1.3507325408905342,1.3320430908132495,1.2412644058048403,1.7059176400794307,2.8637074547287567,1.2422786356296858,1.2486755201664752,1.758015811868684,1.4350678819912388
2022-06-27,1.9198786618844432,1.3768574159374218,1.33080085906326,1.2387043033973637,1.6880102421022238,2.8207334436129026,1.2328124282170878,1.2439060736448733,1.7935560752039208,1.4702427255709027
2022-06-28,1.862686050810336,1.3989697345509362,1.292948892618659,1.2262997854144928,1.634417792989378,2.6724144341237372,1.2127601082447756,1.2184893963290533,1.8034168907849446,1.5110323680925364
2022-06-29,1.8869456578431794,1.3713523250629254,1.2933145419763168,1.235160300269298,1.6585059085147273,2.598840281535119,1.2237756156285908,1.2174969639607942,1.829203038392005,1.4552149322008643
2022-06-30,1.852928162751709,1.350826002095307,1.2971141919064748,1.2387043033973635,1.63664807727927,2.5347971108341647,1.2374593740831041,1.2076056183008257,1.8218254723917326,1.4142601570100448
2022-07-01,1.8828798184147257,1.3669670115415824,1.3118018585924334,1.2676488829055077,1.654172270768492,2.4284489942872804,1.257425242662015,1.220378109518366,1.8351973544966742,1.445801937772795
2022-07-05,1.918523522707916,1.3310456953333762,1.3017178449587927,1.2459897996461098,1.6750103338582418,2.502190253282942,1.2452906374021595,1.2226828610743101,1.7920662420673308,1.4005532808986687
2022-07-06,1.9369548077749639,1.3135051942926268,1.3028871220285925,1.2485495640304924,1.6964218469370922,2.5299478268211546,1.2569085891734368,1.2268121217317765,1.8277134384791374,1.3752872620391057
2022-07-07,1.9834413130758595,1.3390698041406264,1.304348342955824,1.2387043033973633,1.710377605662381,2.651679647263162,1.25647838707826,1.2451861362041816,1.824485738777535,1.419214281180446
2022-07-08,1.9927924906219796,1.33207259718313,1.3027407121215222,1.2432332213153001,1.7056625724186631,2.6483356001970426,1.2480447527600218,1.244162168601791,1.8395602706654564,1.421526426738698
2022-07-11,1.9633825531104763,1.3203160645419507,1.3032526462495777,1.239295252271286,1.685589310313326,2.533626886253548,1.2568227248862727,1.2299492591899457,1.8336010547309585,1.4142601570100453
2022-07-12,1.9767999919839219,1.2961510299600496,1.284984318810703,1.2339787405445464,1.616511098508477,2.5219217620595065,1.2457212798270139,1.2190655842180387,1.8246274221886931,1.3954343122487314
2022-07-13,1.971785934840884,1.2874741151370106,1.2819882965926868,1.2282687699364996,1.6104572112944116,2.5356334424215694,1.253897027730641,1.2126635194640423,1.7778786599944452,1.4010488230010512
2022-07-14,2.0121726262519197,1.268347116420617,1.2837417116506955,1.224330885398259,1.6191237832905756,2.5704136427269826,1.250196203565583,1.2097185820439624,1.7820996595283476,1.3729748282912044
2022-07-15,2.0352118907978065,1.2843018728303446,1.30237531303721,1.2306316358686815,1.63594729445873,2.6356273578294283,1.2484751016317577,1.2328304047475174,1.8790026000946638,1.3960946988306502
2022-07-18,1.993198990185051,1.3023089268503354,1.2731463895723631,1.2138950984200747,1.6202068661038493,2.692312569576033,1.2333284945994285,1.2226509136148955,1.8421847372099216,1.4218565479822451
2022-07-19,2.0464607694697112,1.349240090121036,1.254585993139384,1.2312223312252837,1.653853787940686,2.841300804245559,1.2396108248886648,1.2556859263815123,1.8921260989356001,1.4576919222386528
2022-07-20,2.074108435393309,1.3670602217314816,1.2474246716335518,1.2109415371312908,1.6713143652639246,2.9775799969952836,1.2181820343436585,1.2636884557958472,1.8425397037149138,1.4737107998134562
2022-07-21,2.105415652131725,1.3566104725246257,1.2518092103719551,1.2081848742947074,1.6876914577760005,3.0182132391290297,1.2193340835572517,1.2765568924479513,1.8531452026405106,1.4491047352513378
2022-07-22,2.0883388733928965,1.3453209948924356,1.2577279247177797,1.212713623201097,1.6591427736708666,2.8959792999137055,1.2388230750951428,1.2647129386798412,1.8494206197990364,1.4380404141314098
2022-07-25,2.0728893586029677,1.3853475756941653,1.2602125133544313,1.2245276148389128,1.6493931188614288,2.846651087658825,1.2472251524531413,1.2662495084213516,1.8780093002623635,1.4859309055228607
2022-07-26,2.0545924483266185,1.374524985727715,1.2691273750549448,1.244611679492252,1.6052315402317976,2.764549231266553,1.2496504883182724,1.2512684171950719,1.8855291327330999,1.4801511180065303
2022-07-27,2.1249312172995425,1.3926250825943554,1.2656196689822186,1.2406736259424642,1.7125441732868179,2.9747377488816076,1.2615172263574874,1.2837593956447586,1.8962403986166554,1.5121882967768383
2022-07-28,2.1325209670555,1.4031681256627344,1.2729271501217756,1.2613481324350853,1.7614218906543626,3.007177180204912,1.282478973890944,1.2998603999079923,1.9206434129399736,1.5298583569486757
2022-07-29,2.202453025515917,1.5280997345685081,1.2752653288513567,1.2635140154092932,1.7890144227797724,3.0371076167660025,1.2032227875892187,1.3188114267199493,1.9236587624426298,1.600703153925912
2022-08-01,2.188900157104593,1.4975898806867765,1.2708079605694362,1.2704055457420913,1.771617763120934,3.083593900728081,1.2377836035024985,1.3149059013347042,1.8989719148495512,1.5602442090271245
2022-08-02,2.168570959962325,1.4848077012702137,1.263573809520087,1.2530782284311088,1.7512893328553572,3.0978061007590876,1.2295550894258191,1.306231032484178,1.8992557481193117,1.5534733373060292
2022-08-03,2.251514168682553,1.4495392747494211,1.275776887569394,1.2585915541042756,1.800039013895157,3.1591746094847206,1.2549344444514559,1.3266856510150236,1.9176643297260991,1.5031054235923158
2022-08-04,2.247176626380599,1.4101659183216038,1.2553164158979904,1.253669092799258,1.807558585413647,3.2130177330280865,1.2529416591064495,1.3257893701939696,1.8931901821675492,1.4398571616821039
2022-08-05,2.2440558404251907,1.4334913918214198,1.2503478643080508,1.2479588686738905,1.8028425471752056,3.175227058828892,1.253547846296173,1.323548822725816,1.8978366983823705,1.4606644543788236
2022-08-08,2.2375412999442577,1.43134538199151,1.2436978512469106,1.2398858631221146,1.7863383228306355,2.975238588371426,1.2583122134095934,1.322012252984306,1.9032991477888568,1.4689215201225918
2022-08-09,2.238219713330265,1.450005995071912,1.243551941886531,1.2414610507397204,1.7989558305824112,2.857018401133894,1.2553674353012585,1.3167625640082818,1.9056400142872838,1.4960044306276739
2022-08-10,2.296849101012611,1.453831294409241,1.2471323523661018,1.2532752113890828,1.8426706890575468,3.0260721974836353,1.2672343201170326,1.3444196857359345,1.9072714142231701,1.5102065606517832
2022-08-11,2.2866699469303966,1.4892861413098308,1.2213376797471007,1.2448084934386792,1.829033714658481,3.000154553437712,1.258225762016192,1.3444196857359345,1.8900333824774567,1.5538935178150575
2022-08-12,2.335663164378657,1.4914318164532419,1.207892495084477,1.25425978815586,1.860195184045186,3.1284065620527266,1.2704390395118081,1.3671792619353658,1.9284828785218073,1.5673999580251794
2022-08-15,2.350456415473353,1.4630684744311682,1.2136650497965766,1.2700117488376899,1.8701371948446581,3.182417911376198,1.2868102033780024,1.3728132479312485,1.9318169282406732,1.5393867713313854
2022-08-16,2.3482849019797087,1.4593362179404883,1.224479861598842,1.2804475358158738,1.8652937232753055,3.1568332008608624,1.2986769414172172,1.3755020903944102,1.9370663277770477,1.5250471748444459
2022-08-17,2.368913647321022,1.4713718791216153,1.2245529414157044,1.2774939745270897,1.8603758820964307,3.065868468388226,1.2926999063712314,1.3657390498537025,1.9330935948952899,1.537385582404986
2022-08-18,2.363485074536347,1.497168845071364,1.2186342270698798,1.284188775419234,1.8530321846545141,3.139108408162757,1.2972910771447306,1.3697081609888146,1.9338739614693394,1.5737362397547696
2022-08-19,2.327792219024581,1.4846470517508197,1.2371944983661862,1.283204198652457,1.8273597954473932,2.984603583225108,1.2969443909117702,1.351302096000674,1.9448697602938219,1.5687338438180707
2022-08-22,2.2741840607660953,1.4772094810326084,1.2328541328732494,1.2641047107658947,1.7737178000946903,2.8483240706545088,1.293479877007113,1.3231645257059579,1.9315684283648065,1.5675665316426126
2022-08-23,2.269569541854742,1.5251317346976978,1.2221142779379373,1.2654829999312998,1.7653522240181474,2.8729042238023337,1.2685332926664399,1.3199634933289597,1.9004616313742784,1.6340978500403736
2022-08-24,2.2736412878674024,1.536429412149107,1.2180679836258683,1.2672551705068795,1.7612011938131316,2.8797602238938027,1.2630762869698948,1.324188905533631,1.9028027310964275,1.6437692064892546
2022-08-25,2.307569973246339,1.5498928459338517,1.2294700618331602,1.2733591070308747,1.7807421102135501,2.9953057491560138,1.2620368153772503,1.342883425163387,1.9209273628215937,1.6522729625730281
2022-08-26,2.220576324406482,1.5385007868897982,1.2084310833238194,1.242642610464471,1.7120288119927225,2.7189002383545033,1.2324997941458742,1.2974278585143908,1.8772289336883126,1.6319302315913655
2022-08-29,2.1901768230909484,1.5499872275264959,1.1990888798860022,1.2351603002692972,1.6937646408887526,2.64214850546506,1.2273026563474903,1.2888491412110696,1.879073616718033,1.6694477688321328
2022-08-30,2.156654637275083,1.5122332517228234,1.1948952997101538,1.2237400210301095,1.67933201216727,2.5864664118920286,1.2142233237639897,1.274700229774374,1.85449323575408,1.6059178015394966
2022-08-31,2.133718527003375,1.4881308035161867,1.1868771674062781,1.2150763201217316,1.6697534074597338,2.523928478137966,1.1948210037843385,1.265001084152495,1.8420430537987627,1.5939123971189988
2022-09-01,2.1437616186994033,1.4644048776206304,1.2163028057206247,1.2207866287528726,1.662920247337241,2.330461635047444,1.2095459951502077,1.2689705044565687,1.8586075354351348,1.5652323395761714
2022-09-02,2.1145824598708267,1.4861536430248905,1.1971762909803068,1.2040500913042658,1.635204703857702,2.281969754379968,1.188064658596988,1.2555898778906278,1.8314732381026428,1.5939123971189986
2022-09-06,2.09721098476998,1.4792808557733002,1.2004127007465983,1.2046405331435475,1.6172603220746786,2.2515368792246853,1.1748118361204478,1.2508521727157988,1.8361905377171122,1.5832405903017426
2022-09-07,2.116618754776029,1.4603563423886432,1.2069599765994439,1.2268904807710943,1.6481687337900628,2.2938546179056045,1.192568423929451,1.273323809555218,1.8503787028493028,1.5697342941864454
2022-09-08,2.096261079459908,1.4682649843538285,1.216670332128373,1.223149241167734,1.6509146808724677,2.3400191620677107,1.1941277047066974,1.2816465349579416,1.8710570177192858,1.5825740076423587
2022-09-09,2.13575418906027,1.5061131744068956,1.2190246534887337,1.227087379223295,1.6888476037056566,2.406423090555443,1.2123175769186216,1.3015572222281775,1.865649142663764,1.6090861585465284
2022-09-12,2.2179981004003317,1.5299333145518466,1.218509340670515,1.2306316358686813,1.7028329092758099,2.426160196197315,1.222192336883906,1.3155460871988394,1.8902351209970467,1.6275947065036995
2022-09-13,2.0878469393082675,1.500840690649022,1.186803336769379,1.190660658531524,1.6092137313233035,2.1963394741872984,1.1968995800282298,1.2583429244415798,1.8287160672603189,1.5895768720313326
2022-09-14,2.107797060314138,1.5371829588010164,1.2113002169557077,1.196961662519267,1.6106826316108427,2.195837835145293,1.199757833354884,1.2631444214789167,1.813807590662512,1.6285953009668992
2022-09-15,2.0678968183023976,1.5122332517228236,1.2143900916782564,1.1806980193790357,1.5670022444547154,2.1625526375187794,1.1904899210738398,1.2488036191730933,1.8605607841074792,1.581240121849467
2022-09-16,2.045231989005318,1.4729725173018315,1.2329279635101478,1.180896269923612,1.562915232413572,2.2075464773689557,1.1977657085043942,1.23927668066309,1.8538365943645885,1.5542270973343983
2022-09-19,2.096532360434537,1.4772094810326086,1.2232174828445457,1.18982126268358,1.561510149290961,2.238322680233255,1.1952538478575823,1.2488870947928534,1.8628384469772248,1.55406037962214
2022-09-20,2.129375921914959,1.4713722138081144,1.213580582542497,1.1880364162419788,1.548290951198361,2.2038662985635007,1.1910092165404844,1.2345517544720268,1.860169201478122,1.541387960257784
2022-09-21,2.086218620612188,1.4594150366109415,1.2011483792454585,1.1781196637244884,1.5259399690521926,2.2180839355493775,1.1756778178200533,1.2130164873624103,1.8220268610757389,1.5165425541917232
2022-09-22,2.0729182586756933,1.458284967647952,1.222481929482358,1.175342804008044,1.538903596986664,2.1009992723275546,1.179835777578911,1.2028273089356434,1.8411695143477456,1.5102064165569575
2022-09-23,2.041568008252344,1.3630056621425177,1.2264541428841826,1.1622527751907301,1.5193623790878281,2.093472447951351,1.1743788452706456,1.1826742331991411,1.8274706525844597,1.4298356548090325
2022-09-26,2.046182316214261,1.3271347999239964,1.2189505725784893,1.1477739784921002,1.5163611633457112,2.0453002282481623,1.1755047682566915,1.170974249111037,1.8087908317889032,1.4003221527997383
2022-09-27,2.05961831863807,1.327699583390617,1.2133599665885095,1.1182218024726587,1.5097196557169472,2.0762441771612554,1.1431959450920628,1.1679852035857012,1.8088263984065192,1.4296692252864238
2022-09-28,2.0335610005120817,1.3725149422879188,1.2238060006162992,1.1301219899994204,1.539478554467849,2.1302705580658383,1.1431959450920628,1.1909668661562227,1.8286450506369485,1.4816933649160382
2022-09-29,1.9336743330965445,1.3630056621425175,1.2103439225028596,1.1219903374408517,1.5166803496698231,2.0439624175291904,1.1147848468467323,1.166088658116016,1.8104630458761526,1.478691869716089
2022-09-30,1.8755877183128915,1.3526492904688097,1.201736897017212,1.111081825165839,1.487304554907434,2.030414005723674,1.093563158026835,1.1480567906283063,1.796977817042284,1.4558477966712522
2022-10-03,1.9332669897357297,1.4285338480588596,1.2005597363370315,1.1235771023494237,1.5373711810326134,2.0928032227709896,1.113139041287805,1.1783672003884818,1.834230992004271,1.5327170541772777
2022-10-04,1.9828031910321195,1.4840824356274487,1.218362179943408,1.1261553734981977,1.5893532266008836,2.202361061616609,1.1269114527841084,1.2148806731473984,1.8614862158366565,1.5885765657577826
2022-10-05,1.9868743041964718,1.4925556937160056,1.214610707632243,1.1154451962735348,1.5913967828711912,2.209386406861244,1.1191159295572317,1.2120521893696998,1.8753627940761604,1.6527734038994522
2022-10-06,1.9737102155955992,1.5197647020039309,1.1910701218987623,1.091446486169661,1.5760064946778993,2.1961723677802527,1.0955555030421638,1.199548778205485,1.8471112385030872,1.7017961924239422
2022-10-07,1.901238325926373,1.5066777905302668,1.17849088301129,1.0811329790456974,1.49586198447665,2.019876547543251,1.0764126840192758,1.1660886581160157,1.7963019346957216,1.6846215302596623
2022-10-10,1.9057163605526684,1.4794687822423414,1.1800355700992187,1.0787527894299527,1.4639956117910398,1.9519675420190652,1.0719951499153753,1.1571850042335543,1.7749887848542614,1.64810444338727
2022-10-11,1.8861737938570489,1.4797512576472764,1.1971025854800799,1.0805380584004214,1.4394733385452356,1.9379173312611062,1.076066217951154,1.1498568753818244,1.7783691294819588,1.6340978500403731
2022-10-12,1.8774875289330355,1.484176482533594,1.1968082640258666,1.0936281717235086,1.4416445291453994,1.923532587868186,1.0777986216800421,1.1460638874987743,1.7789028619699185,1.6412680085209048
2022-10-13,1.9405962169382927,1.5561068028126757,1.2149046536764379,1.108106545893271,1.49586198447665,2.000473814625903,1.0940830405997166,1.1763099901148384,1.8143059897565774,1.6986282677013844
2022-10-14,1.8780309346800366,1.5077139799303605,1.2098291102313314,1.0904547264121383,1.459589312926312,1.8778696827480856,1.0834287503282285,1.1495033922018525,1.8257628718795944,1.6539405719800857
2022-10-17,1.9327244277864728,1.518729349320084,1.2254977232946616,1.104536599492748,1.5168719016640797,1.9884304798568402,1.1030047069774782,1.1790420131763695,1.8568961397625772,1.6777850953932973
2022-10-18,1.9509103786595134,1.532004856635787,1.2212313135752961,1.1194118972805305,1.5230664881394034,2.001644998669144,1.1119265201317987,1.1928953590853222,1.8580704212032046,1.6807863024035972
2022-10-19,1.9524026349694068,1.581715507606884,1.2115209580463668,1.1098918148637398,1.5101665768703876,2.0156950495166654,1.1222340507820467,1.184441958267962,1.8513457650128697,1.730643111773853
2022-10-20,1.946023945925224,1.590753716505311,1.2146107076322425,1.0924383304329566,1.5080591029356798,2.039613493274685,1.107779421838326,1.1745102145302824,1.8533380786586613,1.732977592029944
2022-10-21,1.998681987924202,1.6305794017361732,1.241093256541129,1.1098918148637396,1.5461835777631245,2.0851096118086163,1.1216498066879321,1.2030522808837127,1.8990590239097422,1.7651591538146711
2022-10-24,2.0282678572652855,1.6300146182695525,1.2577924952408963,1.1418240959931525,1.5789437927556154,2.10735523248139,1.128541259698077,1.2177735671255292,1.9270612633239212,1.7774984259441597
2022-10-25,2.0674896858910183,1.646961469133165,1.255806576244993,1.1691945019529728,1.6007201189190148,2.2180839355493753,1.1415389111263523,1.2372195734457672,1.9221513209150212,1.7654925892391877
2022-10-26,2.0269108195438346,1.6672973554830015,1.2668407526345185,1.177921328674138,1.4772148098836402,2.1570328490419066,1.149564433221582,1.2278981292392228,1.9326481375861326,1.7865024792595332
2022-10-27,1.965160434956644,1.6749238567297506,1.2675763059967062,1.180698019379035,1.448030567115507,2.2038662985634985,1.150436726313235,1.2213411708352269,1.9277734119592653,1.7933389141258986
2022-10-28,2.1136329764596273,1.694506363770927,1.2864086244194834,1.2050933995836084,1.506271217322973,2.313926256182435,1.1795726072081667,1.2503976943415493,1.9613615927407675,1.8458634950819377
2022-10-31,2.081061328802142,1.7031685523880218,1.2797880184764299,1.1870446564844552,1.4823876182238103,2.2575584666539945,1.1747749952040754,1.2413659414524687,1.975273620986026,1.847697822201254
2022-11-01,2.0445535756193105,1.7155962988024207,1.2733144481238103,1.1828796204271093,1.4570987350030917,2.2652522375268043,1.1766067666635789,1.2359337397324996,1.947377964812833,1.8660397965409916
2022-11-02,1.9682818537603608,1.680572528112206,1.2537462009288272,1.1664176422365282,1.4055635100887902,2.211059070036052,1.159683355993187,1.2049163636123805,1.933572869644144,1.827688526644108
2022-11-03,1.8848165451861625,1.7053339740348585,1.2558800314718734,1.1658225525797052,1.3682052432383704,2.2448460666150085,1.1517453127272737,1.192509722333295,1.934213418596812,1.8525335004256944
2022-11-04,1.8811460250006746,1.7268943109403287,1.2614705123251804,1.1753428040080431,1.4138015523349494,2.3677848910382253,1.1727685596390582,1.2096734433754994,1.9148571323953887,1.8727096577899234
2022-11-07,1.8884872763210863,1.7475130073815988,1.272505064124724,1.1799046791776358,1.4551827125631678,2.3920383471625195,1.190738854118337,1.2212449162317012,1.9392306439178648,1.8948864277012527
2022-11-08,1.896371511489627,1.744971230766931,1.2788317240235823,1.1820860267083895,1.461568851032748,2.442384709172085,1.1934427718929344,1.2278339251514319,1.967801366154592,1.9008895621959763
2022-11-09,1.83343095018482,1.675205997448187,1.268606180813107,1.1656245555524494,1.4337257737228253,2.3042248097685434,1.1905641900128234,1.202538132899783,1.9237167185375612,1.815849551746219
2022-11-10,1.9965600475480052,1.7069346122150741,1.283466160697387,1.2074733356820322,1.551675572427407,2.63440308352098,1.231564093580624,1.2686222771489521,1.9362060820781863,1.8425287085522972
2022-11-11,2.0350306852323286,1.755515863596179,1.2450659704896445,1.216200162403197,1.5780499504487353,2.730914309513526,1.2297321753445611,1.2809009224777386,1.8576080551741976,1.90005554135021
2022-11-14,2.0157273351970737,1.756363122467735,1.264633717137937,1.2044983944325582,1.5425435873748947,2.725562107175012,1.2298193606207586,1.2700046746347073,1.827969168290385,1.905602471629713
2022-11-15,2.039653009272812,1.770485888654994,1.2681650740418053,1.2025151284348337,1.5452258177918443,2.787616631676929,1.2255446401090133,1.2808365122773062,1.7897548783697428,1.9183771983196558
2022-11-16,2.022660188409491,1.7416759075003538,1.2760362958919198,1.2003331048578918,1.5480435214974908,2.661165694317925,1.2364489642491925,1.2710653302872639,1.8200340809825013,1.8978704874274053
2022-11-17,2.0488970245054707,1.746609688521504,1.2863351691926028,1.204101639826085,1.5477233301786553,2.622193122076186,1.2288594419232302,1.267176087800688,1.833519659651953,1.9003918586712223
2022-11-18,2.0566456191866975,1.7361729920880988,1.2961926854486385,1.2126302160026738,1.5447775901452632,2.577366388633053,1.2436897454703646,1.272929619128573,1.885787894452734,1.8839193705880446
2022-11-21,2.012057025961022,1.719569194885693,1.3028562132704313,1.231273795241329,1.5500928062377213,2.561978527066559,1.2594790870556718,1.2683009475410356,1.84020851600095,1.8652618285820617
2022-11-22,2.0415559841344955,1.7636875691493723,1.3091497119510216,1.2366289261065475,1.5691768520369387,2.6825756230450435,1.2702956388134163,1.2853686200923555,1.8612019161194508,1.9192175593377117
2022-11-23,2.053654778083833,1.7480326081708895,1.3105561230156062,1.242182307516342,1.5855071117949102,2.7630288028281105,1.27753612648147,1.2934684346734233,1.8847559960944305,1.909636550343961
2022-11-25,2.0134165950757046,1.7429090599049546,1.3122589828578402,1.243372317818441,1.5849306468216395,2.7213804492379894,1.2798915967043956,1.2931789494686012,1.9129003853672122,1.9029132299150395
2022-11-28,1.9605353685734939,1.6922442177259547,1.3129253356400195,1.2435706528687909,1.5482356764885812,2.64728258996701,1.2788444927306697,1.272543776263904,1.8938648983954975,1.8457636373683732
2022-11-29,1.9190734678874335,1.7175771408452027,1.3037445585099978,1.239207281761095,1.5390780640706252,2.615836842101474,1.2690743110638545,1.270358157814679,1.878671539021181,1.858034032171622
2022-11-30,2.0123291507333945,1.739209100661403,1.3178861287562513,1.2705670362752035,1.6339215265950253,2.8313278299090228,1.3011763994447725,1.3103752363081436,1.9489796287241552,1.8714808171242892
2022-12-01,2.016135100456761,1.7314289783117331,1.3233648625608285,1.274162249901996,1.6310395032270888,2.8667966045577176,1.3019616540367873,1.3094109383154333,1.9103744558453222,1.8624044282068815
2022-12-02,2.009337887731658,1.717577140845203,1.3244013696208832,1.285347856608239,1.6331530071301366,2.8234643940621718,1.3138251629916986,1.3079003387667376,1.913586063110101,1.846603710196779
2022-12-05,1.9932972926222041,1.6751663370980863,1.323661186201805,1.2677705712193126,1.602285599199462,2.778961958986009,1.300565662181712,1.284372168527589,1.9095891915731087,1.7960098557978268
2022-12-06,1.9427274390896712,1.63199679905833,1.3038183891468966,1.2671711717680423,1.5697532165107373,2.6747286579732408,1.3022232098653799,1.2658584096843262,1.9248646456975942,1.7460880596615997
2022-12-07,1.9159465643983824,1.636835696457088,1.3117407918961492,1.269168634735711,1.5649501457292603,2.696980355242634,1.310597546453679,1.2637047386945155,1.937677140705149,1.742222139607858
2022-12-08,1.9391931922398056,1.646513156568105,1.3119631597635544,1.2745618777047674,1.5843542823478405,2.872485578277317,1.320018987015704,1.2736044319164601,1.9555587533119176,1.7551645926738322
2022-12-09,1.932531830951453,1.5939509766277578,1.3011532282915248,1.26117886737081,1.5716746659221668,2.844377800881281,1.3165293743194142,1.2640903754465431,1.924436097108289,1.7403728266267662
2022-12-12,1.9642058887589817,1.6105546064869143,1.316701459875708,1.2777578015518827,1.6170787195281833,2.933719122593816,1.3300504309579932,1.2823150613102663,1.9482064920854896,1.7832348409182348
2022-12-13,1.9775281894368149,1.6464182729457129,1.3268446631555404,1.278157260343107,1.6453205787443015,3.0235632027214177,1.328044435722654,1.292021936156197,1.9209384409483898,1.8027333203215725
2022-12-14,1.9468053026359737,1.6350329076316343,1.3309167356221876,1.278157260343107,1.6472418271567868,2.956975537141156,1.3332783410491313,1.283761559827492,1.921438705832232,1.7894546940294116
2022-12-15,1.8555897117850615,1.6227934223727758,1.3141101296572353,1.2605797214368601,1.594664824712338,2.8361791927577182,1.3181870687796413,1.2523582377863833,1.8833210871443884,1.772309859493859
2022-12-16,1.8285371342202723,1.6007819280670064,1.3006347870564885,1.2533889561601812,1.566999530968963,2.772436333858131,1.3123424261901036,1.2375727474567761,1.8691156634567645,1.7598710178404542
2022-12-19,1.7994455194076138,1.6117880935780144,1.2992283759919039,1.2551867319851244,1.5398465835355137,2.719399478739945,1.3119930979790764,1.2270787284334037,1.8687588311619958,1.7677711607032682
2022-12-20,1.7984943484009261,1.638258616106474,1.3006347870564885,1.2541880427541767,1.548491950143016,2.6911247548473027,1.3125166499659393,1.2287581342353922,1.8566600007439784,1.7933204699883283
2022-12-21,1.8413156072522325,1.6575189873926148,1.3155166658584925,1.2743620215504952,1.5653344557114406,2.7607244934257196,1.324555263356042,1.2471309120319491,1.8828211720961288,1.8163481198399212
2022-12-22,1.7975425445459305,1.6326609844150763,1.31070453510944,1.2651737088003738,1.5253734535266825,2.5663144985756356,1.327608215788548,1.2293389596588093,1.8812150769340865,1.7797053822803297
2022-12-23,1.7925130880940683,1.683135724662793,1.3140357984736457,1.2747614803417193,1.528831439370528,2.5440626413958047,1.331359090760312,1.2364105813283384,1.8962765482935722,1.8267697780413772
2022-12-27,1.7676355046886167,1.7042941030832783,1.3136655190590978,1.2825514760581216,1.5174963048856516,2.3625350313796227,1.3429614842163085,1.231534677627462,1.8987033577335821,1.852150640476281
2022-12-28,1.7133956583441858,1.6791512818953136,1.3079647927971334,1.269768034186981,1.501934564592569,2.3483140362745614,1.3256019270000903,1.2162294742726079,1.8860689290378287,1.8217270355537425
2022-12-29,1.7619263691541316,1.6918651852661337,1.3146283206189262,1.2773583427606583,1.5434325052076319,2.443176905478777,1.3310975349317196,1.2381221407023826,1.8911725637479089,1.8355101378274217
2022-12-30,1.7662765684222426,1.7029653976832873,1.3078908370235618,1.2705670362752035,1.5358118312199807,2.4450173147023793,1.3221124610803598,1.2348606142651384,1.8922436436915202,1.8540000975521975
2023-01-03,1.7002092091031031,1.6507827522325091,1.319292790094181,1.2573838820955183,1.5342747922902036,2.3949923726719113,1.3221996463565575,1.2296620412241772,1.8510564509856386,1.7902947668578169
2023-01-04,1.7177456466628611,1.6332301188061804,1.3336562276611486,1.2567845671500215,1.4671609431714683,2.4676037045171717,1.3279573972230163,1.239155177260994,1.8005901026615787,1.795505235721483
2023-01-05,1.699529424545762,1.6626427030017987,1.3238090977489476,1.2424032901139836,1.4236774344816308,2.386627297783056,1.3114696927687735,1.225012243090898,1.7486958420991392,1.835678296487928
2023-01-06,1.7620619041667283,1.6751663370980863,1.334544572900715,1.2663722541855935,1.440455921886183,2.48600731702188,1.3426994880580385,1.253104571660831,1.7488385750170465,1.857865585321465
2023-01-09,1.7692675149998258,1.6620732339241957,1.2999686845476544,1.2505925756100633,1.4544807237489608,2.6146656580582324,1.3262997027627894,1.2523937922170219,1.7490527910057687,1.8232398871189972
2023-01-10,1.7771515392189305,1.670232556076936,1.296859288504163,1.2410047195629443,1.465559886077819,2.6616791667322945,1.324991042960471,1.2611769732605946,1.7345628343772181,1.8504700625349937
2023-01-11,1.8146716387448745,1.6622628338257308,1.294785773837363,1.238607882309825,1.5098758318969454,2.67707118597016,1.3142615297023645,1.2771281336335432,1.7609733218882628,1.8719852931058059
2023-01-12,1.8135839834531287,1.6800997834327376,1.2882704078360585,1.2226283475800224,1.5274227382669134,2.7623971566005294,1.3068465247053564,1.28177762259786,1.7690751641574272,1.9030813885755444
2023-01-13,1.8319353186839522,1.6846543646508174,1.2840502986855957,1.2270228168123576,1.532033453058355,2.8273127986477316,1.3161806332146246,1.286750399240186,1.7473038463139583,1.901904854331301
2023-01-17,1.8479769685405858,1.7124537599225174,1.276128271346361,1.232016516484416,1.5392059998988983,2.961660593134995,1.312342426190104,1.2843930889606892,1.7312789277585974,1.898206804748416
2023-01-18,1.838053063275868,1.6815230377686223,1.2568782467100785,1.1946644575730752,1.5101318040529634,2.9072852876560877,1.2771872386001208,1.264115418132471,1.6997284226368297,1.8592104223210395
2023-01-19,1.8388688047446773,1.698316602215813,1.2551755120045174,1.1928667662539056,1.4852841135157628,2.804893355329545,1.250176829059762,1.2549127978636834,1.728709035565097,1.871144643898101
2023-01-20,1.874213171788258,1.716343151724355,1.2493263736487195,1.2000575315305846,1.5383734622701375,2.9845805561221255,1.2550051907530175,1.2782902997619807,1.7371321435114135,1.9052664424983499
2023-01-23,1.9182579373680606,1.7140666141599372,1.246142521284966,1.2030537682349742,1.553486974916639,3.211113839360849,1.2381509852303145,1.2936280689141735,1.7338843865697136,1.8953491161835871
2023-01-24,1.9375612874033155,1.7156793010541074,1.246142521284966,1.2094453624118842,1.5500288885733213,3.2231592529655972,1.2449100457840114,1.2922396941618177,1.7545491744638166,1.9129981385110086
2023-01-25,1.9284537564557147,1.6990758385382003,1.2550273501840292,1.217035670985561,1.5408709746569482,3.2328632579464878,1.2440321751831067,1.2927242649817092,1.7577613647879007,1.9029132299150386
2023-01-26,1.9570015436225001,1.7817146206876626,1.2504369616190185,1.214638749226668,1.5881966786733397,3.3130030132723247,1.23902870905466,1.3069318154648784,1.757689881717086,1.9793927109200622
2023-01-27,1.9837811526171734,1.7025860305369673,1.2455501242763583,1.208246986038211,1.589221371293191,3.40719665729618,1.2339376173203378,1.3099342583119042,1.7347407840771587,1.943254017057515
2023-01-30,1.9439511567676035,1.6527749736162487,1.1994243713055355,1.2112430537310537,1.5543196130448724,3.2059269844145675,1.237799748924017,1.2934990424006678,1.7338131367226213,1.9087963334207287
2023-01-31,1.96148717242849,1.651067403099686,1.2099378539999157,1.224825666701963,1.5869799315618702,3.2686675246927686,1.2498258863065828,1.3125176741589986,1.7816383430060878,1.949977625676086
2023-02-01,1.9769841508415067,1.6258300329758275,1.2210437337029039,1.2250255228562354,1.618615657958489,3.5038996159031237,1.256936036390018,1.326466965502515,1.7738219665727386,1.9286305537657797
2023-02-02,2.050256382670718,1.6035335531163823,1.2256338719945692,1.204052372960148,1.6945037140082506,3.6320559980765963,1.247982372722339,1.3457764221978368,1.6804198306865696,1.8682870994280965
2023-02-03,2.10028283045625,1.6077080978151448,1.2187483517153894,1.1950640008700726,1.654478392161203,3.530166504344246,1.2518447978791365,1.3314718957168967,1.6846668346654832,1.88122984068372
2023-02-06,2.062627301392428,1.6095105519540998,1.2094936188117962,1.2018551383439804,1.6443598037888512,3.528327214493706,1.2412230186155233,1.3233348778040595,1.6961592834061159,1.8780364111771777
2023-02-07,2.1023212348558116,1.6517315884564319,1.2097898173161001,1.199857759882085,1.7134595224807785,3.7096870784610942,1.2291094024036413,1.3406423624136283,1.7020126157707933,1.9316561128014649
2023-02-08,2.065209744387298,1.6129263623602226,1.2113446404745185,1.192866766253905,1.7081441053893758,3.7150405600831076,1.2163812327381585,1.3259827038515857,1.7246400978979848,1.9148474514920995
2023-02-09,2.050935850803905,1.59812552132652,1.1949818942876675,1.1908692187804628,1.6882271199635077,3.737125470766333,1.2030388031721928,1.314487389616375,1.733598804122038,1.9220751038077144
2023-02-10,2.055973534283769,1.6316172645687603,1.2005349592758343,1.1908692187804628,1.6848977734442416,3.5577721629669647,1.2136599219412894,1.3175550671143985,1.764007212676824,2.0030931395085045
2023-02-13,2.094639933044652,1.6225087715055981,1.204977060883684,1.210444136148605,1.7375383920546734,3.645273875008085,1.2295486312572121,1.333021553611135,1.7679333008141676,1.995301355953917
2023-02-14,2.0857901823077794,1.6349381913524907,1.1997205698098392,1.1902700728465132,1.7429816444748767,3.843197901719204,1.222613658997248,1.3324082654467,1.7589387947487767,1.9719268698591035
2023-02-15,2.114789401267493,1.6177091997704418,1.1799521039385203,1.1902700728465132,1.7290502066218911,3.8085648190161643,1.2198045024296649,1.336735085070932,1.7532999115965435,1.9659986646732603
2023-02-16,2.0927337939414303,1.594353939172238,1.1715862168211844,1.1828795359213353,1.6830185338111892,3.6810778219334908,1.203828681225824,1.3183299475896777,1.739380770027762,1.9602399150013465
2023-02-17,2.076940642520343,1.5587471446012213,1.1960449303223364,1.2008562801014864,1.6567601321809269,3.578351356971986,1.2290216300212067,1.3150363706366985,1.7812457108699817,1.8848652090178308
2023-02-21,2.0215284446856336,1.5410398860124754,1.178222715121672,1.19446477043035,1.6221563548680598,3.4557160425588824,1.2281439061968613,1.2886554983844891,1.7535140109734049,1.8830022070283854
2023-02-22,2.027382713432051,1.5348183986874295,1.1765820482057747,1.198060068562916,1.6147090424701736,3.472278926019114,1.2333230638667363,1.2868797349226542,1.7448770368739488,1.8586115642292973
2023-02-23,2.0340535674450213,1.5499415428194172,1.1762096414677905,1.200257049661763,1.6356386605792135,3.9591409643286974,1.2293728663275039,1.2937250449119446,1.754870206917248,1.8757187900155847
2023-02-24,1.9974302139712905,1.5545357843875975,1.163084681550631,1.195263772518572,1.6000071756623253,3.8958983052771794,1.222438261008938,1.2799048831382547,1.7286021024885276,1.8758883896243386
2023-02-27,2.0139036773233085,1.5584603182718024,1.160549412561532,1.1948641447158006,1.606041967976648,3.9318695185200667,1.2213846254783252,1.2842641655035048,1.724997396640198,1.8725005761991822
2023-02-28,2.006960065689658,1.5388386529102736,1.1428758597280468,1.1886722376816161,1.6012912574202538,3.8841877441282677,1.2075152680646337,1.279517700541417,1.6986575759169409,1.8616604666265957
2023-03-01,1.9783690338885032,1.5510901868830869,1.1377307402929138,1.1756888551504299,1.5810678491032593,3.797523003316302,1.208393212053818,1.2746093340995228,1.6960880335590236,1.8782597581555707
2023-03-02,1.986537839846137,1.5559715894671846,1.136835637673021,1.1928667662539054,1.6121411804527332,3.9005833612710177,1.2283193041851705,1.2845224246431572,1.704939456870924,1.886898098805679
2023-03-03,2.056245659056142,1.5789439687108318,1.1485432996350702,1.1872738361421236,1.6389770520509892,3.996952107063875,1.2372732614059683,1.3051233831493847,1.7080083312177956,1.9107806632526299
2023-03-06,2.0943678082722803,1.5905257949996698,1.1600272172263142,1.205650292630819,1.649120564292478,3.940737511734427,1.2320063313536587,1.3060273931944906,1.7159318739514366,1.927718721714638
2023-03-07,2.064006488804653,1.5700418098741418,1.1490654949702876,1.1986591299910918,1.631658177978737,3.8968955067645705,1.2075152680646337,1.2860078784496045,1.6913055479142356,1.8904552236499395
2023-03-08,2.081297170271532,1.560087564028668,1.14063904170336,1.1992584449365884,1.6287690191482656,4.046325094241216,1.2076911063826214,1.288106517364166,1.6795987665730194,1.8628457906551497
2023-03-09,2.0502553279235385,1.5363497567624065,1.1278126578872858,1.1876734639448945,1.6199094881652332,3.921660516377986,1.1988250683208175,1.2643414206437478,1.6592911608092684,1.8484485562383022
2023-03-10,2.0218003585085698,1.5283097503464662,1.1305717963838626,1.1826799332843831,1.5959623733995592,3.8428464185778823,1.2042675431379963,1.2460974632480553,1.6487963265397945,1.8255824366852755
2023-03-13,2.0486213135926885,1.519120932523607,1.1413846059993646,1.1946644575730747,1.6301814387323565,3.843013365074488,1.212606506575515,1.2443215967298995,1.6607952205929044,1.8045791750268696
2023-03-14,2.0774851030145234,1.5387427652283852,1.1477977353390654,1.1990588422996362,1.6742871396553742,4.026579673256602,1.227617345290533,1.264890092495109,1.6640188388793702,1.8113542254978834
2023-03-15,2.0829309736529464,1.4721237523410304,1.1510043625772521,1.2070486096645376,1.7041406084097366,4.0541904490133165,1.2449979649430043,1.2569793862625103,1.6670633413472853,1.7212440945437861
2023-03-16,2.121869286236766,1.47681371424785,1.1486180062286777,1.2136906789540325,1.7732207297045597,4.273900353889793,1.254302864916981,1.2790331297215254,1.6906673311987879,1.7112505420667208
2023-03-17,2.110296600180682,1.4581492522727124,1.1363138177478214,1.2080549889208716,1.7939571878277865,4.304690149141269,1.2546538076701599,1.26407800868806,1.6816414565427782,1.6910942697883096
2023-03-20,2.142972034960654,1.4795897714116346,1.147573865831588,1.2197289544920362,1.7477328575286326,4.333973907893666,1.2739654931244706,1.2762328833756964,1.708361548544872,1.7353024179327754
2023-03-21,2.168567795720789,1.524863818155457,1.147573865831588,1.2140931799531018,1.7576839132806146,4.3840076449981895,1.264748512309488,1.2929902533454145,1.7196081794824418,1.813048204257874
2023-03-22,2.148826725605943,1.4938514324958698,1.126395735342194,1.2086587826723625,1.7481177705076472,4.429020194369538,1.2639584140910178,1.2709494949828062,1.7032033394838269,1.771550047482849
2023-03-23,2.1638026589121697,1.4790156167230488,1.1269922618610013,1.20604214590243,1.7825935114927691,4.550003314143814,1.2622029664423269,1.274385186602019,1.683109599873215,1.751563086623542
2023-03-24,2.1817742851582875,1.4937560468437292,1.1383271416750482,1.2257672300300402,1.8012763633984552,4.481061447104706,1.2879227696971556,1.2827478978571705,1.7048868649215965,1.7535956882217412
2023-03-27,2.154952908175297,1.5089747439711068,1.1431744358291323,1.234824474325499,1.7743760716384371,4.43956308950483,1.2811635623668993,1.2851462245523027,1.7260552994435117,1.7920446544098183
2023-03-28,2.1463759150591044,1.5265867842509617,1.1321377567061526,1.236233439086676,1.7669929784033682,4.419314910105148,1.2847625235998341,1.2822615750798274,1.6926731718204595,1.8144032719900067
2023-03-29,2.1888539591781244,1.5396998012715273,1.1432487670127216,1.2450895596412603,1.8008910484215515,4.515364794485904,1.2887128679156257,1.3008991045642408,1.671218338567841,1.8455691093549333
2023-03-30,2.2105015902950647,1.5543445110535685,1.144143619359269,1.2448884359003858,1.823617396096863,4.582131559756012,1.2943305939445549,1.3085162033391897,1.6836470639407277,1.8545463610328994
2023-03-31,2.2450831641782587,1.5617149771287828,1.1558515315946636,1.2485111984093318,1.850903002833785,4.648061993438714,1.3052156903554717,1.3269591624901376,1.6927088550499363,1.857425807916269
2023-04-03,2.2623742675440095,1.6267065769160227,1.169646973804202,1.2559583542027393,1.8440336629012544,4.679521173780989,1.3124136128213413,1.3320155178085442,1.7700752274776679,1.967014677282711
2023-04-04,2.2550222578023646,1.6179961934431097,1.181876705964796,1.2521341299298248,1.8437126675866402,4.593845319113671,1.318734105015984,1.3246254521080787,1.7667085264377116,1.9482137609260826
2023-04-05,2.2295625594284156,1.6260363672022995,1.2349713202388235,1.2640094727591844,1.825479651319092,4.498130287188752,1.3277755410660976,1.3211574008041689,1.8239451261897712,1.981581511308312
2023-04-06,2.241815557415431,1.6046915684020167,1.2315410737665045,1.2648143057457766,1.8720894975940943,4.524234066983764,1.3362021301094917,1.3263107321203467,1.8367677664292361,1.9487218392782197
2023-04-10,2.206008789208253,1.6108175027316727,1.2253516887976088,1.2617953369883217,1.857900982090895,4.614930149921633,1.3251420760399428,1.3276720030603602,1.845256410241455,1.940083354533287
2023-04-11,2.1892629901344267,1.6197191595386147,1.2249790317862792,1.2595813702290055,1.8157848692215455,4.546321536233987,1.3225081706841102,1.3280286809862736,1.8659948968317324,1.9538031991788924
2023-04-12,2.179732505567751,1.6254620451704647,1.222368805930227,1.2617953369883217,1.8200225299717079,4.433538303866771,1.3261074254701637,1.3226156477419535,1.86678295978861,1.9517705975806934
2023-04-13,2.254069188250754,1.647189725325304,1.2386997674022096,1.2710541275535225,1.8607897389234773,4.428183542961259,1.3322520793468189,1.3401837617865515,1.8848350589362124,1.960917160677764
2023-04-14,2.249304051442134,1.6505401045209236,1.236686443474983,1.2690412845350811,1.8370358846430892,4.4775469355123585,1.325493018793122,1.3369099716471453,1.833114316822993,1.9656598977402282
2023-04-17,2.2495759652650706,1.6359911150775215,1.2354185587070878,1.277293695843948,1.854113156978871,4.51837686748406,1.3259321742584134,1.341707140319013,1.8100479076508638,1.942793345902727
2023-04-18,2.266458670522827,1.6321621341887063,1.2006683549689428,1.2793063698508425,1.8513522354750893,4.6296550228148226,1.327336532377366,1.342582294594325,1.8069316888884117,1.9807345219283163
2023-04-19,2.2822518219439143,1.6336939942934312,1.2120033599196625,1.2817217138683532,1.8518661897765722,4.67383156041964,1.3275998495246697,1.3423553645761623,1.7414568109897763,1.9744676939042654
2023-04-20,2.268909481069666,1.6257493735296313,1.21983316153111,1.2873573193957406,1.8368435286530544,4.5354457075681065,1.332466813453009,1.3350300182450912,1.7459698066237115,1.9587153917552855
2023-04-21,2.246717178509109,1.618761956152223,1.2131966632306224,1.2891687851559872,1.8345961594528664,4.537955661792942,1.3785753485539625,1.3360673831691716,1.7329321341124972,1.9649826520638112
2023-04-24,2.250938065772984,1.6413509520115654,1.22057897610046,1.2871561956548663,1.8089798489513047,4.525071038212918,1.38104868035397,1.337460910737562,1.7512707486026637,2.002076406424931
2023-04-25,2.2296986218146024,1.6175177590931635,1.231764693000637,1.2851434371421984,1.7682126399995353,4.391035069078511,1.381401824755538,1.31623038116823,1.761944698690688,1.973620560429445
2023-04-26,2.2295625594284165,1.5887067738790273,1.212674342758732,1.2791051616041944,1.8962929865136762,4.510679738492065,1.3654137477089994,1.310655343387783,1.7298161485737673,1.955497033844058
2023-04-27,2.292871227498952,1.5979913120405258,1.2155083129855893,1.2817217138683534,1.957027028629588,4.555861153285268,1.3821087006649106,1.3367480701673389,1.7567511562357494,1.9788716640336956
2023-04-28,2.310162119915267,1.6135930578657092,1.2207280138776573,1.2911817126802023,1.9726275617189892,4.643377257265752,1.381313758819985,1.3481576415437344,1.7625535292171544,2.004448063145812
2023-05-01,2.3089367146418476,1.600767201861061,1.2199825747183255,1.2942010194607512,1.9617131180252758,4.837653087258889,1.3829918552219487,1.3467960614347585,1.775483802204355,1.942285555740239
2023-05-02,2.2946413042159883,1.5318510681896162,1.2306460962832848,1.2883637831578483,1.9607503330803782,4.7205170927866735,1.381754969157106,1.3316590459952728,1.7672098408283026,1.8648785363481735
2023-05-03,2.2798005894982043,1.501126010889196,1.2145387540454344,1.2811180046226358,1.9542663081247513,4.652244930659237,1.3799882197133526,1.3225186717441835,1.7530619067881692,1.8281229725407877
2023-05-04,2.257199888829653,1.4952874049187068,1.2090207273256264,1.2825268848780391,1.9607503330803782,4.61208470359921,1.3736288317305072,1.3131511613622895,1.7453250596440462,1.796110145795866
2023-05-05,2.363124140051446,1.5334786486329806,1.2131217063636697,1.2885649068987226,1.9943913254483476,4.799165203552796,1.3782220573758361,1.3374609107375621,1.7703976592734303,1.8408266604821184
2023-05-08,2.362170859550399,1.5274482672987144,1.2103626930037656,1.2865523173976015,1.981551311864839,4.877980260815524,1.3717737227980822,1.337817382550834,1.7644517370910906,1.8481099334000939
2023-05-09,2.3386173002796724,1.5230451317213136,1.2009670562067014,1.2758847310827708,1.9709580644846842,4.780925819067258,1.357728967396081,1.33195069538283,1.7564286078281255,1.848618011752231
2023-05-10,2.36298807766526,1.503614405007315,1.2054410676660923,1.2780986133363132,2.0050484904929027,4.83346823111312,1.360555737150775,1.3381742665893885,1.7553183462992064,1.8249047587243845
2023-05-11,2.365574528699413,1.4952874049187068,1.200519317191746,1.285344645388846,1.990924294651993,4.782096683289624,1.3637357980835958,1.335840247038368,1.7506261182348595,1.791875919370013
2023-05-12,2.352759139516162,1.499116051121023,1.1989532317327838,1.2903766261762892,1.983605320080269,4.7422713086854325,1.3776036877316944,1.3340900415440644,1.7594729936841793,1.791706175666434
2023-05-15,2.3459420975440803,1.5046674960755948,1.1897812141698518,1.2869549029024443,1.9867515565609544,4.844847138014941,1.378045338398493,1.3386927429387878,1.7438207666366878,1.7951229521513692
2023-05-16,2.3459420975440803,1.4693478625204954,1.1882151287108897,1.2724631768204724,2.001389505704402,4.888354930170711,1.375660366087157,1.3297466298522014,1.7182469692285731,1.7515561700719529
2023-05-17,2.3543948414424998,1.4904056676481103,1.1856052782648556,1.2710541275535219,2.0203055163858883,5.049833449281728,1.3698308414832223,1.3458884444184291,1.7364780675828648,1.7908519815452006
2023-05-18,2.386570326059276,1.4885689081430347,1.1818021245078616,1.2640094727591837,2.049387651690137,5.300834948362124,1.3473062171468175,1.3588537540119832,1.7164920773318497,1.8070826785124157
2023-05-19,2.388070387498299,1.5003610848963296,1.1850087517460481,1.2646133510164483,2.04822929477209,5.231558548688053,1.3529594631030866,1.356876309330555,1.7150232343302465,1.8154542996418754
2023-05-22,2.374981396896624,1.47339455697674,1.1786222765176346,1.2380448203411483,2.0665023098296245,5.2168333559739875,1.3175391970470887,1.3574274545336131,1.721470587515039,1.7934147080037266
2023-05-23,2.3389887822363766,1.516019058053301,1.1781712839491887,1.2358309380876058,2.0284126078196048,5.1351731722097105,1.303317575891185,1.3421933600400362,1.7172438739999458,1.8178462737330492
2023-05-24,2.34280633417872,1.5200784705964974,1.1770445533481104,1.225364560019423,2.0193405204525994,5.110073310140458,1.2925413876872354,1.3324692747885496,1.7222226174068571,1.8381776212235548
2023-05-25,2.358485151005524,1.493885403175492,1.1601393396850628,1.215904561207574,2.0970000807010782,6.355379359128541,1.2842383845067342,1.3440083879600544,1.711011669698764,1.805203249712946
2023-05-26,2.3917508223072774,1.4892459789299821,1.1596888476633078,1.2128855924501192,2.1418449552430645,6.517025784198788,1.2843265972188467,1.3614141882995632,1.7246940891896436,1.7934147080037264
2023-05-30,2.4172459601864658,1.4799672977822116,1.159838761397214,1.203224300885849,2.1310362369942397,6.711970679461849,1.2647169553492479,1.3619329738179238,1.7187124837778271,1.7775255157712155
2023-05-31,2.4165641716094832,1.4558037692895551,1.165023173747578,1.2008090413741115,2.1128924642581186,6.330949521791837,1.258710564991411,1.3543806974686898,1.7451817436668335,1.7457474194958436
2023-06-01,2.455283729628225,1.4706884492911916,1.1611162816889076,1.2076524034160279,2.139850643714197,6.654909518277005,1.2716070873703595,1.3672487218955112,1.7680693868559951,1.7659077264293481
2023-06-02,2.4670087211770633,1.5103166694877983,1.1793735971005836,1.2310002500525838,2.157995019447152,6.580779517008116,1.2942196308657583,1.3870209014707375,1.7893809041314008,1.8069117820502383
2023-06-05,2.448330414320521,1.5030673599251272,1.1895168003804157,1.2227480922610376,2.161469889202349,6.5546757372131035,1.2890965418415186,1.3843626667348214,1.7844023939482119,1.798881809750307
2023-06-06,2.4432866133070146,1.5057738022971743,1.1884647763729452,1.2138919717064534,2.14692862055128,6.468165469883629,1.2762883789512416,1.387377167171368,1.746363954714011,1.8135750149372312
2023-06-07,2.424335759779228,1.5448218434482182,1.1910191912729688,1.21208033693466,2.0806576605069558,6.271523605059279,1.279026935993823,1.3825798954431796,1.7268791622417268,1.8542372776337683
2023-06-08,2.461828013979627,1.5391194548827154,1.2040924697442992,1.2150993901978884,2.0927535759973517,6.444734113317815,1.293512901732945,1.3909428128109727,1.7558913769843345,1.8484283829628345
2023-06-09,2.4671454164115576,1.535446772588811,1.202213792876908,1.2171124022278768,2.102597700310777,6.48824574332408,1.294572775267326,1.3934385277291583,1.768033353790935,1.8347605565489706
2023-06-12,2.5057287010946765,1.520658482298811,1.2013877657003513,1.2118790441822382,2.1351541023733884,6.607401406620181,1.284414956707518,1.4060796221378171,1.7643442209552158,1.818187922562578
2023-06-13,2.4991844167432755,1.532063594116315,1.2076989086517937,1.2167098167230337,2.1508535269435596,6.8651233017411615,1.2813231084868095,1.415349538184016,1.7597596256386046,1.8185295713921064
2023-06-14,2.5079101292118113,1.5183387701760558,1.2138598875959845,1.224962143526127,2.1704774559081206,7.1956441036504275,1.29333647630872,1.4170351273652457,1.6471129177138848,1.796660876216135
2023-06-15,2.5359948823666913,1.529840439048446,1.230163819546662,1.2417952710738178,2.239708326411435,7.138075066916521,1.311267434670118,1.4346030352972021,1.6755611974965245,1.8091325714895874
2023-06-16,2.5211343384019287,1.5199817461983618,1.2339206727347534,1.2507187427298632,2.202583218336815,7.144600692044399,1.3208955366275743,1.4297164137389742,1.6489473388998341,1.79614833092443
2023-06-20,2.5223614312708356,1.4853795131533079,1.233169477288477,1.2424036281370765,2.1750451569254063,7.331365848615507,1.308706330487676,1.422298832000884,1.6881488648360028,1.7549732347465379
2023-06-21,2.5080464025474334,1.496978241110332,1.231291175831104,1.2458512101776054,2.1461559806080266,7.203676085098258,1.3200122352939774,1.4150114103958271,1.7146187077843142,1.7746211404831618
2023-06-22,2.549492271076362,1.4753280408799505,1.244364204029089,1.254369138626736,2.185726039845431,7.20033011910689,1.3245169546740754,1.420119190818259,1.7228908033705903,1.7648824917511137
2023-06-23,2.54512962579153,1.4628594627127054,1.2433124302949639,1.241186744999012,2.155550269283314,7.063769803808283,1.3113556473822305,1.4093829894412617,1.71551801845662,1.7495061329999573
2023-06-26,2.525906014643063,1.4885689081430342,1.2294126241003858,1.2415922882059267,2.114243378165146,6.799855536910886,1.3126807461591854,1.4036248205789459,1.7229268364356503,1.781797062756684
2023-06-27,2.563943784084822,1.483929818584023,1.2268580840636896,1.2389559615907741,2.1526546784866136,7.0080410163875415,1.325135324318217,1.419012881215636,1.7355142705514062,1.7862389298250299
2023-06-28,2.5801685380518586,1.4973649713596242,1.2243787511672917,1.2273956562849355,2.1608902082459647,6.881020957781965,1.3248703926287615,1.41972881347548,1.7063469620336211,1.8007613826446018
2023-06-29,2.5848035190584993,1.5101232206915272,1.2329438558675816,1.2172554705023726,2.155743228270183,6.831653407559494,1.3194820783619479,1.4253243594637448,1.7135040150046754,1.8229718707449272
2023-06-30,2.644519085386539,1.5208519310950812,1.2436130085828128,1.2213114941119338,2.191066380805971,7.079333566855877,1.3403283127432706,1.4421441815638016,1.7286092158120492,1.8323684383629726
2023-07-03,2.6239323189829786,1.519498626237433,1.22730882635879,1.2286126239287734,2.174659439950614,7.097908123618125,1.3470412854573615,1.4438036974958965,1.7186827477532625,1.8359562554049087
2023-07-05,2.6085260488274193,1.5107996221054771,1.2232515200195224,1.2377389939469363,2.1756887555461923,7.081845440005963,1.3447448194112563,1.4416564159979688,1.6947302050491242,1.8265596877868637
2023-07-06,2.615070544128257,1.477647083629708,1.2141605910205062,1.2282069962160853,2.19576332414467,7.046031258812565,1.342536419300704,1.4303671113478202,1.6880408822526833,1.7583904435159474
2023-07-07,2.5996640630232615,1.490598949101131,1.1965040567745096,1.2119822257316533,2.1697052179627567,7.112971047175899,1.3143588425611488,1.42675591481447,1.6600603326446566,1.7624906617547644
2023-07-10,2.5714426146338867,1.5005545336925998,1.1984576905088538,1.2028560247250373,2.1350250610509205,7.058916841855214,1.314888999493178,1.43036711134782,1.6653470479765624,1.7886307598213795
2023-07-11,2.564216752654939,1.5282943547675243,1.1918457189962173,1.2071148621909424,2.139142926430068,7.096569993078277,1.3079990142486255,1.4394765687027022,1.6647716850542136,1.8104995990921762
2023-07-12,2.5872579157457487,1.5429857533161395,1.1877134557899967,1.2136047365824056,2.169576779637122,7.347097197801455,1.3148006400045062,1.4510584502472939,1.6245274158566652,1.8193839096081665
2023-07-13,2.597755603476244,1.5223983500625016,1.1931981961548639,1.2239480742444064,2.204706370189207,7.694354226085054,1.3156840881146625,1.462575097140888,1.6103212924978751,1.7860680333628538
2023-07-14,2.5998007582577554,1.4844129385449518,1.2011621442794562,1.2351024983202368,2.2213066720293226,7.60933944116579,1.3254002560076719,1.4616645945475786,1.7269186936626175,1.7245620219789302
2023-07-17,2.644791632057783,1.4830601357170516,1.1951517047525353,1.233277342624687,2.224459340476237,7.775352060817776,1.3160373792927895,1.4667397061163514,1.740981034596751,1.7320797371768057
2023-07-18,2.6412464158372484,1.4860562492537566,1.1950762473388914,1.2284098945782027,2.31299234063372,7.948226117516101,1.3185105643162378,1.477638221198438,1.7982367586940204,1.7242205172442264
2023-07-19,2.6599249336432265,1.4951416489485059,1.1926722467194648,1.2501103011608308,2.2846179226136014,7.878439923367719,1.3275201498529932,1.4809241719836856,1.8115438046042267,1.736179667225973
2023-07-20,2.6330670624078167,1.5116694723156983,1.2651011026105086,1.2653209178577687,2.231793992965644,7.6178722621034405,1.3382845959322023,1.4710990915379218,1.813485858537912,1.7667620646454074
2023-07-21,2.6168429412890886,1.533803629223255,1.2787004556539108,1.2663349026337156,2.2118482646906905,7.415210089133278,1.3593508483758483,1.4710990915379218,1.8217218044472672,1.7749630775023402
2023-07-24,2.6278857223620724,1.5640562765307064,1.2853873840335004,1.2667405303464039,2.220469712423779,7.465917049179096,1.363706295995184,1.4776709931084175,1.8294544535643928,1.802811275621773
2023-07-25,2.6397474091454045,1.5712086943519927,1.295229883888811,1.2624816083747252,2.25823821812024,7.644483277805766,1.3669063185400634,1.4817052358382066,1.837546150601647,1.8055451867321253
2023-07-26,2.651744736416051,1.559416684941947,1.2977090916485359,1.2787062098476103,2.173244005382354,7.606492395738995,1.368328436622686,1.481932578081652,1.8270087530028951,1.795464889170548
2023-07-27,2.6342937333778518,1.5431788674259117,1.3049971766038229,1.2663349026337158,2.127883970545217,7.681467363758907,1.3520619244432406,1.4721077037485293,1.8170463684909093,1.8011027432844806
2023-07-28,2.669877317081797,1.5355431623004474,1.3109327844004632,1.2671461580590921,2.1771041901144543,7.823717292418864,1.3902834211326218,1.4865201301972333,1.8087026732219575,1.7795759851276869
2023-07-31,2.6783306938285247,1.5818406803574117,1.2587147525187674,1.2559916494774885,2.1613410488788274,7.8201999024386435,1.3893055956948643,1.4893503659323835,1.821146324913057,1.8321978300904453
2023-08-01,2.66687824895093,1.5686953660897178,1.2689330378022254,1.2527469657990773,2.164043077691825,7.7830501492723965,1.3888610094968807,1.485088574846508,1.8152842466588017,1.8216051313319876
2023-08-02,2.625568231858751,1.5438551014966126,1.276596407638969,1.2566000910465207,2.1071660043248985,7.408516877867045,1.3918832856285024,1.4644299048006932,1.8154996287661345,1.7988818097503079
2023-08-03,2.6063444097608492,1.5432755918240475,1.2820813982771817,1.250110301160831,2.101761142703124,7.449684220861581,1.3955277475948065,1.4602329361405326,1.815715477320911,1.8301473607339747
2023-08-04,2.4811878984637157,1.5397958562966658,1.2700598935399765,1.2312490350496994,2.1089669548690075,7.477297555185293,1.3802392076296777,1.453628571829019,1.8080553607813492,1.8352729577458518
2023-08-07,2.43837803088195,1.545401855150532,1.3005643351097536,1.2409837621311213,2.1239588631539927,7.600637754806289,1.3948166151652157,1.4663166599199131,1.8368630383197007,1.8315142442417385
2023-08-08,2.4513303262491317,1.5430823103710263,1.3011653665487783,1.2355079570213783,2.097836236310845,7.474620654463849,1.3963276798427469,1.4599400500771276,1.8193122535626904,1.8405691630302559
2023-08-09,2.4293799826916063,1.545112183985874,1.3003388388255306,1.238347435515969,2.073258286357371,7.1215070663222955,1.3945497753804899,1.4501801012260407,1.8058256253864893,1.8718347140139224
2023-08-10,2.4263807036113034,1.5544874221885305,1.2935767033056425,1.2355079570213785,2.077762270709201,7.093727425143727,1.3876167846040757,1.450700535645533,1.810752593127101,1.881402610378619
2023-08-11,2.4271996093216517,1.5865768290010576,1.3061992394818722,1.240578218924207,2.065408473572813,6.837174795140739,1.3957054940080644,1.4498548554779382,1.8270446694560942,1.9106178361006407
2023-08-14,2.4499986024599942,1.5854166382531814,1.3031186248731041,1.2346968706075492,2.0849039642117395,7.322161403840938,1.3847725484388305,1.4578579001738767,1.8375461506016473,1.9121551837861064
2023-08-15,2.4225580888824974,1.5391194548827158,1.2993620219583581,1.2263817560147627,2.070877051860043,7.3534577953579765,1.3758836132337828,1.44087566131241,1.8222972839814775,1.8630640943146757
2023-08-16,2.410544307555847,1.5332236175209424,1.2952298838888103,1.2265845698711069,2.065848460262663,7.27747858979143,1.3618395917145778,1.4303021858657845,1.8110401579764146,1.8317143919533434
2023-08-17,2.3754583535713016,1.5588878802739412,1.3074013023599218,1.2292210654978064,2.0431522624290492,7.253713979874153,1.3520619244432406,1.4194034646710567,1.7765140679966038,1.8671980307424882
2023-08-18,2.382147771134635,1.5701100859198849,1.2959809541984142,1.2361164830961842,2.0405734459691254,7.24618347755789,1.3558839860462433,1.4200866250209205,1.7926265620596025,1.8954469565696053
2023-08-21,2.4005782124039388,1.5648402796540013,1.2573624004967932,1.2255705005893864,2.0753908851601612,7.860032313102079,1.3490397950881785,1.4293260363961948,1.789892830201347,1.8725378967587978
2023-08-22,2.419554590813475,1.5519592003770613,1.2473697366342307,1.2180665569162028,2.079130671524413,7.6426411095673545,1.3495733278810709,1.4254544165404572,1.7706877895836868,1.8620305021366037
2023-08-23,2.4726609003638416,1.5540088204953344,1.2361747596202732,1.2223254788878812,2.1084035548271394,7.884968746704347,1.362195084541094,1.4413309641372252,1.7602582579563928,1.845666517456477
2023-08-24,2.407950262341999,1.541225469676026,1.2403822299667921,1.2190805416921495,2.063076081819036,7.8928331420138225,1.3558839860462437,1.421355557497595,1.7554389229635172,1.8318864411741183
2023-08-25,2.4383942739885174,1.5527403586651163,1.258166779028971,1.2247593296697834,2.0824837359191477,7.701215023489645,1.3647726276981726,1.4313757235584277,1.7591071822761115,1.864614554629196
2023-08-28,2.459964486662465,1.563376862938268,1.2433333281193055,1.2282069962160858,2.087125806545956,7.837941645643109,1.366906318540064,1.440452821228613,1.7668756312345753,1.8802893337624493
2023-08-29,2.5136173662013714,1.560936998362466,1.2434847434932843,1.226990197583795,2.1174941340970523,8.164110964730874,1.3677059572348857,1.4612739080358375,1.7724502612513775,1.8914853575522164
2023-08-30,2.5618091867424675,1.5630838449086226,1.239095449561318,1.2263817560147627,2.1199449142292313,8.244439734193675,1.369217021912417,1.4672927063331822,1.7677745920712977,1.909916238398837
2023-08-31,2.5648126848114896,1.5720614755507782,1.2235812551521117,1.2134020917376094,2.1133035070999395,8.259669604248055,1.3718836584409635,1.465145527891575,1.7140074284087665,1.9152561044151462
2023-09-01,2.586519803669367,1.6032882279128073,1.2144997114035487,1.202856024725038,2.1191063466321305,8.118090020141521,1.3733951634481723,1.4678783754036717,1.7127847530458091,1.9553904036737277
2023-09-05,2.589795848409633,1.624365946887097,1.2160131143233,1.192918399281499,2.150635845086499,8.124617564194649,1.3549952539799541,1.4615343313582247,1.729220611799459,1.9555624528945026
2023-09-06,2.4970981268217534,1.6260249878613426,1.1958069203708426,1.1921069748445756,2.1463159757679726,7.876411619380219,1.3523286174514075,1.4517089417434987,1.7153021699018436,1.9724431616162523
2023-09-07,2.4240598379170075,1.626122214289226,1.211094241992426,1.1829807738379596,2.1271662033138528,7.739171364901948,1.3652170671195971,1.4472520650425542,1.7436064340361048,1.9627974540461803
2023-09-08,2.432524184034404,1.6316848712415055,1.2151053728994634,1.1829807738379596,2.1552781167122514,7.627203355944404,1.359350848375849,1.4494317062251791,1.735807782605633,1.9913909105993215
2023-09-11,2.448633337710541,1.598018588990173,1.2309979806069438,1.1941351979137897,2.1789411194696555,7.561260769068461,1.3755282671838267,1.458964106720179,1.7307892745541087,1.9664145223375453
2023-09-12,2.406857755213226,1.6277815899499704,1.2379603348031676,1.1823723322689275,2.1391588053466957,7.5097120404803706,1.3513509387902096,1.4509609589679198,1.7326666089049194,2.023773916949076
2023-09-13,2.378325578304701,1.621828688540162,1.2410630986030051,1.185211641751971,2.166819677113288,7.612643830443448,1.3607728196819124,1.4526526284720707,1.7324499440671157,2.0056877109233047
2023-09-14,2.3992129476544863,1.6318799934702701,1.2391712823849794,1.1950236916161237,2.1838416747392895,7.628710351906105,1.3757060135970847,1.465177990632593,1.7460256637051477,2.041515592248824
2023-09-15,2.389246641553143,1.6247563586878755,1.2218407291713913,1.184394048393584,2.129164936819502,7.347367766261473,1.3641502950869313,1.4475250612360662,1.757217836903614,2.010166033982317
2023-09-18,2.429657170250441,1.6317819303261398,1.2295597848274906,1.1917530646652552,2.1216857660888877,7.358413099990958,1.3693064088370033,1.4483740392059226,1.7549071728771952,2.0263578253468437
2023-09-19,2.444674238696677,1.6315871427838742,1.2275168035088315,1.189299946567,2.1190418259708954,7.283768826755511,1.365306160491065,1.445370256626728,1.735410602606946,2.0210179593305346
2023-09-20,2.3957999967302905,1.6266101872043865,1.2328901722349872,1.1946147681782697,2.068233915737828,7.069373065533457,1.3641502950869313,1.4320824838057302,1.776822972816487,2.004998649471257
2023-09-21,2.374502752626459,1.611973007868567,1.223429839778132,1.1762172697519784,2.060238780716284,6.864852733281145,1.3523286174514078,1.408412611125631,1.8093533674065363,1.9767495795493149
2023-09-22,2.3862435653829936,1.6226095121417186,1.2146511267775266,1.1774436175366723,2.0439908300261496,6.964100186767396,1.3473511307739492,1.405245690390782,1.8272611010701765,1.9798499237990563
2023-09-25,2.403854679043077,1.6463223852638242,1.2128347679731448,1.165178872103132,2.0474078120852854,7.066528578673657,1.3391734747750519,1.4111549398192318,1.8423530081253925,2.0020703544422904
2023-09-26,2.3476081761891945,1.6374419810495522,1.2034507688866427,1.155571157199246,2.0125899708963604,7.014477091670498,1.3272627037680604,1.3904232028420467,1.824914403978698,2.005170986881681
2023-09-27,2.3267205958899733,1.6690589778691103,1.1889958564119243,1.1437149971804654,2.016781200890307,7.107699119876941,1.3096625797712234,1.3909781611289704,1.818704355931113,2.0704538677176383
2023-09-28,2.330269609200355,1.6646677236624148,1.1872553304312048,1.1408531246559037,2.0222618391142166,7.211633868103154,1.3007739381192944,1.3990423182230791,1.8417032468357026,2.057879432834126
2023-09-29,2.3373693234166066,1.6454434985181376,1.1787033650815495,1.1443281710728126,2.035866452683193,7.280255274625788,1.2965072903183081,1.3956471277378981,1.8203652586678418,2.0253243772635963
2023-10-02,2.3720451916976697,1.625146435802155,1.1741627809122772,1.1341072822765794,2.0748755238660648,7.494984289199305,1.2905521249796512,1.3950920663946538,1.857841861955573,1.9917352972305207
2023-10-03,2.3536153832766735,1.6289521559793076,1.1756007264183848,1.1218422833257187,2.0206500285770272,7.283266707982193,1.2932186147316385,1.3764173335784708,1.8394284992624828,1.9951803163011106
2023-10-04,2.370816411233275,1.5909923479789112,1.176962964237503,1.1251130792881343,2.056563716012212,7.370966708965642,1.2974852625326248,1.3864402821599624,1.8435805811865134,1.9205958263366303
2023-10-05,2.3878817987025625,1.5993846119347734,1.1892228543362202,1.0707378393445537,2.059142733471081,7.4792523003716065,1.2781967677746762,1.3859177866140566,1.863835011941632,1.8773608946386582
2023-10-06,2.423104447921601,1.5830882242814588,1.1930067370456168,1.0862735497520566,2.110079484027672,7.659003785160007,1.2807747512614327,1.4023727893388658,1.8948127196019933,1.8460113363721504
2023-10-09,2.4435823644162125,1.626903205234032,1.1998180512778798,1.0809590661638806,2.1265859193606333,7.5771609836762615,1.2742856128002058,1.4113507468285458,1.9009508181313197,1.9106052998508851
2023-10-10,2.4353909868689323,1.6251464358021548,1.1984560637321071,1.1044667977238545,2.117365896770362,7.665028570798066,1.2869076630133474,1.418696601367435,1.8927548700902999,1.9025094762160344
2023-10-11,2.454640544798021,1.5720614755507782,1.1819576693920388,1.0979253748105704,2.143350236339587,7.833733442573482,1.2710855902553262,1.4245079472912274,1.8923575734797515,1.8342978680666362
2023-10-12,2.4670639899292817,1.5733301047242456,1.1830930344235342,1.079527876384279,2.1352256579976854,7.856996573359193,1.2739301199736899,1.415823700315518,1.897448497496979,1.833953625530262
2023-10-13,2.441670740627656,1.600946091794637,1.1870283325069095,1.0811633166183734,2.1131099451162356,7.608626240615156,1.2861074372122885,1.4087715562905998,1.9474899121994254,1.8925189497302888
2023-10-16,2.439896233972465,1.6140221259570922,1.1921743278987518,1.0922017987729937,2.144768685892017,7.714737689714745,1.2983742881520328,1.423593837726694,1.9425437035017432,1.8938969285395597
2023-10-17,2.4184625055835753,1.6353926956177778,1.1812765504824798,1.1052845600937884,2.141028899527765,7.353729003459742,1.3000630992428217,1.4235285000193754,1.9375608786796958,1.918700979390912
2023-10-18,2.4005782124039396,1.6483713360091,1.1558485283145183,1.1048756366559347,2.128455812542758,7.062175176926907,1.3335735087097922,1.4045598505765802,1.935430963037882,1.9455722145984071
2023-10-19,2.395390543875117,1.6501279380977276,1.152745639378008,1.111008136131365,2.1362575865795432,7.046277520886102,1.3260689700116386,1.3922191653427372,1.9194367134019734,1.9467778559972533
2023-10-20,2.36016831655495,1.627976712178735,1.15789163476985,1.115505364384248,2.1062755790000733,6.9267770906870485,1.3242799105308782,1.3751113008263476,1.9028283857058519,1.9133614015642522
2023-10-23,2.361806549874519,1.567963072030479,1.1457072020847767,1.1054889795598286,2.1233614942904757,7.1925546340005875,1.32517407332986,1.3727279172977156,1.883115033985938,1.885284380863085
2023-10-24,2.36781312411369,1.5286369063989835,1.1444963796396375,1.1373779937332213,2.1311636703251504,7.30770294173639,1.3408276465978561,1.383077348303158,1.8954990970160481,1.8670256933320641
2023-10-25,2.3358675743820965,1.521025633387927,1.147069815313913,1.1471899590916006,2.196543803046764,6.992384505286277,1.3470891346156781,1.3632272581494886,1.9143098729315473,1.8704705683078293
2023-10-26,2.2783922910638195,1.5100962784283793,1.127619947411313,1.1402398662577833,2.1141418736980935,6.749201667130272,1.3399333370223148,1.3469032400082783,1.907630112307711,1.8534179544601295
2023-10-27,2.296549552813571,1.4086099607889697,1.1018893447687395,1.12920129959739,2.126521398699398,6.778322637057435,1.316318896733441,1.3407978744015527,1.8942717571786494,1.8181066530814087
2023-10-30,2.3248093940002885,1.4255894435862093,1.1127112893613493,1.1478033865012682,2.1748793327960647,6.88895315511688,1.3351029204572298,1.3568281820287922,1.9135153963223122,1.8237907616340918
2023-10-31,2.3313619053796923,1.4220767414387019,1.1226252422567773,1.1547534793350858,2.180037367713802,6.825185350189065,1.3419907040533934,1.3653494969614883,1.93362557820533,1.8232740375924685
2023-11-01,2.3750486897666923,1.4049995301838307,1.125274135344697,1.1537314665106588,2.2313612422377993,7.083767563463055,1.3382339580192595,1.3799105306246293,1.9193282643712102,1.8196568252062792
2023-11-02,2.424196322202067,1.4516439507967374,1.1370043219078338,1.167018478285947,2.2458687430661666,7.281425179385531,1.3546027734605057,1.4063556069646292,1.9356836609407457,1.8794277908051533
2023-11-03,2.411635970886876,1.4404222471805417,1.1453289139231757,1.1598639659860892,2.2747543014025426,7.532306745637904,1.3423485453048574,1.4191865311160017,1.9168010521188485,1.8565185868995207
2023-11-06,2.4468590420047867,1.4344695131139826,1.148053389561412,1.1645654446934652,2.2988040261294627,7.657162896205094,1.350130491700003,1.4224513553555078,1.926043824836384,1.823618424223668
2023-11-07,2.482217542660576,1.4091956621617618,1.14199902706237,1.1688583379860813,2.3245956077107635,7.691305693507181,1.3469996009145326,1.4264994076322692,1.9418214096344888,1.795024967670527
2023-11-08,2.4968251582516383,1.38958144357483,1.1378369813280447,1.1670184782859467,2.3418105643236338,7.794905269456684,1.3418113430979837,1.4275442956677602,1.9378497262594803,1.772977018532542
2023-11-09,2.4902722249733626,1.385092711925377,1.1156627629238813,1.1582285257519944,2.325626732296844,7.857834504050972,1.344852993735427,1.4164114305124214,1.946045907524222,1.7734935984793405
2023-11-10,2.548096418658697,1.3949481415820983,1.1143762327917528,1.1594551270540088,2.3835272922899535,8.089635556917285,1.354334319133628,1.4385140226674444,1.9540249575037159,1.7871014814461004
2023-11-13,2.5262243373419087,1.4051948197558446,1.1172521238039677,1.163747851335078,2.364248880511254,8.137334921457192,1.3637265511603611,1.4371429613769648,1.9589351331363383,1.80587674892392
2023-11-14,2.562313355894384,1.4154410795714674,1.1174791217282631,1.1672229822577602,2.3873957179787846,8.31072708797257,1.3606850472994771,1.4650246428274043,1.9513169968667494,1.8128300446931733
2023-11-15,2.570104984260544,1.4204175331212068,1.1261064193548898,1.1694715118784282,2.3883651358888556,8.1821897991373,1.3544238528347734,1.4681261227986149,1.9439158752705477,1.8018791262003386
2023-11-16,2.593344439821145,1.3979354695982114,1.135944789700001,1.1682449950821874,2.430360649391412,8.281270945768695,1.3670360690184449,1.4699218791866637,1.9490064494521917,1.7810196711770527
2023-11-17,2.5930712603015924,1.424460378682716,1.1335987273600392,1.1704936092086287,2.38952811578263,8.250809926376435,1.351292962049303,1.4717499952594102,1.9362612394884546,1.8244763648103455
2023-11-20,2.6171302544208497,1.4236716899484392,1.1435922671793106,1.173355566238964,2.4385654263122314,8.436754422583,1.3441373112324988,1.4830790796493456,1.9319650253041845,1.8164802547942347
2023-11-21,2.606057518527962,1.420319135290578,1.1528224732950527,1.186233739082172,2.4103317075533712,8.358927292002296,1.338233958019259,1.4798467181508572,1.9481759397778968,1.8157848531698972
2023-11-22,2.6152165211379343,1.4231785293925485,1.15053409896121,1.1942060982577372,2.441214592402784,8.153402722203348,1.350845880649812,1.4855602636263139,1.9632315805443303,1.8079628097021083
2023-11-24,2.5968987268674257,1.4287989197658604,1.1633499712967765,1.1972722212367921,2.4385007046520517,7.996078356434129,1.3540660115833094,1.486474167078206,1.9752904130940123,1.8176969914945889
2023-11-27,2.5944375797982255,1.4234742249141838,1.1540431815373362,1.195023691616124,2.446124393623873,8.074071793869688,1.352813713979745,1.483797279148245,1.9626177357078394,1.8070936297190985
2023-11-28,2.6027768329001053,1.4348139055211846,1.156713097586271,1.1974767252086056,2.472549523878727,8.003609498392139,1.362205799229919,1.4852664500560226,1.9515696947696133,1.8060509595670662
2023-11-29,2.5886961690000407,1.4190369513139118,1.160374846903103,1.1903221284029746,2.4476751004818866,8.057000395218644,1.3518300174796174,1.4842215620205315,1.931531229181132,1.778933754493689
2023-11-30,2.5966251254490023,1.4159804268641845,1.1798275929491753,1.2041270760639011,2.4480632294440157,7.827708656935422,1.373207876558562,1.4900656798543042,1.9964841523897723,1.7858869061681177
2023-12-01,2.6142596544964753,1.4279118332009544,1.2082058373129414,1.2082480001074922,2.4196351447056745,7.826872005527143,1.3655157574176804,1.4988808083572915,1.9822465438285028,1.7902323737986923
2023-12-04,2.58951655135644,1.4285032242442248,1.212020003097134,1.206805655565792,2.384940917867713,7.616825808201341,1.3601485789753995,1.4910124582724968,1.9863041701450945,1.7804981920062117
2023-12-05,2.6440600594139174,1.4086837591619417,1.2095027537889051,1.2086601347647383,2.406778247210815,7.794250915946995,1.3127410713250385,1.4907186447022054,1.9934771989411109,1.745907076561689
2023-12-06,2.629022950771266,1.40542943499146,1.194779548287897,1.207423815298774,2.3827437984036886,7.616324329069773,1.3117572280483516,1.4847113887127783,1.9908324419328254,1.7227882146860165
2023-12-07,2.6556799981436536,1.4043448833922987,1.1854726333917838,1.2103085043821746,2.3966350364677433,7.7992721036801695,1.3104152499670823,1.4960404731027137,1.9862680204681735,1.7107941937566753
2023-12-08,2.675364955708538,1.4229810643582927,1.1779968434274322,1.2076298403745103,2.417826355202725,7.951589353834702,1.2983397956606066,1.5024720119644277,1.9917023664161504,1.7304363357003085
2023-12-11,2.640779373786061,1.4233758270835544,1.1828789255765295,1.2164896791831277,2.398896073596168,7.804461517193448,1.3043328293515513,1.508315923685559,1.9696391690845096,1.7316532164954874
2023-12-12,2.661694588461391,1.4051335721265754,1.1829553840835552,1.2243193926130642,2.418795773112796,7.976864797564177,1.3054064998825021,1.5152049295548224,1.977029562389496,1.704362521253088
2023-12-13,2.706122438216875,1.4259395256638896,1.1884478829221303,1.234827770050665,2.418730448455783,8.049004233708782,1.3290206466182573,1.5360997016313414,1.9889486939296577,1.7194852731126495
2023-12-14,2.7081724448354128,1.478397618103129,1.1966866311799933,1.2164896791831277,2.364201444760317,8.092857432409255,1.2939570476012494,1.5410296068442597,1.9354402919867644,1.7657232850536442
2023-12-15,2.7007906912232995,1.4726788298991882,1.1836418838700407,1.207423815298774,2.395213772930088,8.183243289098641,1.2876955595834272,1.5384923602288354,1.9241367544610093,1.75390289838815
2023-12-18,2.6778250480305585,1.4759324846966722,1.185777841736523,1.2160777135374288,2.4076178198026397,8.381924971461983,1.3074632798073436,1.5471464117025822,1.9075805522667706,1.766939877659173
2023-12-19,2.692178891450175,1.4952596259393112,1.1935590903189592,1.212162814569574,2.4115592081083803,8.302753313923937,1.3074632798073436,1.5565545262748282,1.8984872759550826,1.7902323737986923
2023-12-20,2.663334931275319,1.4815532097564827,1.1692240118504444,1.187025389168102,2.394502638663898,8.052853597756966,1.2872481846308177,1.5349849414104215,1.8691068009553247,1.7603345708917375
2023-12-21,2.661284713707345,1.486089383217132,1.1812007176588195,1.1948550180922648,2.4133688016071093,8.199982074039971,1.290378928639729,1.549539482525359,1.8834168254822974,1.7683305368130235
2023-12-22,2.646520995533682,1.489441770531744,1.1859303833405563,1.201654521637747,2.420087593330093,8.173201553274042,1.2995027063395845,1.5526535353676936,1.8849746433338705,1.7714592677432441
2023-12-26,2.6390023357376386,1.502852323849688,1.19111754869772,1.2065996304900564,2.4206045626157455,8.248354341700303,1.305406499882502,1.5592097723774445,1.8839604699784447,1.775457466846124
2023-12-27,2.6403690771331427,1.4979218896935251,1.1927196735184225,1.2096903446491931,2.4167928186293075,8.271453724198151,1.3064795833072158,1.56202887802996,1.8939592373910734,1.7671136560178446
2023-12-28,2.6462478160141303,1.4768200732913261,1.1944744650798311,1.210514444952138,2.4246102705837758,8.289028520906012,1.303527906700596,1.5626189785222395,1.9016033781056734,1.7415613207414646
2023-12-29,2.6318939725945127,1.470805087536002,1.1956950481854416,1.2142233188442568,2.4295204738027536,8.289028520906012,1.3107729444419867,1.558095321325487,1.9072908884039583,1.7379108224507536
2024-01-02,2.537707158938279,1.4739606791893556,1.2203352098620228,1.2325613252060206,2.3961182681810342,8.0623951337335,1.3304518648475538,1.5493754168628184,1.953916391861092,1.7792814553058576
2024-01-03,2.5187060994447372,1.5020631330856629,1.2279635414304078,1.235446014289421,2.3943735973414286,7.9621344877161215,1.3224011705724121,1.5367222648646388,1.9636618783115516,1.7942307169963974
2024-01-04,2.486718148876518,1.4855963900044904,1.225369958751826,1.2313249212342832,2.3771877855755332,8.033941310151013,1.329646501866921,1.5317723667255063,1.9759432062920894,1.7785861977763449
2024-01-05,2.476738763910146,1.4830321893944072,1.2291841245360187,1.229470611046884,2.3759604860194696,8.217891403382795,1.3186447180913965,1.5338703873021438,1.9468155458070566,1.7839749119382509
2024-01-08,2.5366135970623267,1.4741576421938631,1.2322355823000453,1.2385364749312373,2.4207987275962823,8.746145298940972,1.3300041963418257,1.5557677943226702,1.9436999101039099,1.7542504551054943
2024-01-09,2.530872186264141,1.436687480541121,1.2329984154568838,1.236270368109686,2.427905447282451,8.894612545405572,1.3354610552618114,1.553407598466194,1.9504024100406478,1.7325222523836727
2024-01-10,2.5452256077848863,1.4248548067214788,1.2348291649786272,1.240391038635957,2.473001570505256,9.097142952175348,1.341185487849319,1.56219273757986,1.9477574198086405,1.7154877944838933
2024-01-11,2.53702410466468,1.4325462371489832,1.2293365410033792,1.2323553001302843,2.4850186944093466,9.17614574429154,1.3462840651881631,1.5615044244139615,1.9551482795610713,1.7151396613872507
2024-01-12,2.5415350474029834,1.4521690739132576,1.2387959975035254,1.2443058530980384,2.509828396146008,9.15739912389869,1.3470891346156773,1.5625861035559394,1.8893220501251358,1.737389487374738
2024-01-16,2.5102305730072345,1.4168676807723393,1.224530792224635,1.236064005010856,2.5214575920869144,9.437259659609849,1.339843656544609,1.556849473464648,1.8807725349214561,1.6981049152978218
2024-01-17,2.497243892881994,1.4112469557125287,1.223844417574822,1.236064005010856,2.5162889042251098,9.382192261758037,1.341185487849319,1.5481955250472224,1.9017480934252187,1.685763193556312
2024-01-18,2.5785807216474814,1.3984284628108528,1.2297944160888241,1.2395667693214651,2.5447159839687274,9.558611213031808,1.33345344548432,1.5619632311536802,1.870592202841195,1.6826343185312667
2024-01-19,2.618633902000284,1.4025698735462402,1.2333797068986305,1.2327673502817567,2.575728513137443,9.957646601291552,1.3283225773024399,1.5814350015540912,1.824292979371239,1.6852414261958217
2024-01-22,2.650485157334009,1.4050351742959464,1.2394064141930037,1.227410191277975,2.561772754412154,9.984929880472547,1.3309329984087916,1.584778560822606,1.8584558234039241,1.6829821634382602
2024-01-23,2.668119475432047,1.4010911449231898,1.21911450161974,1.233179400433229,2.5772140963373884,10.021587109491719,1.3860207362987347,1.5894005337492982,1.8676216322931765,1.7019290478523807
2024-01-24,2.658823988537017,1.4289962174568662,1.2126301695132675,1.2138112686927844,2.600860617181331,10.270815201821767,1.3692785212907435,1.5911381663724773,1.8593252814398051,1.7313055156833188
2024-01-25,2.6543128348492786,1.4649873994716842,1.2172075438643166,1.218962233609283,2.6157855928177463,10.313497856120748,1.4007829355223749,1.599792217846224,1.7874854949421295,1.7752835443926276
2024-01-26,2.630390325015079,1.4706077898449958,1.2167496687788717,1.2232892672343838,2.6097120077071048,10.215413271334993,1.4054636399970197,1.5977597410895465,1.8229886757055567,1.7904062962521894
2024-01-29,2.620957931936119,1.470016231458476,1.215681752413967,1.2307068460070743,2.6471201222957994,10.45543755853222,1.405643881611785,1.610412996144047,1.8278431108686037,1.792665991294225
2024-01-30,2.570515280913463,1.4802710257798166,1.2111809617066163,1.234209694823457,2.6398196396269835,10.507157071467415,1.4176155648908675,1.6091673543958491,1.8244738443677047,1.8225642264856539
2024-01-31,2.5207565279621487,1.4537461166953123,1.212172544701168,1.225761906166312,2.5686859121146197,10.298433653279474,1.4144651528230163,1.5829100466721489,1.8539272017806099,1.7871037869632966
2024-02-01,2.5543846103948593,1.4582822901559613,1.2080532957089092,1.2564625156473022,2.6087429917949225,10.549505193131434,1.4328276342686246,1.6036275618770786,1.8372625505556084,1.7798030785715235
2024-02-02,2.54057796981209,1.501175879177508,1.1947033400542175,1.2473966517629487,2.6568116884102317,11.073909084999675,1.4230165019417773,1.6205096299948334,1.8484569393794341,1.7725022260849261
2024-02-05,2.565594252471678,1.502063133085663,1.1885240911558113,1.237094468412631,2.620824636360248,11.604842439846292,1.4240964838647763,1.614608934241001,1.8221192176696759,1.7652015176931537
2024-02-06,2.5877395133080188,1.5022604307766694,1.205764671101721,1.2350339641379489,2.6197908987878873,11.419215845589203,1.4308474717077142,1.6192967601566153,1.8500509069079285,1.7773691728863423
2024-02-07,2.5892435827863247,1.5000909928918478,1.2051542544122429,1.2360640050108562,2.675095356411833,11.733221097527698,1.4322876433071252,1.6328022909832345,1.8816417597336144,1.7768478378103258
2024-02-08,2.5743431693781678,1.5191219365831037,1.1931014655068604,1.2327673502817569,2.6754830833760725,11.65656003385624,1.4279672752854515,1.6335232730027918,1.884177834487415,1.8072676962674203
2024-02-09,2.5848826250969807,1.4893430380146164,1.1958475897894754,1.2272041662022388,2.717090869914389,12.073678094372903,1.4169854531219856,1.642964159485018,1.8774026853612515,1.769025650247712
2024-02-12,2.561613425665911,1.4995978323359571,1.2041626714176914,1.230088770779866,2.6829132103641906,12.092922356046826,1.4141952307305463,1.6422429713528188,1.8753019226846968,1.7933616811082125
2024-02-13,2.532732971238637,1.485004329588223,1.1936351734159676,1.2228770480713649,2.6251539526291734,12.072838884397626,1.4066338895039612,1.619624479256414,1.8724395679437191,1.7779222088238074
2024-02-14,2.520551274160971,1.489047342492981,1.1880665914803847,1.2216409821227212,2.650526652409813,12.369439484333615,1.4008732031063174,1.634342879921251,1.8727658479308964,1.7691504363659625
2024-02-15,2.5165818386247456,1.539685409752082,1.204696504463471,1.2239074269673662,2.6315613969868865,12.161550798628705,1.4132947565395166,1.6456195086439545,1.887039372945365,1.8198529382627906
2024-02-16,2.4953662319526253,1.5413804295249418,1.203313118546665,1.2237013173858566,2.615379574949543,12.154014539536698,1.417795659729074,1.6374243669662472,1.889466998668402,1.8198529382627906
2024-02-20,2.485100588601673,1.5351002047193676,1.2133821157795803,1.2506933064920482,2.6071595221089305,11.62492719077899,1.4267968790019516,1.6284098244827219,1.8876918163078586,1.8026598319609406
2024-02-21,2.4955031381365553,1.5494545739637535,1.2196849997106236,1.261819674651084,2.6032106968422375,11.293513448987493,1.4438093096555316,1.6298847665444582,1.8909884336193328,1.839502573137312
2024-02-22,2.5235621554602505,1.5493548373871295,1.233290234177643,1.2599652799579113,2.664507737002128,13.145749648536851,1.445249628031502,1.6636160278136671,1.9073995706584432,1.8379234379526628
2024-02-23,2.498240628966847,1.5416793045683155,1.2439744032935993,1.2609954898423656,2.6560283955229105,13.192447334097123,1.4494801687989114,1.6647633538319253,1.9100804773436495,1.821782800250929
2024-02-26,2.4796253959916528,1.539586007861957,1.235903588450513,1.250899331567784,2.6379053256780884,13.238478512954467,1.4421888964413556,1.6586661296745344,1.9031248130566034,1.8289760139034237
2024-02-27,2.4997461750912042,1.5167587152155129,1.2373638082843628,1.2432758122251308,2.637516392720181,13.17303036915085,1.4339079097447427,1.6617473075505682,1.8600136412554973,1.8251160017374977
2024-02-28,2.4831843239255242,1.5185529695352487,1.2417452186059486,1.2445118781737745,2.639069712564475,12.99928959788202,1.4406588975876806,1.6595512804129533,1.8051647859700009,1.8302041340949344
2024-02-29,2.474013297197703,1.5152633359391503,1.2404386666061862,1.236682333755385,2.6773887543703463,13.241823839304086,1.4306675236460682,1.6655172108177831,1.7882097712110208,1.8337126989832473
2024-03-01,2.4590945311886188,1.523237911144587,1.246126628927534,1.2265860909750301,2.689427988158349,13.771917984175426,1.4298576105920986,1.681153534131019,1.773465134277969,1.8568710428409068
2024-03-04,2.3966790230298853,1.4840631911537707,1.2286013630512096,1.2323553001302843,2.6856739308690267,14.267030121769404,1.4362482619820651,1.6793506668568423,1.745714426648043,1.8309055877019123
2024-03-05,2.3285159865393243,1.4911406391993396,1.2296008296561423,1.2263799813935206,2.6062532178674807,14.389391029871993,1.4340880045829487,1.6625669144690274,1.714123690434218,1.8533621897629442
2024-03-06,2.31482832143843,1.4785806916179391,1.2247582906956211,1.2269980566207288,2.602628402899571,14.847366846776461,1.4363385295660072,1.6709916656292356,1.7121312601765653,1.8731871880392097
2024-03-07,2.313185658180706,1.488947605916357,1.221145720091164,1.2247315272703103,2.6482615953024946,15.511732029125133,1.445789765769561,1.6875786835008502,1.734520154436078,1.8837136031782733
2024-03-08,2.3368651542646934,1.494031661175441,1.226142052022445,1.2263799813935203,2.629360860540803,14.651188722220464,1.4433595862779744,1.677449380796405,1.7333198685504396,1.9014332319698313
2024-03-11,2.3645136639860342,1.5151635993625263,1.2392856573038384,1.2412151389389015,2.618356972316718,14.357590600656389,1.4541608732735567,1.6760071075883278,1.7790741647937767,1.9126613889055224
2024-03-12,2.3710838951180575,1.5140671663926597,1.2508923339710107,1.2465724669542302,2.688004111634413,15.385189143264643,1.4575813542104374,1.6940367078369825,1.7798017061947773,1.9003804751800653
2024-03-13,2.342340346874712,1.5340039390927505,1.2382864409722512,1.2593472047307024,2.686838920752248,15.213611640392452,1.460912007893054,1.6913809464527627,1.7748916471740162,1.9216089570495862
2024-03-14,2.3679354747865395,1.5520462188667332,1.2237588240906883,1.2565432186609722,2.752343270821658,14.720820123065478,1.4537108563428807,1.6880373871842482,1.7785288877315748,1.9556447310394471
2024-03-15,2.362734305493816,1.55055100693362,1.2158419273550347,1.24366639791014,2.695382581893755,14.702910154080907,1.4526310211964408,1.6764465397397565,1.785148243411394,1.952135589771835
2024-03-18,2.3777908214845747,1.5491555315771306,1.204927256487947,1.2488586861498685,2.7012081343066923,14.806358134935788,1.4511004352365287,1.6864099217678885,1.7714363211196726,1.9702062335565318
2024-03-19,2.410093086712355,1.561216796275411,1.2006996391371216,1.2509355000388318,2.7276819063061524,14.964206367297807,1.4566810267959664,1.6957814513462892,1.794240703440055,1.984066138371813
2024-03-20,2.4455435613222174,1.5405827042551992,1.197240736366752,1.2617355914064743,2.7524077914828924,15.127240814964356,1.458121491948496,1.7114661080739297,1.7975507311155479,1.9823116397854192
2024-03-21,2.34562461864298,1.5436728646980495,1.1971637773130357,1.2559203266046755,2.7792049707843023,15.305173798259078,1.4569513892181143,1.7171221481224408,1.7883123896487316,1.9910837004329134
2024-03-22,2.3580807609368124,1.541679304568315,1.193166911986687,1.256335756987087,2.7751269031961963,15.782901752386529,1.4551510279422915,1.7138668050644381,1.7824202255343293,1.9910837004329134
2024-03-25,2.33850760657298,1.5597214169990488,1.1930900780696432,1.2544664047720089,2.737067552026819,15.902249947849217,1.441919121125445,1.709131882410268,1.7671809210867646,2.0114347889144124
2024-03-26,2.322903676795938,1.5477598888773922,1.197317570283796,1.2573740794257953,2.729235226150446,15.493654474002208,1.4451595072241197,1.7059751642511671,1.7905671965937144,1.9963469080024452
2024-03-27,2.372178722690625,1.558525582139057,1.2141509554967083,1.2675510252198205,2.7278115506254546,15.106819612471455,1.463702230284493,1.7203116381915213,1.7934406294614904,2.017049011477083
2024-03-28,2.3471305866662098,1.5723812685003227,1.2159187612720785,1.2706663305590389,2.723215709755917,15.124561995317668,1.4604618441858184,1.7199829915848364,1.7992600277746065,2.03933025013637
2024-04-01,2.3272838308839536,1.5857387740082165,1.212767319306557,1.2602817540795814,2.7481357599131933,15.125732539719163,1.445429576093149,1.7169903390882761,1.7810746412698406,2.052488269060199
2024-04-02,2.3109960030355694,1.5927164854771616,1.212383149721338,1.249274201038054,2.727875669288799,14.97324066736703,1.445339748838885,1.7060736860937482,1.6662888053662852,2.0926643558179636
2024-04-03,2.3220824506417945,1.5992954179828598,1.1857110187532964,1.2426278219541118,2.721468023932141,14.891558415962397,1.405553907580963,1.707947971398164,1.6721078538438183,2.093015226716277
2024-04-04,2.310721557819402,1.6017873263092155,1.1721828684766662,1.2316200153952637,2.7048329492746004,14.379513681977006,1.399252789892142,1.6871005021728425,1.6562502733090434,2.1003838037705167
2024-04-05,2.3211241073542848,1.610858334484519,1.1713374451158391,1.2359816963874901,2.7542847196280804,14.731536680935749,1.405103743873728,1.7047250910811793,1.6575597078966111,2.1293314454029413
2024-04-08,2.305657505660044,1.6075690355749195,1.1651882290188833,1.2309970388331937,2.7482654042324963,14.585067675296427,1.4045634593591099,1.705678877329179,1.658505313477748,2.114945306287601
2024-04-09,2.3223560520602184,1.6148457894304873,1.1705687305353834,1.2403432928739428,2.7592043697974575,14.287283738123959,1.4101446380247848,1.7076518905888176,1.6720350880425323,2.125998243916373
2024-04-10,2.296487111780531,1.6215242911695602,1.1545043101762724,1.2237278521987283,2.7396566194329206,14.56933504682698,1.41536518668437,1.6905529919723281,1.6368647175305002,2.1438930920148502
2024-04-11,2.3958580078251765,1.613749021774122,1.1436662229528831,1.2264278961670823,2.7698840467238135,15.168083219950176,1.4027632448598464,1.7033114675302543,1.6065676733030032,2.1367000224571804
2024-04-12,2.4165264116604486,1.5845422697752276,1.13390443625147,1.2104353475481644,2.730853669652808,14.76133119362508,1.3981728079691433,1.6798004046403405,1.597402330861195,2.111787324107952
2024-04-15,2.363692648781326,1.5708858892239603,1.1344422736707764,1.2075277574001517,2.677388754370346,14.395585320573659,1.3992527898921425,1.6587557886735362,1.6207889562037276,2.099682061973889
2024-04-16,2.3183868274734287,1.557827760789188,1.1103069133319063,1.2058662048820528,2.6834727914261096,14.63227323640576,1.4037536930816998,1.655730467323317,1.7053871298054377,2.0823134481754693
2024-04-17,2.2994982040292467,1.5590237629924293,1.1127667249073614,1.2152123744170287,2.665737649544472,14.066499874750157,1.4128450331619602,1.645931563183009,1.742121615209539,2.081260691385703
2024-04-18,2.286358163664072,1.5706867507572113,1.1202226181407522,1.2235202215132963,2.6167387298133,14.172958009677945,1.4249573283848087,1.6425446172034834,1.7937314594429132,2.0793303971130905
2024-04-19,2.258435630625435,1.5949095187601445,1.1369022103829043,1.249689293397372,2.583404461834874,12.755010413767462,1.432657960566127,1.6282079371504876,1.8226463032815563,2.103190770957027
2024-04-22,2.269933218682322,1.6140482315039941,1.146202868445382,1.2575817946170016,2.595314252302519,13.310404948396506,1.4544004126182615,1.6432023226421362,1.7866393592784553,2.1151208137841704
2024-04-23,2.2844416880384886,1.6233187128325457,1.1495845618886897,1.2594509778205327,2.63809928965968,13.796669561312106,1.4630976576369221,1.662701506023851,1.7682721748823351,2.123366640131606
2024-04-24,2.3134596814980015,1.6304958974547388,1.1416679154263816,1.2783511165874635,2.6477436210221184,13.33701916230758,1.4730630521275467,1.661912506832637,1.7723455438001667,2.1237176551247448
2024-04-25,2.325367777157242,1.6475413134922297,1.1285240598716428,1.2822972826915044,2.5828864875544975,13.83165284787297,1.4726100996656855,1.655598864401794,1.7962047970154762,2.128629847701138
2024-04-26,2.3172919999008608,1.6536218978013064,1.1232971010525576,1.2822972826915044,2.630008077142591,14.685839395071614,1.4611949930992985,1.6712841394673585,1.8016242166452405,2.0695060119603044
2024-04-29,2.3747793073369867,1.658008131710521,1.1285240598716428,1.288527977875715,2.6036639494624336,14.689521172981442,1.4645472229361256,1.677202767020991,1.7786376865979208,2.0989800319876117
2024-04-30,2.3313901726041095,1.6075690355749201,1.1113832138538828,1.282920259253575,2.5200357255524235,14.462710605044332,1.4784984816698814,1.6506339200398403,1.7592522474312384,2.074944727026405
2024-05-01,2.3172919999008608,1.5912212735440492,1.1620367870533617,1.2862435333013196,2.5563479938948586,13.900113704316492,1.4803105850704448,1.645274063856997,1.7607431300745775,2.035646033656662
2024-05-02,2.368346193338329,1.602186105272463,1.1523518342689925,1.2874897399427805,2.5751188833383036,14.364785291054194,1.4842964493135762,1.6606627428316112,1.7929676517531306,2.0393302501363695
2024-05-03,2.5100118184421563,1.5974012597432514,1.147355627474384,1.2912280218440695,2.6322088145876195,14.86226410312113,1.48991329468315,1.6812474184391692,1.7910765572027176,2.035119511166954
2024-05-06,2.4871537594617488,1.6178358786102156,1.1420520850116003,1.2949665572626783,2.6767411357706674,15.423182583898416,1.489732172409029,1.6986092137297426,1.798096124789611,2.0482775300907834
2024-05-07,2.496597965709122,1.6215242911695609,1.1431281352602312,1.3005741068732712,2.6495560285060726,15.157704392923618,1.501690499021219,1.7004837051467998,1.8220280271943459,2.038101841755209
2024-05-08,2.5012517212155614,1.6202283850464463,1.1448961913089468,1.3053511337421355,2.657323029725433,15.133937864081092,1.4954394321391038,1.7006477708093406,1.830211497766235,2.03775111495172
2024-05-09,2.5263000681894123,1.6492361659218409,1.151813871713013,1.3059742793157527,2.668844691230949,14.855235719578186,1.5042273850713839,1.7104467780059696,1.84410510133745,2.077927201709485
2024-05-10,2.508893153583326,1.6529242437946872,1.152275125488621,1.3138666960296088,2.684508739986861,15.044549208879097,1.5115656259279016,1.7126502251986742,1.8651274211974878,2.069506011960304
2024-05-13,2.5531638460090287,1.640065253826664,1.1623443729948817,1.3205128215962305,2.677906326652832,15.131763082132965,1.5026872586351203,1.7128802469064577,1.861235616947289,2.0686290508567566
2024-05-14,2.568925776913595,1.630894676417986,1.163574216214273,1.3105435909934113,2.6962890871341476,15.291952403297968,1.501690499021219,1.7207388066407867,1.869019108835826,2.081186194361297
2024-05-15,2.600312310639928,1.6253122729622809,1.1734896707497737,1.311166652061255,2.7434305756177624,15.839982102823859,1.5084850795022557,1.742046937619599,1.8823670855092556,2.097281298098404
2024-05-16,2.601957083392012,1.6219895054028073,1.1858648117240567,1.3151128181652965,2.7298782217743964,15.794619989236434,1.5207156766318641,1.7384626387859492,1.8958969766859006,2.084723578214564
2024-05-17,2.602368434792109,1.6378983260905828,1.188631833831014,1.309089669160745,2.7248204853300417,15.479927762059035,1.5187224509571802,1.740961960675359,1.908117433274978,2.1160290434646924
2024-05-20,2.6184045999634082,1.6224928738969093,1.1721273077939829,1.29953569992879,2.758085810670451,15.865091879340227,1.5157327592217134,1.7429678489012979,1.8812032991361214,2.098872825437983
2024-05-21,2.6363597721535226,1.6107124111710702,1.1718950541294337,1.3065972558778234,2.782078250698145,15.966526267967845,1.5251547868899755,1.7472424189709395,1.9041894793478578,2.0843698254197554
2024-05-22,2.616486014843465,1.5865472092459199,1.1894066801084329,1.3084665235871276,2.7916751463096445,15.89354442363922,1.5202625773934442,1.742211621620064,1.8961879232791843,2.0424523527046508
2024-05-23,2.561387287870574,1.5802038960353333,1.1599622712931799,1.2895666383375173,2.768849907153563,17.37477049853919,1.4992446144377929,1.729485814915797,1.879748449557842,2.0076099358857302
2024-05-24,2.6038763013602626,1.5883597039798372,1.1388084173182915,1.287697201616666,2.7893405435674765,17.821697143863673,1.4977949023620303,1.7409289826527379,1.8482513526684283,2.0060181203565013
2024-05-28,2.6040132075441926,1.6013483849661214,1.118739748569142,1.2839588352096036,2.790378502117675,19.065726148098985,1.47768313788322,1.7421456655748218,1.8319207944252935,2.0314868806345148
2024-05-29,2.6081246120508106,1.5798012681773512,1.1192045061715858,1.2814665064324555,2.782921039273084,19.220392802399243,1.4644565150225066,1.7299462705566468,1.762962020566361,2.009732452654585
2024-05-30,2.6218312626009412,1.5934946315867289,1.1257133650659095,1.2870742250545957,2.68889694894657,18.49643731538841,1.4728814895237488,1.7184702278534054,1.7517960850366276,2.016099570676676
2024-05-31,2.634988811769299,1.6341727633298775,1.1364840036227082,1.3070127707660082,2.6918795722863065,18.35131155742293,1.4906382241093112,1.7341227310089902,1.8016966326109431,2.0739347663995957
2024-06-03,2.6593857468849444,1.5854397316215947,1.1447750590097638,1.3070127707660082,2.6814396871009234,19.249685835957006,1.4916348369466532,1.735536457616236,1.8092255608068397,2.024235452672813
2024-06-04,2.663771596607731,1.572048255434079,1.1452398166122078,1.3279897234219022,2.697975066281915,19.490225674404293,1.513014897673987,1.7374763897969323,1.8385038838163306,1.992753038977868
2024-06-05,2.6846047519524774,1.5604689392939814,1.1310599545441051,1.3275743775452644,2.7494615489521377,20.495058087866163,1.5043182397615635,1.7581268153370917,1.8298841682723077,2.0007122607188377
2024-06-06,2.665553275543744,1.5700344467711707,1.1345468879291618,1.3323514044141287,2.752768584588547,20.253685435861094,1.526241814087819,1.7580936312018292,1.8255197361493318,2.015745961976692
2024-06-07,2.698585003921031,1.5715445522534779,1.1396608483327901,1.3273667468598325,2.7484239923998284,20.23527142917796,1.5134679969124074,1.7559562431106877,1.784675265703034,1.994168050157105
2024-06-10,2.6469131505351076,1.578190087372425,1.140048396608172,1.320720536787437,2.7744909425353073,20.38625630556839,1.5160952973230735,1.761381952282453,1.8003509317345932,2.0000046110343948
2024-06-11,2.8392087497607124,1.5756730775586638,1.1371812651630469,1.3198897605283877,2.8056813557700426,20.240616275636356,1.517272885657977,1.765623544329473,1.8047883628825774,1.983909651392113
2024-06-12,2.9203491846013323,1.5528166671868295,1.12672059014455,1.3059742793157534,2.8600208174606996,20.958772770546688,1.4964361917530056,1.7801245992139716,1.7933317139832827,1.9619785631570161
2024-06-13,2.936385138823195,1.538921655161962,1.1270308039561974,1.3082589774074693,2.8633923737583427,21.697016574956713,1.507579468131652,1.783709310272904,1.8087163168096974,1.946237212214719
2024-06-14,2.912399344158212,1.536202996732711,1.127728065496536,1.3092007097470935,2.869812280050625,22.077020062603353,1.5110218187758615,1.784794287217144,1.808061774433705,1.9297887879672775
2024-06-17,2.9696908905177786,1.5424455693071775,1.1309050353432906,1.310665786341859,2.9074217955818638,21.926356286371146,1.5174541547086566,1.7989993643486166,1.7869137469874714,1.9165238506834692
2024-06-18,2.9370703025911524,1.5438554361831123,1.1285804965110346,1.3108752761543079,2.89425857569535,22.69640819569777,1.5270571578744803,1.8035701182839254,1.7570362722359798,1.9345640904601398
2024-06-20,2.873885461839518,1.577183183040971,1.1450847722747202,1.3014564316541424,2.890108550485057,21.892877437204987,1.518994134368361,1.7986706146856108,1.7697104655763463,1.9763043265407776
2024-06-21,2.8438692556491016,1.563489652288344,1.1526008562476844,1.3138053448380655,2.9165650365752773,21.188115040528118,1.5243392963267537,1.79625909678143,1.76266127857675,1.958971592353726
2024-06-24,2.8527778612786037,1.6040670433953723,1.1554679876928096,1.3389221508308093,2.9028830384126088,19.771889360207155,1.526060398260579,1.7904203378763335,1.7896531928269175,2.0171606849662793
2024-06-25,2.865524902844608,1.5955086075928864,1.1405132793472885,1.33620106492486,2.9241515407423373,21.107759406111843,1.5115656259279016,1.7973148057305937,1.769637233327616,2.0228204414935766
2024-06-26,2.922816238254739,1.5702355933569123,1.137646273038836,1.3405964637207033,2.9319981375437805,21.159654820528132,1.5170012022467956,1.7995579296067643,1.7679572062456774,2.023527947083195
2024-06-27,2.9344663427538156,1.5739614908041162,1.1297426407904896,1.3376661415196254,2.936471972053912,20.756214859181686,1.5094818391161573,1.8023950701154008,1.7767232696753001,2.0321945303189586
2024-06-28,2.8867694095894527,1.5749680604490714,1.1325321874985348,1.33222430773082,2.898214234926161,20.680884250349084,1.494080868306639,1.7953025280127717,1.8600733465283463,2.0360855228722103
2024-07-01,2.9707871947363977,1.5759749647805257,1.1347019322666485,1.3244798606263217,2.961631612953218,20.808108994314484,1.474149932548831,1.798997509334844,1.8067103595761644,2.033255356418912
2024-07-02,3.0190323854847887,1.5782906606652958,1.131524962419894,1.3217590282376928,2.978166791135265,20.53524294113355,1.4848401096890569,1.8111041536643968,1.8198226636784411,2.019460006085127
2024-07-03,3.0365764172242407,1.5778880328073137,1.1288904600493361,1.325526464630831,2.9878286094058883,21.47437263337552,1.4842061817296341,1.819186448670947,1.7893245806025189,2.029718260755295
2024-07-05,3.102228311629282,1.5537229982254128,1.1350117706682779,1.3345265830234196,3.031858232228354,21.06423434362884,1.496708021940746,1.829676345441492,1.7824578911654427,2.005133810416892
2024-07-08,3.122513209390001,1.553924312154404,1.1272631827574189,1.3177821865378796,3.0232986921702194,21.46097597657506,1.5085757874158756,1.8317879694524604,1.78731570807246,1.9840867439317555
2024-07-09,3.134300220073008,1.540331522037897,1.1394284695315675,1.3121309474423988,2.979853172280921,21.993321660404458,1.5007848876506154,1.8335694010119334,1.79743283652404,1.9621553675070096
2024-07-10,3.1932365391846584,1.5619793794627874,1.157870111262145,1.315061269643477,3.0233636148293423,22.584248294215392,1.5111125266894814,1.8517132907202345,1.8296482624774324,1.979488101694061
2024-07-11,3.1190869686513403,1.5632881710161035,1.159962271293179,1.3207125932447312,2.9484683930667046,21.327056742059924,1.4996977136762129,1.8357463627302202,1.8421759913203382,2.003011293648037
2024-07-12,3.1597936703567084,1.5666109385755769,1.1613570446472015,1.3332707427237829,2.9410111312210576,21.635078785074075,1.5093912779790968,1.847325564810474,1.868364449847971,2.003365046442846
2024-07-15,3.2126989450946173,1.5912796763380788,1.1563978783077151,1.3272010310380458,2.9436699452609547,21.501150595574448,1.4910004686575524,1.8524056230826402,1.8823899414340173,2.0376770502117907
2024-07-16,3.2184559661510628,1.5885611852520771,1.170112857636701,1.3452010988116763,2.914878655429622,21.152959050694903,1.512471384075065,1.8633908085304285,2.004748901428802,2.0523571427696603
2024-07-17,3.1370417189425823,1.6233992049354922,1.2132723709176125,1.3648756484867475,2.8759724957064137,19.751800771423955,1.5350293266904207,1.8372639701087237,2.093906365573278,2.0806557813113224
2024-07-18,3.072623245889526,1.6308506651434012,1.2042839288535456,1.3644571758964907,2.8555465809526797,20.2707485191694,1.525969983900078,1.8231446358360663,2.0612529454698363,2.101172146556832
2024-07-19,3.0744051357749758,1.6024560299336954,1.1986276261103934,1.3665502148939617,2.8344075219433083,19.74175583739061,1.5307731000251414,1.811038197619155,2.0648690792805473,2.0528876999144616
2024-07-22,3.0696079346520917,1.5807072645294356,1.195140692725337,1.3556662937990305,2.872211604452973,20.680884250349084,1.5334159587510885,1.8297097356893963,2.040032385446038,2.038738164501393
2024-07-23,3.083999116121871,1.5515075409470147,1.1804959479181178,1.3596432200046173,2.8845967574247275,20.521850122183587,1.518560409635762,1.826839411045497,2.026043160148774,2.0058413160065105
2024-07-24,2.9953212469854087,1.5613754376758142,1.2109479572220296,1.377434135988893,2.7811703384651403,19.125716868496312,1.5311375462217716,1.7854390075593902,2.0444881246562048,2.034139666358523
2024-07-25,2.9809298545661926,1.5862451546808087,1.2369831425259787,1.382875885271925,2.7130839559526914,18.795934213165907,1.5211124136715302,1.7761359073779286,2.0442322782330926,2.0769415931080633
2024-07-26,2.9873716174917244,1.589265867675171,1.244731605300165,1.4033879716679236,2.7576317540544775,18.92650684204792,1.5412539737918693,1.796028456735723,2.0809034433966516,2.075172973228842
2024-07-29,2.991209209630482,1.576780555182989,1.2286145024018431,1.3987830830596315,2.767099005346674,18.68042514748341,1.5487272490829014,1.7970837534596036,2.0700557416356844,2.053418401154088
2024-07-30,2.998884815806871,1.6066849611885032,1.250078069641688,1.4165741680554542,2.7423938230612337,17.364642411078417,1.4737200240067723,1.787979139751794,2.105046529881722,2.0900295819470553
2024-07-31,3.0438404610510945,1.6157467654850914,1.2231131188595057,1.3968993648630625,2.7127595436560177,19.589420037625345,1.4651526762430527,1.817042052749999,2.104425688333569,2.0974579583535737
2024-08-01,2.9928539823825653,1.536706532570063,1.2456616210517437,1.4224346434460629,2.7047185808750926,18.282007653153638,1.5100843568918991,1.7913107444871081,2.0920438409288185,2.0684519583171173
2024-08-02,3.013413114410017,1.4957261789185536,1.2718517255565076,1.4511096495368165,2.648823186353862,17.95724746483991,1.550094619508922,1.757959451872289,2.154355622096866,2.0672138955826975
2024-08-05,2.8682659798153107,1.4565586546874603,1.2494581425650841,1.4253646276240468,2.5623210795331732,16.815563699083434,1.531684435681556,1.7067611748090807,2.0817803645916393,2.029895209200112
2024-08-06,2.840305475878204,1.4421599394819915,1.2317914722485979,1.4243182771368583,2.5912414106869743,17.451692536044426,1.5319575868583297,1.7224968444154634,2.075899861663341,2.0191063973851433
2024-08-07,2.8758044688583335,1.4339037255878664,1.2312488796357284,1.43289966942187,2.5835897828618464,16.557763767669012,1.549547876825697,1.7109837014367728,2.067608525119994,2.0459898806527437
2024-08-08,2.9236385191560625,1.4548469005896634,1.2414773009896758,1.438550908517351,2.6112136708226226,17.572220230893095,1.5572945968466214,1.7505369234308055,2.0681927505437816,2.0850773310093755
2024-08-09,2.963796963277403,1.459881087560435,1.2445765609626775,1.4375043890186154,2.6328067864479694,17.53539477609382,1.5542868515943662,1.7582562540758804,2.040871990845494,2.102056312401618
2024-08-12,2.984929033972887,1.4601834768120452,1.2388426734824454,1.426829957736133,2.637929244552503,18.250202106804036,1.5202919327052944,1.7591802570472004,2.0647230812305315,2.104709530410099
2024-08-13,3.0362490236996496,1.45142322505082,1.2272973137849006,1.43289966942187,2.6846174804159206,19.442107984160245,1.5246666080538924,1.788111051842279,2.097412884234616,2.0845469179593983
2024-08-14,3.042423935588707,1.456659227980331,1.2279945753252393,1.4354116880442385,2.7030977253853945,19.766866893190475,1.5384286718027682,1.7937521487242891,2.117245996335814,2.1038249322808387
2024-08-15,3.0835894523172613,1.4781057714762302,1.2327213628635036,1.4368765111216835,2.7350585675749928,20.567051046050146,1.5304083602753924,1.8244975592141037,2.117026532813345,2.1168405855177954
2024-08-16,3.101839742768266,1.4828384059116386,1.2350459016957596,1.4479695840059694,2.718428919888958,20.85498066243061,1.5301352090986187,1.8285878645823488,2.1099778122611927,2.1068561110146904
2024-08-19,3.099643759140052,1.494954391852463,1.2369055577888988,1.4437838440341215,2.7383065095216734,21.762303529039478,1.5349653321105854,1.8460717816129417,2.1139953240975884,2.1132745267943993
2024-08-20,3.1081515608412538,1.4731656314116037,1.2410122931138865,1.4521558310124578,2.7595490829875415,21.30194696554356,1.553102511537737,1.8430699571038403,2.1208255140221604,2.042849910326191
2024-08-21,3.1066424285764853,1.4795802328464216,1.2508529159191066,1.4561325037007242,2.7552617754980493,21.511200646741795,1.5508236586787425,1.8494035924608976,2.1114021095318805,2.0298345452788835
2024-08-22,3.0809823282383855,1.4837546102019348,1.257981827026707,1.4511096495368163,2.699459845486083,20.71436565808224,1.550732363658886,1.8348887280294264,2.113775860575119,2.0455240220842636
2024-08-23,3.1126800123827403,1.5029975777901412,1.2717741408194274,1.4607372232974696,2.7075150791920786,21.65683683882333,1.5418008632516544,1.8543849227778413,2.1349243544687972,2.0738723733404716
2024-08-26,3.1173455810575934,1.5119573027046143,1.2754935781423786,1.4827143017824602,2.686077938747785,21.169698475277983,1.552555181748275,1.8499644249581009,2.1444937570090934,2.1182666919985396
2024-08-27,3.1290091863205705,1.4961758302296084,1.2722143716340204,1.4965284605726958,2.688351437810778,21.47771923900864,1.5425299024214745,1.8525045571505045,2.145296746284184,2.098119929978564
2024-08-28,3.107877537523958,1.4865035577593215,1.2797875179297404,1.5017612270779201,2.6673042353191145,21.02740888882957,1.5407983793519422,1.8417508361989898,2.1496435700161434,2.077438143874218
2024-08-29,3.1531597324950287,1.5009611777885683,1.2822076611799464,1.5080403440703327,2.6836743933675997,19.684840514524648,1.5496388782924355,1.8419149018615308,2.1607109685233015,2.106142841632081
2024-08-30,3.142319462880555,1.5063576628942241,1.29493381052118,1.5168308036389258,2.709788980252961,19.982815064938453,1.5634007952647522,1.8594977529599876,2.1557069203425456,2.102755604586224
2024-09-03,3.056831993013363,1.4728603973247545,1.3050835209079932,1.5281336198529807,2.659768784883997,18.079452300355637,1.590560183012755,1.8212317044113915,2.1866799635284657,2.058717776524636
2024-09-04,3.0304858851095626,1.4464904480891658,1.3066451014467377,1.518714606341268,2.6562609513018773,17.77980188855828,1.6031371728222052,1.8175039511793392,2.206768688829053,2.0335787052056946
2024-09-05,3.051480416772809,1.4348831856264237,1.288141391926496,1.4896212966718045,2.6529478856971282,17.947203810090063,1.5992185322432129,1.8130834533595985,2.1750283395975196,2.0177109831020745
2024-09-06,3.030074111810593,1.4107532931268905,1.2833789404365092,1.4889934187748726,2.6094888988785385,17.21398375198021,1.600312311162782,1.782568889028133,2.1801056200270055,2.0082616767781634
2024-09-09,3.031309431707502,1.4284689188781048,1.3007893308472862,1.5038540970638437,2.635603083766011,17.82332567175778,1.604595544714964,1.8025265699806043,2.169951758839199,2.050516187288404
2024-09-10,3.020331412111354,1.407393040679558,1.306801146877607,1.497575149082978,2.6906902615307837,18.096191724938716,1.6203627230398239,1.810378224941447,2.1879584959728584,1.9758129631883137
2024-09-11,3.055322227900286,1.4038296335274916,1.2868143175124098,1.4877378319925556,2.7481154590197843,19.57100858950921,1.5850918755211476,1.8289506228311836,2.1540631595493887,1.956200792968233
2024-09-12,3.056831993013363,1.417371049266442,1.2854090326778795,1.4908775595003088,2.7738403089514594,19.946020312943148,1.5809904981258824,1.8443565122113534,2.1492051094186495,1.9831227495540478
2024-09-13,3.0531268771203797,1.431625347247705,1.2922792862829888,1.5048914899390435,2.7971616135029502,19.93932326382642,1.586550247413906,1.8539891865063864,2.170755214561734,1.981696354883654
2024-09-16,2.9683258367177614,1.4466939374803984,1.3037564464939067,1.5194323983811786,2.8020336269224435,19.550917442159015,1.6153503035412622,1.8567271868345179,2.159465553847442,2.0095095379606676
2024-09-17,2.9747747719241144,1.4601334411804832,1.304380878490728,1.5131105214673868,2.8267836319725426,19.35169206430864,1.602955169888729,1.85748609358009,2.118485813642343,2.0357183692586975
2024-09-18,3.028290112430784,1.4657334156773718,1.2971980334771898,1.5120565654605853,2.798590515000503,18.98002566722432,1.5850918755211474,1.8519769087885647,2.12834581294034,2.042849910326191
2024-09-19,3.1405354635007465,1.476220147742338,1.2868143175124094,1.488242669483305,2.8497799212305255,19.733402116142813,1.5634007952647522,1.8835799539791738,2.1152237134417358,2.0681672269433715
2024-09-20,3.131341654233843,1.483245552037353,1.2816613144668956,1.5097382340710257,2.8275633068788593,19.42033329972551,1.5878261760435104,1.8803239925832471,2.107636479315321,2.0551517178012397
2024-09-23,3.1076028813583543,1.5021832855387103,1.2743224240224884,1.5116348816509366,2.816130285907936,19.463858362208516,1.583724651871686,1.8850223302435716,2.101807752053322,2.0924147835814635
2024-09-24,3.1199527051364684,1.5012667465619156,1.270887172083261,1.503205599758183,2.787936967936952,20.23565265566064,1.5788946756362787,1.8904158858432811,2.108332652125703,2.0868875942929543
2024-09-25,3.106230655277516,1.4658349930297387,1.2538670829546659,1.505734012500606,2.80703528466124,20.677631032411387,1.5699627348993694,1.8862468454460277,2.112437856081597,2.046237579656523
2024-09-26,3.1220109387830095,1.445675653807987,1.2600349444158554,1.5046805635284455,2.8018386579461283,20.76636085661145,1.5786212309063867,1.8937252304133259,2.1069396068337727,2.011114033834476
2024-09-27,3.1257156327771214,1.4813110640746459,1.2601129045629533,1.512899595056789,2.7804662391620134,20.3243824798607,1.581719830848821,1.8909785733542563,2.1327444123385986,2.0649582351957547
2024-09-30,3.1972070294680632,1.4994343379813235,1.26526603274514,1.5143747278385982,2.7952774493957535,20.331079528977426,1.5785300826630893,1.89855609850206,2.143117737048873,2.0899186289319815
2024-10-01,3.104035515447045,1.5241752006843037,1.264719310622071,1.5112138738874759,2.732849991171123,19.587748014092284,1.5770717107703307,1.8815480955604202,2.138059347740875,2.138235208720276
2024-10-02,3.111856887683673,1.5369018221420758,1.2583170681728961,1.4964617010116488,2.709723454597003,19.89746894559297,1.5668642817334946,1.8823420414550274,2.1710852261284637,2.166583415881659
2024-10-03,3.0966254946105143,1.53995650581606,1.2530861049802842,1.4861356025274373,2.705891007719265,20.567136758044573,1.550458918928994,1.8789009909071388,2.1726979681665846,2.1854821726243063
2024-10-04,3.1121311219504046,1.5347638447881358,1.2514465642944412,1.4787596005952972,2.702772911090831,20.91368826147853,1.5391580045257074,1.8959751560066624,2.1670166382969343,2.2255974513660184
2024-10-07,3.0420123732391735,1.5386329880567995,1.2455129586845641,1.4543137704439582,2.660418413473121,21.382454834696205,1.5231172346943962,1.878834828749255,2.1390125330929783,2.2352250029881695
2024-10-08,3.0979977206913527,1.5145027608707673,1.2467623232248979,1.45789681523937,2.6940029251376423,22.247998860798063,1.5325959181145306,1.8966037995628804,2.13175484408585,2.1758544769073302
2024-10-09,3.1497288508687773,1.5236661425197227,1.2542573842368467,1.4661153397330726,2.711867309340693,22.207819124664677,1.5427123456846286,1.909741007099348,2.16708940409822,2.17674570339853
2024-10-10,3.1428681423634544,1.5335424064109904,1.2531644405374,1.4593716099980854,2.7013436075953887,22.569439308432155,1.5397957486756706,1.9063984783940404,2.190841840848821,2.195466358937762
2024-10-11,3.1224225011325433,1.5416875043875347,1.2605815414022508,1.4661153397330728,2.7044621062217113,22.567763447048602,1.5592994178694872,1.9178144392623189,2.1921245713202118,2.203846049377409
2024-10-14,3.1738800298915435,1.5453528235784668,1.2616743599650249,1.4823421383560682,2.7227811500375725,23.115217468999987,1.572241440981805,1.9334989929336384,2.219066109246412,2.212225739817056
2024-10-15,3.208870845680476,1.5041176061581683,1.2811929279009424,1.4823421383560682,2.7201822336831825,22.032035337648114,1.5819022741119753,1.918476473066441,2.0390551780505595,2.145723384479074
2024-10-16,3.1804662931806993,1.5142991041362852,1.2825983378721455,1.4871893895226915,2.703162648044517,22.721786621748915,1.571056660595498,1.9268149660862304,2.0942207511506283,2.1512502855779343
2024-10-17,3.1855436351545205,1.5394476149947285,1.2840817079904465,1.473069657855564,2.7070602185803225,22.924358605232406,1.5701450313859646,1.9269802684246193,2.0747568322014693,2.145723384479074
2024-10-18,3.224650918236534,1.5348657568270014,1.289156375478844,1.484449712346577,2.7164151114624575,23.10349923215008,1.5702094662954775,1.9343922851213922,2.0878789317000734,2.1396617474854946
2024-10-21,3.2449594423340797,1.5361894419295112,1.271277473365442,1.4635862509444622,2.720441924319677,24.059448943835562,1.5542577898356342,1.9312156770923978,2.0946969939910978,2.1409094645731734
2024-10-22,3.2364514296834415,1.5365964207119769,1.2761180101391996,1.4635862509444622,2.7771533745562076,24.03935651720187,1.5557245279922705,1.9301900605888762,2.0887955009278127,2.151963554960543
2024-10-23,3.166470009055012,1.5321168092696145,1.2949338105211792,1.4332397206543392,2.7582496248103454,23.364667517017093,1.554624731233772,1.9125532079783771,2.0696622932165503,2.144297133903505
2024-10-24,3.163862884976136,1.5318114078395157,1.2778356361088132,1.4182774664256492,2.759094222375786,23.5069724548675,1.5549910855256728,1.9166896825782918,2.055623391266485,2.132173427631872
2024-10-25,3.1753893731057476,1.5354767270304481,1.2560530954902314,1.4102693613079034,2.781310836727452,23.696152898684527,1.5421567964078484,1.916027236548887,2.069368664550463,2.1303902541753486
2024-10-28,3.2026957228419817,1.532727612129812,1.2616743599650249,1.405000679848952,2.7711768719358343,23.525386461550635,1.5520576092124005,1.9219509138622333,2.071861126468236,2.1198713319671736
2024-10-29,3.206400838734965,1.5121609594390957,1.2498853591657144,1.3816086366928675,2.8059963211163166,23.647601531334352,1.532530896098781,1.9250611536207023,2.0604616173808488,2.0909881007214213
2024-10-30,3.157413316921475,1.5073757792233853,1.2539451682384362,1.3891952270125114,2.8097638453349307,23.32783694508382,1.5232716436347329,1.9192374409384265,2.0635040208352655,2.080469178513246
2024-10-31,3.09991862625509,1.51521564311308,1.2480893976389846,1.376340208751236,2.6396956232781306,22.22623313134782,1.514287597219288,1.8816144638309453,2.0691487345805504,2.082073962576704
2024-11-01,3.0587528985771004,1.5584869258484528,1.2501975751641254,1.370017909308577,2.665810009164548,22.668215345949065,1.5135541547526903,1.8895557777907896,2.0803651630461117,2.049446715498965
2024-11-04,3.0464028638495493,1.5676503074974082,1.2354414587181948,1.3721253987933124,2.653402344310992,22.777033758932323,1.5133706840536214,1.8854856714614003,2.044480195049654,2.1147010655596183
2024-11-05,3.0661627084641947,1.561948588304903,1.2363003968396742,1.3776048376513148,2.6728907999868556,23.423266376967614,1.5196045780783036,1.9082844090626943,2.078422642664982,2.120941091946263
2024-11-06,3.05614598544766,1.6058313432734703,1.2326307639124614,1.342411140700342,2.729536925566373,24.377540227269538,1.4764257031000818,1.955735249136598,2.187139647484666,2.157312498950813
2024-11-07,3.121461837401236,1.596158736116685,1.223652457918884,1.3415681111041386,2.763641622499662,24.92499169065393,1.4980611550405194,1.970857115296942,2.219248956644516,2.159986466614061
2024-11-08,3.117753135367842,1.597787655306044,1.2138153389405,1.3470473809505943,2.744867919070992,24.715716261636214,1.5374812291127777,1.9793947131283074,2.257223142743286,2.1592736295159263
2024-11-11,3.080251177493389,1.5934096212160485,1.2104580471483708,1.3352460651788,2.715440467579826,24.31894392588602,1.5220799647501408,1.9812804376843203,2.291825380268353,2.147862904437252
2024-11-12,3.080251177493389,1.5810898111974925,1.1917202069134893,1.33187428481708,2.7480509383585496,24.82621053600303,1.5203381673214607,1.9751261203252661,2.2530444733149397,2.145723384479074
2024-11-13,3.0924769630031665,1.6160125065650883,1.1964046982563779,1.3276593903533829,2.7621473963450973,24.48803194306936,1.5271220331136717,1.9760855746709036,2.220788699657629,2.1656919012008102
2024-11-14,3.135061747536777,1.6473719621238672,1.1857083908831687,1.3181760679480543,2.7731259587021557,24.570067276719687,1.5317058650592081,1.9633787303296437,2.174164012483523,2.1671299675520097
2024-11-15,3.0908283931612366,1.6435028188552034,1.202338303866255,1.3011062397288555,2.6958868882458953,23.76981404255108,1.5542577898356345,1.9382307208418665,2.170791830686098,2.1446606851463987
2024-11-18,3.1323143420829953,1.653479656039342,1.20834986962323,1.303635159505919,2.7008242263224016,23.46344099596701,1.565350428301338,1.9461724470269934,2.1613350752035623,2.162636082251923
2024-11-19,3.1358859269830237,1.6415485843890707,1.1945307765825497,1.3190190975442577,2.7140113650833295,24.611922874236626,1.5654421636508722,1.9532866309569679,2.114966700900012,2.1324371211612
2024-11-20,3.1457767131862977,1.659342192094491,1.1953897147040293,1.327448632954332,2.699070108532397,24.424415733236156,1.5666341360885827,1.9539484586484483,2.201105083962279,2.162815768498411
2024-11-21,3.139182855717448,1.6624281689561073,1.2140493445184672,1.3436755160831004,2.6874190037065233,24.555002434236663,1.5836856093069243,1.9644377370810688,2.1900719693422652,2.191756493579246
2024-11-22,3.1577276315810354,1.669936191182303,1.2114729055640467,1.347047380950594,2.7143014065604674,23.7647941341014,1.6160466115383685,1.9705263045075216,2.1658069068505523,2.189239877464646
2024-11-25,3.1989385024383186,1.649365522253602,1.2162354821907062,1.3567414607549733,2.725953114383175,22.772013850482647,1.626222630391524,1.9772107435802129,2.2206422351601685,2.1565245884489728
2024-11-26,3.229022845296546,1.671684593451712,1.2160780602564374,1.3603240830215177,2.7858363279663623,22.922690419549845,1.6438242221539536,1.9875343074491616,2.224160881455054,2.12057336195345
2024-11-27,3.2272367364223786,1.667364794812497,1.2230036242708844,1.357795163244454,2.7532911818446526,22.658167853348722,1.6442826053485071,1.981512520518517,2.2299889090458866,2.1150012150796127
2024-11-29,3.2602060237666257,1.6655131417582276,1.2199342719626602,1.3606617680923305,2.756350385782302,23.145354829667024,1.643365985735959,1.9938215674619078,2.236660040392006,2.120393531612138
2024-12-02,3.2912518741539034,1.6683932864231197,1.2182817170628555,1.3515312572912674,2.80529905577731,23.20897103950022,1.647399552360848,1.997395354550847,2.2305022344581644,2.118416406521475
2024-12-03,3.3332867135079973,1.6654105603463643,1.199078743815512,1.3487707071891042,2.8067309722590323,23.481860119784134,1.6081626554345398,1.9983214186485805,2.218442469013594,2.115180757231276
2024-12-04,3.3382324230337876,1.628383356274702,1.1842043732138705,1.3209544487684206,2.847217988681953,24.298851499252322,1.6053207676942427,2.0107306363356834,2.2388224907430483,2.054243632215542
2024-12-05,3.338644196332757,1.6387715231657898,1.1767279575661553,1.3360304477682103,2.881064803969249,24.287133262402417,1.6137548423421588,2.007421085652997,2.122187540559053,2.0632312587208923
2024-12-06,3.3358965799295404,1.5967044424528773,1.1750750272563326,1.3277493044963615,2.8872487375005056,23.84847462633131,1.5934949803150602,2.0112269555761335,2.0146065684895764,2.041481009490881
2024-12-09,3.389608525310512,1.6156292905240333,1.1773573950298852,1.3292356765460431,2.9031955917715475,23.24070750454088,1.5657170761463564,2.000869589233998,2.062808314472327,2.029437564036644
2024-12-10,3.4036202087450222,1.6148062964236358,1.1744455897926027,1.335818169265237,2.885686573702647,22.614526376067314,1.5793763963037537,1.9946486974917772,2.0796239780573695,2.025303051229532
2024-12-11,3.38603715135992,1.6066809449505173,1.1540620771749155,1.3300850440752576,2.9225282732653035,23.324418699574764,1.5642504847662797,2.01006839641892,1.9631305946726711,2.0118212512344456
2024-12-12,3.4062304970654385,1.591252901418179,1.1509141390362296,1.3555654784112716,2.926238311785746,22.9945887107549,1.5662673414670039,1.9997116484147086,1.8977456245188942,2.0100239564850955
2024-12-13,3.4085657073213773,1.5826129694532505,1.1539046552406467,1.3402772854142821,2.911332230050128,22.477233670965585,1.568192609594753,1.9993146754674052,1.9151127455947738,1.992407643682897
2024-12-16,3.448540414484007,1.5362262574443726,1.1321048457612308,1.3281739460080821,2.939451781408424,22.100517941911114,1.5689256117316728,2.0078518610734877,1.83423705582104,1.9498058646449619
2024-12-17,3.4820588032100264,1.5233696102818404,1.1522522254775147,1.346222689107235,2.958132824323608,21.83096011585833,1.5615001855989579,1.9995789118736582,1.7864770355678923,1.9415372713152121
2024-12-18,3.407466871709527,1.4819191894428532,1.1391878317099466,1.3345441602243024,2.8470222157098584,21.58317057782279,1.550040752511676,1.939984945532677,1.8387261460234632,1.9129557746325272
2024-12-19,3.43136891944844,1.4517830130369627,1.1299797747852742,1.3260506539437067,2.84467897001307,21.879511483208503,1.551049401026877,1.9393888677737976,1.800201785164328,1.8965982742195155
2024-12-20,3.4959331585617353,1.4692682071337957,1.1369840497668555,1.3281739460080821,2.8418802607076934,22.552575793349682,1.5406899114746526,1.9626831001649765,1.8402347536696801,1.903069572799915
2024-12-23,3.5066481242112557,1.470502363597893,1.1432803014542452,1.3245641973882516,2.8330927878463195,23.384693420908842,1.5411484414457657,1.9744362613145576,1.8630844980040053,1.9107989632953766
2024-12-24,3.5468974875394896,1.479450709171409,1.1478449118646779,1.3343317127097822,2.8596501754067565,23.47678136429351,1.5487573382775497,1.996382104805809,1.8622015129922445,1.912596402139552
2024-12-26,3.558160921722475,1.4808906978322307,1.145719966025394,1.3285985875198028,2.8517087071034353,23.42822743837634,1.5599417120927876,1.9965150474595013,1.8807829133770868,1.9142141547372395
2024-12-27,3.5110438885575315,1.4810965300289547,1.1415486601772882,1.326050653943707,2.802369697157907,22.939333897870505,1.554166201262659,1.9754983597556044,1.876514802651326,1.9140344684907522
2024-12-30,3.464475534875488,1.4715311898950147,1.1280909618473935,1.3171324216456173,2.7652677039619222,23.019698487271274,1.5317973068556237,1.9529547896043424,1.868456573218189,1.9010921595196029
2024-12-31,3.4400233310076245,1.4897361273073844,1.1381644640005264,1.3220161793063825,2.743592580767157,22.48393199936582,1.536931257345248,1.9458494685179475,1.8613181781449006,1.9336277622887883
2025-01-02,3.349771568129557,1.5089698910168754,1.133442807065843,1.3130980315140661,2.7245857185626865,23.156988633806005,1.5216215815555865,1.9410690980263523,1.856350979312232,1.9289541907422136
2025-01-03,3.34304017162847,1.520695297813672,1.1347806432337828,1.3111870179526643,2.7556342265424956,24.188349549184522,1.513829360801293,1.965339067661838,1.8875901307650347,1.9388409689541253
2025-01-06,3.3655687275899275,1.5146267622185496,1.1306094625223495,1.2912272612921092,2.78492560174813,25.01879387392712,1.4723004011256575,1.9766604228277216,1.8900553055073253,1.9366837253325002
2025-01-07,3.3272425902692278,1.5385918216174546,1.1508353029324225,1.291864181306803,2.7492555250338677,23.463384707493056,1.478717912625968,1.954316163600677,1.8921894191761361,1.9548388086845123
2025-01-08,3.333973564871442,1.5458945136766742,1.1196700145940655,1.3103375659176761,2.7635103701888033,23.458362240476383,1.4860516034091484,1.9571714420217554,1.9299780758039986,1.922123519668839
2025-01-10,3.2536121662977773,1.5751047798838052,1.118017459694261,1.2967480234733417,2.726994288916488,22.755165686802165,1.4535987190516106,1.9272902618372598,1.915885299174135,1.9151128741593273
2025-01-13,3.219956449488957,1.5978355154753632,1.1369840497668557,1.3090635568767417,2.7155381530669294,22.30645699956371,1.4561655475198638,1.9302786890246713,1.9911316679682411,1.9645457565551112
2025-01-14,3.2045712742769923,1.6137779721562624,1.1391878317099466,1.3173447001485905,2.705644583013119,22.060335647210735,1.4644162982452702,1.932934656521532,2.0006985050475943,1.9722751470505733
2025-01-15,3.2676238497322867,1.628486272373064,1.1409192227135583,1.311611574958611,2.77490118138135,22.81042049968656,1.4635912672056974,1.968094793677128,1.9995209584748577,2.0044515214216085
2025-01-16,3.135610848918549,1.6392857689711013,1.16295529023105,1.321803900803409,2.763640416505996,22.36338255669767,1.4713836347365503,1.9643099472434127,1.8787224984044502,2.0010358976952713
2025-01-17,3.1592388733401653,1.6607821807553125,1.1571314294831394,1.3315713316191662,2.7926061734212895,23.05653673490554,1.477159145566679,1.984031216996218,1.8756685503757913,2.01901172708527
2025-01-21,3.0584090509965063,1.627560529517554,1.165945806435467,1.3254136494232396,2.7891562275352304,23.57890912457753,1.4825678617752294,2.0021920079411126,1.9317076629268772,2.0037323441511843
2025-01-22,3.0747563665858273,1.6087380955150121,1.1432803014542454,1.3118240224731315,2.9043680186157217,24.62366413818951,1.5102540305943988,2.013447613174395,1.9123162765552824,1.9688599556087114
2025-01-23,3.072420945380452,1.604623961729272,1.1540620771749155,1.3065154542890989,2.9076873151877556,24.648779031839872,1.5231800550617576,2.024436920875011,1.949295530255697,1.98000496983051
2025-01-24,3.060332066054604,1.600921157650481,1.1554788745833349,1.3147965975609477,2.8904381887542936,23.87860942843135,1.5137443771734849,2.0185270531086372,1.9593775585371052,1.953221056086825
2025-01-27,3.1575905144476706,1.617172027939967,1.203249924526945,1.3562025674375127,2.8286016674269487,19.826846100036313,1.5648421410766375,1.9899742688978548,1.9998887522845636,1.9803643423234858
2025-01-28,3.272981332557047,1.6066809449505173,1.1834959745096605,1.3241395558765312,2.910876967440486,21.596562117489256,1.5328367784482686,2.0070725491764203,1.9960620174528223,1.942076330054676
2025-01-29,3.288092062552845,1.6013326547006796,1.1895559681589742,1.3341194342068086,2.8791774238789394,20.710866817712756,1.533205921494795,1.998075320154771,1.9799455585865486,1.9534008864281376
2025-01-30,3.263777608666655,1.607812352659502,1.203092502592676,1.3600245945603169,2.7012179832549825,20.869923972981237,1.5440895501401195,2.008799154773285,2.007432140351229,1.9695789887843116
2025-01-31,3.2419356931192067,1.5344773531452158,1.1974260637790342,1.3479214241656636,2.70167384886146,20.10310353377283,1.53099223742811,1.998108298177392,1.9960988668009096,1.9203262249194895
2025-02-03,3.132177014000194,1.5360204252476488,1.1952222818359433,1.3451609585692739,2.6747261213505027,19.532173380333166,1.5565407524382882,1.9846619216788501,2.017035360331225,1.9249995082764146
2025-02-04,3.197977416808142,1.5759277739842033,1.2079718317349735,1.3307219640899515,2.6841642277957245,19.865355091920144,1.550730308787057,1.9979755616363415,2.0069901813979043,1.976589202009349
2025-02-05,3.193443902480192,1.5735620424678718,1.2174158964243764,1.3402772854142824,2.690152790352777,20.90005877508128,1.558846758960745,2.0060766128932577,1.9862377013843027,1.9751512797529742
2025-02-06,3.203746672931873,1.5623508814763865,1.208129003395897,1.345373321578021,2.7066206338883645,21.544659027371978,1.5576478880247495,2.013048785213319,1.9502890633117196,1.9490869755641878
2025-02-07,3.1269568592582355,1.5697564896339682,1.2050599013610181,1.3555654784112716,2.667110472336468,21.738872172473666,1.5492546172603063,1.9946225211863233,1.939213501974289,1.957355568893937
2025-02-10,3.1306697802803485,1.6021554814578283,1.2138742783133456,1.3706415619168348,2.6831879759215354,22.363382556697672,1.545196245396903,2.008168450090653,1.9625417047744427,1.9947447176458348
2025-02-11,3.1990178194262358,1.6193320946028245,1.2287488991883324,1.435404589559265,2.678110742579549,22.234466599946728,1.5627204859126056,2.009695744763301,1.964565387010853,2.0073275100291843
2025-02-12,3.257464524897051,1.5932073032275615,1.2219019210043471,1.4589740948396506,2.6624889036020147,21.95653458411016,1.5641041485367033,2.003221334472179,1.9405750620637396,1.9469334784080072
2025-02-13,3.321549275942438,1.603287056510062,1.23756327614066,1.4757489979094158,2.6722524273386337,22.65135694800059,1.5773859593836967,2.0243705526044855,1.9544835919531667,1.9610798437349308
2025-02-14,3.363768696052986,1.6154542494851933,1.2289061959859287,1.4623717339680546,2.658518370449299,23.247403274374115,1.5023995765789815,2.024270794086056,1.926262122240241,1.9630749806786898
2025-02-18,3.361980688633894,1.6239818941297952,1.2295407640532396,1.4661937610908589,2.666394715094552,23.339491217758784,1.5258268767548053,2.030213845987692,1.8424424494228042,1.997533961168899
2025-02-19,3.367481195176227,1.6351092161533467,1.2525466407842316,1.4878520837982954,2.69978606677326,23.31102460134131,1.5356041036964645,2.03499462870457,1.8803781536074322,2.0004357427501076
2025-02-20,3.3806832546755703,1.6513323074634378,1.2667466498566404,1.487215248289375,2.7140698557762257,23.458362240476383,1.542244862343402,2.0265285519597644,1.8486608935243836,2.0312675683112187
2025-02-21,3.3768327946212193,1.6318853484542504,1.287531350647035,1.5150315067100586,2.662414131994603,22.50737103163263,1.5700993838760369,1.9918667951710325,1.7161984486657602,2.0075090695083944
2025-02-24,3.3981486022754144,1.6419727995262219,1.2989548272253604,1.4988937771723077,2.6349556661652778,21.812546109175198,1.572958591250326,1.982802785653575,1.6981685057717548,2.0180278476217453
2025-02-25,3.3973237899808595,1.6266856590098526,1.3175974384523097,1.5180040817978748,2.5951705380570926,21.201431102468156,1.5924199887950772,1.972941944664531,1.7307693339258696,1.9900980918314928
2025-02-26,3.305459318664972,1.6133741728955353,1.2937191088391853,1.503352808815579,2.6071064583875434,21.979971057809966,1.5799686397203492,1.9739378809476935,1.7057852426990114,1.9852011733065251
2025-02-27,3.2633782813844063,1.6292856710753012,1.2988753654381897,1.5048394343825808,2.5601464719509526,20.116497632006286,1.5861480796415477,1.9424304720226861,1.7240723147466002,1.9977152324584595
2025-02-28,3.325812564042939,1.6495644933771025,1.309109042532391,1.5120585935991482,2.5892354412193193,20.915130013981788,1.6033959398961728,1.9727426337403133,1.7476213804115552,2.0191160517384046
2025-03-03,3.2734167321928442,1.5920553122989047,1.3270377490415315,1.5356280988795337,2.5337967163003445,19.096858791328167,1.6195369581174552,1.9381804293573692,1.7185165758512853,1.9543694918402392
2025-03-04,3.2445373325127487,1.580719815273138,1.312282383415637,1.4904002708917115,2.534579607189776,19.419995568881802,1.5973083821010678,1.9152382373576726,1.7463335190182792,1.9503795061423712
2025-03-05,3.241924512799102,1.5683447819822904,1.3099024090373708,1.4880645313128156,2.61551967121397,19.639327445484355,1.6104977237157303,1.9358231190778723,1.7513746497708447,1.9122933707230634
2025-03-06,3.236286467224531,1.5905995933726425,1.3155349358127082,1.4961333115759174,2.5885834006428587,18.51253453965505,1.6109591892180284,1.9014602256191455,1.794572114349117,1.9518305410278003
2025-03-07,3.2877191039500895,1.6258537957172385,1.3223573872088423,1.51673007275694,2.565233755240172,18.86748325997577,1.622857337440924,1.9121174858544934,1.815766086868599,1.9772212019107889
2025-03-10,3.1283318276817424,1.6386451790125167,1.3303696380891006,1.5171546297628868,2.479467304556921,17.911467025548347,1.625716544815213,1.8611872582814037,1.774527118496418,2.027640125192471
2025-03-11,3.037018145343114,1.6023511057163409,1.315772945764202,1.5084490139908644,2.4813591066240144,18.209490188735113,1.596754887696117,1.84571520674335,1.7960334941916143,1.979760152723228
2025-03-12,2.983934829281266,1.58768765349037,1.2918943658777322,1.4850916182019054,2.4997511130567847,19.379922013278822,1.5529438460771834,1.8555096794618686,1.7778158062013416,1.9792163388545478
2025-03-13,2.8835444146126856,1.5974630094022684,1.2930052041213764,1.478297015991285,2.4704014481572,19.3531299789614,1.554972885232326,1.830774719707423,1.779330944111776,1.9708735366900414
2025-03-14,2.935939824563909,1.6329252194058304,1.2915770192757403,1.4793665210604061,2.5342537879004907,20.372860928051438,1.5492546172603068,1.8685908243598799,1.805677878158556,2.0294539908466698
2025-03-17,2.942953471410294,1.6506043643286823,1.2918151543639067,1.4999014240152435,2.5351665241081687,20.01453234072663,1.565764338198438,1.8830003652316047,1.843997585201574,2.0631873097993396
2025-03-18,2.9249383895803707,1.6723392402432444,1.3030004958540653,1.4840724785737764,2.501381817494771,19.328013806027542,1.5468565818351971,1.862647978570885,1.8616607837926227,2.061010901566021
2025-03-19,2.9600062019134246,1.7060338035037201,1.293005204121376,1.4819332994239873,2.529427200242489,19.677970762135566,1.5547888274270203,1.8829339969610794,1.8594437590906157,2.0931123466281765
2025-03-20,2.9443290726821085,1.7135214098534928,1.293243088936197,1.491131076820738,2.523035232803514,19.847088202839377,1.5453808903084467,1.8774889132010242,1.8893751085219053,2.101998962661362
2025-03-21,3.0016750439961495,1.713313402194527,1.2980823743432277,1.4688851009645443,2.551863506440663,19.7081094020861,1.5374486447166238,1.8781082816883798,1.9098835199103592,2.0947446528031652
2025-03-24,3.0355052159884983,1.7161212545756916,1.2953848030896242,1.4748743631539318,2.563733499117267,20.329326910583944,1.5278562094630666,1.9117423608471764,1.9085904109833365,2.1001855292916374
2025-03-25,3.0770365190389866,1.7256887701718733,1.2773768850666585,1.4718796475534646,2.5772999228867595,20.208765954364303,1.5020308738621333,1.916337848299451,1.897245826082497,2.1145130218132957
2025-03-26,3.0465068619214724,1.7467996231095382,1.2829302003281706,1.4977622448654542,2.5434498916163486,19.048382901704436,1.536433831585934,1.8934601695565072,1.9148722919373193,2.1449818725108125
2025-03-27,3.0784119093613644,1.7330722890205386,1.2941157920916746,1.5131635910931291,2.547428062728961,18.65823981304553,1.5560800208187873,1.888431639444687,1.9057078823903997,2.1380903934213853
2025-03-28,2.996586521702223,1.7272485765992431,1.2987169424105385,1.5052491183723957,2.4705970201303504,18.3635389491054,1.5498078181121395,1.8504017959831158,1.9068904432731606,2.1351887559350007
2025-03-31,3.0547581491085634,1.739727864734448,1.3156141473265328,1.5319869141119697,2.4483568889021594,18.147534488883487,1.5718517492169837,1.862822968203419,1.9353808199376346,2.156952117794067
2025-04-01,3.0693353879808485,1.7524153278718677,1.2157373130966473,1.5373347774806692,2.4927073060402947,18.443911214207166,1.5731432361618694,1.8680844056000019,1.9330527807439215,2.1589472547378254
2025-04-02,3.0789618545408795,1.7312003874330952,1.2324759698483183,1.5257836833041394,2.4923812857520637,18.48911981377472,1.5633663027733284,1.879906408371805,1.9333485084235078,2.152236614653484
2025-04-03,2.794292973959882,1.6235657114686144,1.2678574881002842,1.5653562159193541,2.4334857809829114,17.04575797187513,1.5900221001465271,1.7872633105482716,1.9970546176139565,2.0390662684173955
2025-04-04,2.590624457794035,1.4900365084400025,1.2156581015828223,1.4958372033456553,2.3469366404091736,15.791604718029541,1.5103318221708049,1.6826315678823776,1.9401845289411315,1.8923432981388983
2025-04-07,2.495459682552748,1.4574862383187128,1.1948734007924278,1.462468070549818,2.3340228602129764,16.349191944575697,1.4778652875932563,1.6796344839640278,1.9388911867903866,1.8669524931610846
2025-04-08,2.3711404295668905,1.4239998500604523,1.189954903871572,1.4635375756189393,2.312499893219315,16.124817132420485,1.4608942479293865,1.6533267816995094,2.0437620992093977,1.8275967382407325
2025-04-09,2.7346088390977985,1.5186351350706895,1.1976499332865111,1.4962648025594474,2.5468413468095132,19.143826405706704,1.497142333779583,1.826958338039576,2.137695052287,1.9188224513281955
2025-04-10,2.6186784123312674,1.4037210277586512,1.1795628037497203,1.5135913593184687,2.487228677805832,18.011906131613816,1.5085793100532991,1.7469023331126592,2.1964492387985755,1.8123621687971496
2025-04-11,2.724982372537766,1.410480690973668,1.2036790181776658,1.5279228624539287,2.533536020669128,18.574517104460146,1.539477683871766,1.7780719234184397,2.215183867168818,1.8705797921850078
2025-04-14,2.7850791244965634,1.407256990617821,1.2245429304818853,1.5497410700847833,2.5293620765844214,18.53768013610938,1.5599536009940882,1.7953221087137043,2.169326252816604,1.8751138799412062
2025-04-15,2.7798530631703984,1.3991451102762766,1.2186726440283995,1.5371208088622264,2.5157960548128186,18.787169841914952,1.5538661899755426,1.790293578601884,2.1565043122483054,1.8698542747422935
2025-04-16,2.671624189360878,1.4076728385925033,1.2209731566194952,1.533270556811081,2.4237025593497163,17.4961808990021,1.5346816130215466,1.7504989987047919,2.161861694367999,1.8896229319420743
2025-04-17,2.7088922043108647,1.4337755406588495,1.2492146265999895,1.561505963868209,2.398722812505877,16.99385104390734,1.5737887594694733,1.7529964655804293,1.6780444470772737,1.9391349223966567
2025-04-21,2.65635946627684,1.3907215531327823,1.2448514862326197,1.5565860377363956,2.3422409030641425,16.22695896482299,1.5383080214710623,1.7112703010646166,1.5716954793196374,1.9106609204532496
2025-04-22,2.746848336320913,1.4278475733931972,1.25143592767726,1.5807573931354821,2.3924614943809277,16.558494238546885,1.558076475577775,1.7557940324619203,1.578531616449122,1.9641633288901748
2025-04-23,2.8136838680110556,1.4214000053382536,1.2326347682859873,1.5679231632944823,2.441834473148103,17.198130870861853,1.5381223491236047,1.783000488899189,1.5814140284301976,1.9472963091767777
2025-04-24,2.865529121833327,1.4462548287940542,1.2290647441502516,1.5512385123907904,2.52603554405038,17.821020402892753,1.4805809474925942,1.820531127543331,1.5677047882112798,1.9701478751525028
2025-04-25,2.8780432752220455,1.4427190332781337,1.2262882116561682,1.5381906519544413,2.5557114302371398,18.587913761260598,1.4944093542462533,1.8336848240911092,1.5469744644512748,1.9690598151306682
2025-04-28,2.889870155348446,1.4569663028429234,1.2323967583344935,1.535623535567766,2.551211264865258,18.20614230381848,1.5021124816290792,1.8343839581706802,1.5519999692144613,1.970147875152503
2025-04-29,2.9045851442024055,1.4486468332005367,1.2368392353523614,1.5476022289580877,2.5699952192401057,18.25470006758615,1.5059175171512083,1.8459396634098164,1.512202090220957,1.96525138891201
2025-04-30,2.922325358917289,1.414952269940061,1.240012325962262,1.551880249234572,2.5779521644621646,18.237954246585577,1.5087947780422857,1.8466719816246502,1.5203685354611347,1.9157391102677777
2025-05-01,2.933602293864175,1.4170323465297192,1.2253362969868653,1.5249281468534612,2.7745301373295184,18.688379732279547,1.4847571809330793,1.8597593099019032,1.480607972263162,1.9184597646542514
2025-05-02,2.8239976078334044,1.4403271962149005,1.2385050547394731,1.5326288199672988,2.8389691929922565,19.17229174284067,1.4897688665488444,1.887365624863455,1.4777996088138436,1.9262581765707778
2025-05-05,2.735158995226749,1.4091287248620148,1.2296202258404099,1.5336983250364198,2.8447740425138943,19.05843039430476,1.4740841766502861,1.8765432684023595,1.4958690831287402,1.8729374717078877
2025-05-06,2.7299331448500204,1.4101687631568438,1.2254156336373632,1.5341260932617586,2.8261205364541278,19.011545933353645,1.4779821217344236,1.860858302505757,1.457808254417221,1.8990536500335904
2025-05-07,2.698853331603556,1.412144417558896,1.2478660286781968,1.5486715650156615,2.826381634083235,19.6009463819504,1.4783533196527796,1.868684193386427,1.445059662709514,1.8972399284742163
2025-05-08,2.715906062106686,1.42514380851314,1.234855944226585,1.5223611994783326,2.857818472024117,19.65285458920168,1.4724135658528446,1.8817049472805132,1.4246988819371307,1.9237190816635141
2025-05-09,2.7302084338639325,1.4402232760570421,1.2234324676482595,1.5084576335797586,2.8614704218495546,19.532296191549037,1.4632256467965943,1.8793070328106638,1.4065553590904767,1.946208105060119
2025-05-12,2.9026102355830656,1.4727733788350823,1.2227977744442757,1.4872808247695923,2.930149349250846,20.595561158106566,1.4932956137146256,1.9414133061374623,1.399571358121199,1.9797601527232291
2025-05-13,2.9320783951388907,1.4803650726859625,1.177579387487271,1.4750883317723744,2.9293666593603596,21.755945490049932,1.4731558149129975,1.9542345429946897,1.1506231096488448,1.9852011733065262
2025-05-14,2.9238165604800037,1.4732933143108722,1.161078740687094,1.4793665210604054,2.954150633232105,22.661813811320553,1.4665665748383587,1.956732009870327,1.1381702456207237,1.9674277971453291
2025-05-15,2.911698781081431,1.479429121892241,1.1868611499121693,1.531773114505073,2.960815557237921,22.576419079202115,1.5073096928157426,1.9662894530512554,1.0137885362844172,1.9873783020139688
2025-05-16,2.9090825861768086,1.4777650606205144,1.200505927567765,1.5401155244626925,2.9682645781268366,22.671863862487893,1.5153841648934836,1.9787438094068208,1.078676973133905,1.9802401325845356
2025-05-19,2.8749326148395635,1.4577657015451595,1.2097083533421653,1.5386180821566855,2.9983215583126626,22.70032792033837,1.5292128652002612,1.9809081982539833,1.1672888103805958,1.9487581511740648
2025-05-20,2.848493900133382,1.444923780588572,1.2189897403570455,1.533484525429523,2.9937476263280924,22.50106672255003,1.537287043724884,1.9742480804729756,1.1883145119846035,1.920937042881688
2025-05-21,2.782810152363513,1.4269238386566794,1.2151819565431612,1.5369068402437822,2.9571563714504765,22.069065477807182,1.5353379977945356,1.940980469590558,1.1195830146428294,1.8973259530846034
2025-05-22,2.7727579898417387,1.4240818482526434,1.210660268011468,1.5217194626345503,2.972119737885321,22.24153080342761,1.5316255782812966,1.9417465902785784,1.096266239805057,1.884696618072854
2025-05-23,2.6888975729740108,1.4372395459207905,1.2132781272045554,1.535195429319332,2.9415399594444476,21.983665628554753,1.5393288524406814,1.9284925168744467,1.0922015001649423,1.8857946206375977
2025-05-27,2.7569222266345896,1.4508182792043505,1.2261598214299674,1.535409397937775,3.010213459874234,22.688604566354467,1.556962588269588,1.9685874028900339,1.090095140119058,1.8947633707209024
2025-05-28,2.759814132451995,1.4317659155771754,1.2195987805431237,1.52193360026454,2.9884549221174366,22.573069915001998,1.5532503155329085,1.9571980305524939,1.1015873556359685,1.868955555320206
2025-05-29,2.753341992807688,1.451660350435176,1.2288000800874699,1.5292061671299448,2.9970799878315293,23.306472910652193,1.5643874272960663,1.964923956802093,1.101809034783797,1.879571597440276
2025-05-30,2.765735272169608,1.4389236883824417,1.2418418241172775,1.5422545346009346,3.0080573441949197,22.626653983636835,1.5767308955997417,1.9627261777070266,1.1156292894944206,1.8724332839160185
2025-06-02,2.7774400125725958,1.4509233707649545,1.2433619844173551,1.5401155244626925,3.0185774279592197,23.003402974062276,1.5571481138404868,1.9737818536781675,1.1260128760484667,1.8861609096821619
2025-06-03,2.799058954566247,1.4689231453535978,1.2355210456420365,1.5221475688829833,3.0251115016520655,23.64638365344337,1.548516918273491,1.9850376650240913,1.1130794545410183,1.89988839135348
2025-06-04,2.7928627367841585,1.4459763696271042,1.2259196841550375,1.5266395577779104,3.0309921277758383,23.763594166179395,1.5401641578394023,1.9845048638461162,1.1099755966358362,1.8724332839160183
2025-06-05,2.762705827319965,1.4410288664595057,1.2294400290317076,1.5168000435373776,3.0558870530650335,23.440429244388792,1.5109293495435323,1.9749142365299255,1.0931991146361015,1.863830678782453
2025-06-06,2.8080095391335025,1.4758705676944068,1.2404016261510613,1.5262116205410243,3.07352933343424,23.730105082745244,1.5222519868775886,1.995194483766161,1.1204699644578657,1.9084907082973956
2025-06-09,2.773997106828496,1.4816599747495816,1.2420017487850006,1.535195429319332,3.089015498124132,23.882480540298978,1.508701868480277,1.9969928165622275,1.120359299801743,1.9213033319262525
2025-06-10,2.7907969089579243,1.5089227002205547,1.2517631600763954,1.5476022289580866,3.0770580709066038,24.105180770354128,1.5113004006853292,2.008314996178677,1.1225763245037501,1.962485776940208
2025-06-11,2.7372311515360637,1.52397489081481,1.2422417609232579,1.5416126287456053,3.088165875585076,23.917627575147698,1.504525635039792,2.002587538099927,1.147593067051698,2.0007396387355474
2025-06-12,2.7430143303225663,1.5259748099880208,1.2534432450441961,1.5452490811898545,3.129004439162198,24.28100549444266,1.5144559499327543,2.010546165521647,1.1769331943475376,2.008427385826651
2025-06-13,2.7051465861261805,1.5358696489799686,1.2569638401942116,1.5299538742136662,3.103455865304985,23.773613514542763,1.4875415322621484,1.988068139190345,1.158567759129333,2.052172269109483
2025-06-16,2.732273628841859,1.537132755826207,1.2419217864511392,1.5191825993147796,3.1307686068994354,24.229094728624382,1.4931102349202867,2.00698309629006,1.144947260536663,2.058761581351369
2025-06-17,2.6939928456498885,1.5668164360858032,1.2191988437371437,1.499794439706021,3.123581085637516,24.133642269637612,1.471207062535768,1.9898332878511489,1.1494503441624104,2.0865824014540957
2025-06-18,2.7069367030396307,1.5598691810882435,1.2059970499029404,1.4909618962622366,3.137956128161355,24.361382876678423,1.4665665748383592,1.989533187845295,1.143235631640384,2.0717569172180337
2025-06-20,2.7678008890464056,1.5741847266987756,1.198475960463068,1.4829911426963676,3.119399101595023,24.08843239078656,1.476404420498991,1.9848608203777844,1.1239209758733504,2.099394880988128
2025-06-23,2.774685856736863,1.5458694121892707,1.2107177057442422,1.5023793023051262,3.1755927785501226,24.142019017988396,1.4945021170317032,2.004466254826132,1.118971502043559,2.045216811917859
2025-06-24,2.758161765520217,1.5110278782976188,1.2176786834370659,1.51250444606001,3.2024478455475935,24.76662151062432,1.4882840748754205,2.026609966453111,1.1373554785476683,1.9829854271860459
2025-06-25,2.775511934728033,1.5076595933743167,1.2183988449885101,1.5000097604168396,3.2165619914412704,25.840014564642622,1.4753835895293719,2.0277454409944897,1.1239582916688815,1.9835347166580672
2025-06-26,2.7678008890464056,1.5203960880838019,1.2162384854708495,1.4965629389282722,3.250408605729622,25.958906055896204,1.4722281870585059,2.0436103432270194,1.1261911755839895,2.0131861174146657
2025-06-27,2.768902467000924,1.5135540919900952,1.2194388558754008,1.5150894776706623,3.2405421705333404,26.416060572794375,1.4836434404014522,2.053763451941544,1.1503433577942201,2.0020210740122235
2025-06-30,2.82522216930908,1.5072383904156545,1.222159076866765,1.5241373418252653,3.2501475081005156,26.456250543195754,1.4786319015622464,2.063583070402312,1.1609868721865144,1.9731018190602791
2025-07-01,2.861713257486472,1.5322906789057107,1.2475225285116083,1.5439566498903021,3.215124245990153,25.670885610387323,1.4962656373911531,2.0629154715568725,1.2137201550891048,1.999458491648523
2025-07-02,2.925331388379542,1.5576585767640772,1.2446422577158485,1.52758433232538,3.2088514709253584,26.332331467791505,1.4960798182671362,2.0722670082090593,1.144575152088099,2.032587621000934
2025-07-03,2.9406163626094317,1.561763841357601,1.24824256492638,1.537063006913167,3.2594911450417494,26.682312730286004,1.492645833886804,2.0885993739122455,1.1482593872256548,2.053636416623968
2025-07-07,2.8910438780100587,1.551553392997343,1.2423218483937921,1.5297385535028478,3.2521729744658043,26.498113816413685,1.4895833409779464,2.0730351900234933,1.1302475191701098,2.033685767660503
2025-07-08,2.8918697450517934,1.613026098936849,1.2464822673513725,1.513150577204013,3.24498525220494,26.792832590322796,1.465360365074401,2.071899509369473,1.1450961738832055,2.0900602741447343
2025-07-09,2.907430008295594,1.610710403052079,1.2504029244440409,1.4967784286506376,3.290005799824555,27.27510455943833,1.4619262339175094,2.0843241855046797,1.1272704183578732,2.082921960620477
2025-07-10,2.9249183493839563,1.6228153443384448,1.2616844960355134,1.503025771472223,3.2767412764699344,27.47940101707833,1.470928627402861,2.090202724149563,1.1146174483762152,2.1036047553885955
2025-07-11,2.9077057192083777,1.6348151940642068,1.2553635924235997,1.505180161661238,3.2887640283444757,27.616714190716042,1.4575644749061256,2.082854602371619,1.1316989870044187,2.1127563618045335
2025-07-14,2.8727292479810895,1.5962895985376933,1.2547235183426895,1.4965629389282722,3.2868038866362,27.474378550061658,1.4270299601780518,2.0868290724354064,1.1185992769831337,2.0851181098447893
2025-07-15,2.879476887588744,1.586184576424538,1.2415217245084862,1.4941932280284387,3.3050994135755354,28.58460473458023,1.417006735723081,2.077911609005972,1.0855898408679507,2.0666320406802825
2025-07-16,2.8939353619285915,1.5780793061413438,1.3184115776449588,1.4922544965733364,3.303792518437388,28.696800456000574,1.4267518185982633,2.0848584294711436,1.0884926599247078,2.054185562001165
2025-07-17,2.8920074950334667,1.593447440790408,1.304009848256142,1.520690520336698,3.343520160847402,28.969753500459433,1.4442923513120431,2.0976170080853906,1.0720438572544828,2.0437528084982017
2025-07-18,2.907980797272853,1.5793424129875822,1.3097705149843342,1.5047490132049601,3.33273877845505,28.870954435839547,1.4493106418729749,2.096081056681805,1.0518733870393095,1.9725526736830834
2025-07-21,2.9258819664073643,1.575552925105618,1.3150514077093574,1.5094884350046271,3.3328041031120637,28.698476317384134,1.4486563119718157,2.1000553206329515,1.0499755290009567,1.9776776943156613
2025-07-22,2.952320681113546,1.5793424129875822,1.3436149794854066,1.5006562295839367,3.301505753444048,27.970047175977655,1.4793993961905907,2.100355832864088,1.0611026327809652,1.9866463003041415
2025-07-23,2.948878408217753,1.6117629920906107,1.3529762036974757,1.489884785673503,3.3054260368606,28.598001391380688,1.4790254095176087,2.1182243560835015,1.0885670582920486,2.0120878266602737
2025-07-24,2.9435078465279636,1.6402889917510715,1.3566567235152143,1.4885921853624033,3.3381621319797325,29.093670017296684,1.4839777974034347,2.1189259635147693,1.0367269056331292,2.0278288894129215
2025-07-25,2.945160424409177,1.629868025583107,1.3465754628883735,1.4901002753958683,3.3566540348879963,29.053480046895306,1.479212549630659,2.1278770233047486,1.0459562679866456,2.0206904317938394
2025-07-28,2.9475013302998874,1.645025642424465,1.3299332865113618,1.466834145842264,3.3487475404010456,29.59770771586247,1.468092610724934,2.1273425732256426,1.0499010140217548,2.0397259345251926
2025-07-29,2.9092203361584805,1.6529202275567034,1.345055177451623,1.494624038461623,3.3492048130001355,29.39006209402235,1.4634204192907259,2.121731568789274,0.9715641393805553,2.066082751208261
2025-07-30,2.878650387698701,1.6163945512034006,1.3382543746998676,1.4810524112412653,3.3535825700147224,30.01969728794294,1.4285659768706562,2.119059524506385,0.990059771741606,2.0481455392313013
2025-07-31,2.8582707736412414,1.5961843396338407,1.3180917283095133,1.4625257034873282,3.4859640929455367,29.785258352501902,1.4060460493841476,2.111110790491451,0.9287299790553389,2.043386519453638
2025-08-01,2.7868038470848697,1.5936579585981148,1.3388144864469165,1.483422122141099,3.4246087630916957,29.09032085309657,1.4077281087532107,2.0765086002560786,0.8848538334458398,2.006779805600239
2025-08-04,2.800160532520762,1.5898686380594,1.368498281717063,1.4855761743070202,3.499947991523077,30.14194050196363,1.408755838221115,2.108071041256335,0.8967997274081091,1.965231215636544
2025-08-05,2.7942393928031493,1.610921088203035,1.3660980351978178,1.4875150747736696,3.448393370210616,29.850565775120643,1.406419742504011,2.0973830702374214,0.9340888771292257,1.9628519218899496
2025-08-06,2.9364853398052686,1.6081841893596027,1.3648977242331861,1.497424728806188,3.430032116616378,30.044814740160305,1.4283789835341651,2.1134487261826584,0.9146627987289726,1.9494902969787213
2025-08-07,3.02984670831864,1.612184195049273,1.3724188136730586,1.5172438678596776,3.4032425752748647,30.270882044384553,1.4342660445493276,2.1116784247058202,0.9105319401636507,1.9392405439032157
2025-08-08,3.158184969958171,1.631657259605362,1.3868206681985482,1.5153047983814814,3.4110831421079686,30.59406999327814,1.4344527443327002,2.1281441452879815,0.933679569496991,1.954798462133581
2025-08-11,3.131853628514886,1.615236535917766,1.3907413252912164,1.5241373418252657,3.409319175369676,30.486894180307466,1.4481891221837064,2.123935737376224,0.9391872059996288,1.9370441064892536
2025-08-12,3.165904453617237,1.6256576694289797,1.3824201119660378,1.5232757209588974,3.458128955093928,30.67109821131378,1.4492168516516106,2.146547118586501,0.9734249148470987,1.9425351279767458
2025-08-13,3.2166363163165776,1.640709860023235,1.395541693193034,1.5178901680152275,3.4015437321946407,30.408192659455267,1.452207277269874,2.1538954464770863,1.0115326798326847,1.9694409459421864
2025-08-14,3.2090541607403145,1.6332364778496586,1.397942064848952,1.4982865186841032,3.413958231012314,30.480195851907236,1.436602140266432,2.154095581851869,1.01034183950779,1.965414216064002
2025-08-15,3.1926492559549793,1.6478678001717506,1.4133040930641434,1.5062569342268783,3.3988644162623887,30.217292858615714,1.4423955578367895,2.149052211629869,1.1313639611276636,1.967261655812372
2025-08-18,3.182998952108685,1.6349206203113098,1.4101836849934537,1.4892384855179532,3.378804319587926,30.478519990523683,1.4551040594433322,2.1485847481592124,1.1480360755117716,1.9715107240051757
2025-08-19,3.178449827522475,1.61778467157591,1.422585354942351,1.5107810353157267,3.330909286060799,29.4118329406066,1.4801467824303174,2.13692825383844,1.1322198921876643,1.9844422258644674
2025-08-20,3.115724223692899,1.630769503667459,1.4309063179941843,1.5230602312365316,3.3044461670054055,29.371642970205222,1.4905190415431968,2.131250262793622,1.11584548788478,2.0049479280929443
2025-08-21,3.100421951609262,1.655568769164469,1.4316264795456288,1.522198610370163,3.300191823342837,29.30131052200281,1.4832302643871482,2.1227000920911325,1.1289078821105338,2.0178797181418857
2025-08-22,3.139849455935044,1.6835602744864446,1.4345068754780612,1.5107810353157265,3.319761281593396,29.805355896269592,1.4826698714839122,2.155298043001697,1.1440543635167142,2.0557507199878127
2025-08-25,3.1315781285515394,1.6837733024428916,1.4274660605880485,1.484930043163017,3.3003228746547517,30.110122162779042,1.4591219209763808,2.1458125331326117,1.134527291081974,2.0642482799941217
2025-08-26,3.161217368099918,1.6748329893453453,1.422468977836731,1.480621431796534,3.285793062943528,30.438335137256292,1.4574401551604361,2.154796983170495,1.1180411726162176,2.059629896765433
2025-08-27,3.1774847338530154,1.6948425563589118,1.4248867434901555,1.4827759909970961,3.31655414243248,30.40986852083882,1.4666910413606067,2.159706586288237,1.1308802551280883,2.0829068306638776
2025-08-28,3.20602112975026,1.695693998811702,1.4140868229519428,1.4726506782306652,3.335534271777311,30.170407118381107,1.4544497295421728,2.1673550141846762,1.1249630194635634,2.0939910368696237
2025-08-29,3.200231200581807,1.7093175800860927,1.4279494635547263,1.4862223054510229,3.3162269161505815,29.167346512565214,1.4674384276003336,2.1544296904435503,1.1531717784836364,2.111356192392249
2025-09-02,3.1668695472866983,1.7224085077977418,1.4351226730444657,1.487730395484488,3.305951247102982,28.598001391380688,1.4763157674572003,2.1384646174673083,1.1491898332648567,2.1187458072909044
2025-09-03,3.2874950756491135,1.6822832781505088,1.4346391449411153,1.4862223054510229,3.307456528199504,28.57121063634677,1.4779976800497043,2.1500543312922726,1.145766109024854,2.0673889707947977
2025-09-04,3.3055544568605852,1.6783453568063542,1.4407645850702564,1.4702809673308317,3.324604351164859,28.74536461618574,1.4875290562546115,2.1680232313680396,1.1550698697457114,2.076441151781644
2025-09-05,3.304313863227779,1.6354526045010542,1.4381046799551385,1.4640336245092465,3.239717270864474,27.96837387316109,1.4952845828690913,2.161744215860949,1.1737144737592349,2.017879718141886
2025-09-08,3.279361709196719,1.6390714022686617,1.435686914301714,1.45261604945481,3.2606609588996402,28.184386009084008,1.485846850108989,2.1670545019535394,1.1918007401821205,2.0293332393835164
2025-09-09,3.2306979947674086,1.648118313016056,1.426257115193,1.4618792343202316,3.262035188684247,28.594649668613577,1.4900519985316474,2.172064481927635,1.2947737945627786,2.044112180991178
2025-09-10,3.126477160240892,1.6794094925290923,1.4168270658109403,1.46101778246541,3.274863142331076,29.6948334776658,1.4703353565503516,2.178343703547367,1.2905313384464456,2.07828844743519
2025-09-11,3.17114317190956,1.6843056213191345,1.4386689212123867,1.456709171098927,3.2790519603376875,29.669716025448437,1.482296178364049,2.1964459585021086,1.315948875960773,2.071637894892777
2025-09-12,3.2268378310390036,1.6721722316803758,1.4351226730444657,1.4435681853002067,3.337235928842761,29.778565141235664,1.4754745909961091,2.1957113730482196,1.3118553331909824,2.072007498118311
2025-09-15,3.2630943434436213,1.6743008378123512,1.429803238224248,1.4372730122108337,3.372970928216147,29.76684434581876,1.4654761717796523,2.2074008453916134,1.302830041594278,2.075517503954872
2025-09-16,3.2830837010445784,1.6980352982136253,1.422227213785056,1.437924213701245,3.3316073553955863,29.286220093849806,1.4768766006901137,2.204361714494422,1.2724583657757182,2.118561077725551
2025-09-17,3.294663981280357,1.703889132419807,1.428191352743074,1.4552904881738,3.3380212317195292,28.517554927835988,1.4981813650425497,2.201622889715725,1.2793116448487751,2.129829869401827
2025-09-18,3.279361709196719,1.6905851767517113,1.4036897173631826,1.44269980397196,3.327745763670874,29.513973493725604,1.4700551600987335,2.211909971647149,1.2538836122669548,2.1047059280394866
2025-09-19,3.384409043613278,1.6625931693999876,1.4200510870466336,1.4420486024815486,3.38979132390066,29.585979244744575,1.4580940447319177,2.222865270761936,1.2608865043577202,2.084200081716185
2025-09-22,3.530262647868973,1.6608901171511579,1.4040926574493078,1.4372730122108335,3.3670153294860183,30.748185276390373,1.4303413861314058,2.233381756063219,1.2781507737721665,2.0694209960136987
2025-09-23,3.507516392089617,1.6754714038416882,1.4231942699917564,1.4481267647446336,3.332850935866167,29.880718487189665,1.425015158349157,2.221224201911245,1.3020810436108468,2.1050750989805467
2025-09-24,3.4782904024862598,1.6942036398328202,1.4240809884545775,1.4424827931456718,3.3388720602522532,29.636219266313294,1.4242676253328708,2.214157011663506,1.317510192168177,2.116344178846472
2025-09-25,3.54115375629751,1.710594409078779,1.4324630182026932,1.4322802421022833,3.318452175466858,29.75679685321842,1.4217446830558351,2.2039422752692075,1.2941040926448513,2.1353720445521125
2025-09-26,3.5217156095726843,1.7046341445659985,1.448421447800019,1.4255507093372402,3.347445871235458,29.840528516788286,1.425015158349157,2.2165687356803283,1.2885616475016948,2.1654842605583244
2025-09-29,3.5075163920896166,1.6614222686841518,1.463815511003424,1.4335826450831062,3.3679968073327684,30.45345115107927,1.4346398844457504,2.222798284153487,1.2926811947164965,2.1100630854347684
2025-09-30,3.5102735012174517,1.6528010791631524,1.4944425865124569,1.4396606383346442,3.3899223752125742,31.245555349359893,1.4357612573584593,2.2311711979843873,1.2931303836052053,2.0829068306638785
2025-10-01,3.5215776486415744,1.6452445273946397,1.499520382417672,1.4496463475632915,3.4014412227328656,31.35608288509767,1.4313692623758691,2.238773868874439,1.3043653533566715,2.0688668073176353
2025-10-02,3.5447377872142596,1.6323659582664403,1.4989561411604237,1.434885048063929,3.3754580891573083,31.632400445158638,1.420810156703058,2.2413525441307813,1.3246630471122345,2.055935305458344
2025-10-03,3.5570070283078428,1.6342818711284677,1.520395056475745,1.4468245307753576,3.3859948558340145,31.419719563466867,1.422866055968544,2.2413193599955186,1.3489302086174464,2.0923284707814345
2025-10-06,3.5386721471330222,1.6392842628818591,1.516526456238924,1.4348850480639288,3.459429016267955,31.07139113525293,1.405485362927793,2.249357340784172,1.3435748088993906,2.1096936263040593
2025-10-07,3.5357774989729505,1.6487568948556486,1.5224100071797166,1.4498635274011262,3.429387713999813,30.98765947168307,1.4253888514690205,2.2410178172011754,1.3618877687801294,2.110802147791011
2025-10-08,3.5575584501334085,1.6363042142970936,1.5288579245144307,1.4353192387280518,3.4350820141018903,31.669241251359903,1.4081018018730742,2.25438113030524,1.3853310674871253,2.1063683500328527
2025-10-09,3.502139501916749,1.6139530131951048,1.5400610354121145,1.4407461995007251,3.4190471222930894,32.24866968508274,1.4070739256286107,2.2478502451503792,1.3769799090590673,2.0858626478043756
2025-10-10,3.3812384735909853,1.584790439814044,1.5371594913819941,1.4552904881737996,3.3441734074175296,30.672827802604274,1.3987575657812172,2.18709565852577,1.3275840576193134,2.0455900175140154
2025-10-13,3.414186455042202,1.6171462570795665,1.5386100756920453,1.4500805382274142,3.3643973182318856,31.53694542760487,1.3782000408919493,2.2206547126831033,1.3431630524180744,2.0734851905463234
2025-10-14,3.4157029705372297,1.621935620876511,1.5382072607425925,1.465493039217188,3.3612555037279828,30.148659298899837,1.393805031118832,2.217941858097221,1.3479191837822688,2.074408982467921
2025-10-15,3.437346593614887,1.6189555722917455,1.54078632756714,1.4561587004904992,3.36033955153719,30.115170215465685,1.37754571099079,2.2277884773140095,1.352487919885779,2.061846795644513
2025-10-16,3.4112915959326937,1.6146983600277947,1.54844306516023,1.4672298018736813,3.348427550081153,30.44675026411204,1.3979165360966856,2.212616938007092,1.335710738214878,2.0439274514258243
2025-10-17,3.4780146915734766,1.6292794793750756,1.5573088732850415,1.485681468500771,3.361321230382885,30.682875295204624,1.4147362491279636,2.225176205697122,1.3354484781394094,2.073485190546323
2025-10-20,3.615182663753465,1.6441800569854024,1.5613387746929857,1.485681468500771,3.382330243075064,30.5857444162673,1.4199692737950853,2.2483191514095253,1.3649587421404998,2.081983038742281
2025-10-21,3.6224895303158173,1.6368361984868378,1.5465088276101562,1.546028900467497,3.388024141179252,30.337896031190805,1.416791854840331,2.2482855550489798,1.3682915091288945,2.0821679124024604
2025-10-22,3.562935129356841,1.6557814624344165,1.5550522836660674,1.5371287524049313,3.406873018213223,30.19052768925177,1.4222117260673846,2.2365969071561516,1.3537612047964258,2.1191152664216144
2025-10-23,3.5785133233026984,1.6663182301309443,1.5512640211731257,1.518243064125265,3.4070044715230274,30.505361916897552,1.4223053695121892,2.2498598434038626,1.349866601861562,2.142576929885414
2025-10-24,3.623178913072494,1.6556750321278177,1.5345801742841012,1.513250125005168,3.4269664807124984,31.191963605024064,1.4348860287356209,2.2682469460289956,1.3575436271209738,2.1316773091501973
2025-10-27,3.705755491673046,1.6526948161998027,1.5337742941118508,1.520847870086911,3.4787365728936295,32.06780714257554,1.4278288649900768,2.295006962485029,1.3705761687103022,2.141838011623996
2025-10-28,3.7083746398697714,1.6404549962544452,1.506612878753514,1.5230186543959805,3.547784534357308,33.66542243020524,1.4243471782279868,2.3011023316286474,1.3775417450055367,2.125026756607785
2025-10-29,3.718025154665501,1.650779238024274,1.5039532239117415,1.4837275260064433,3.5443812202264087,34.6718833715612,1.3998818742251111,2.3022079198370258,1.3304303199234682,2.1512595076467274
2025-10-30,3.7414607932015334,1.63396274755192,1.5236995405919909,1.497403602362818,3.4410380148299082,33.97690493508391,1.4075038341706687,2.276888012406335,1.2910709015274575,2.1187458072909062
2025-10-31,3.72726136476903,1.6786644803829003,1.522248831145267,1.495667008717872,3.389005820024947,33.90991909251462,1.414937479790702,2.284356503966847,1.2791244828118136,2.1126494434445573
2025-11-03,3.7090644445253202,1.6394971234950562,1.5012128559160716,1.4754785794342893,3.383900848828598,34.6450874993933,1.3928247104795668,2.288643646907613,1.2500262085157616,2.101565381333636
2025-11-04,3.7227124511322565,1.6325788188796373,1.5060487626329386,1.490457058771487,3.366229624611361,33.27355230882283,1.3848262686595199,2.2615151010487864,1.238941085005726,2.108585393006758
2025-11-05,3.724090794746738,1.6248095738411763,1.4991173171948744,1.4872008823078828,3.319303003999582,32.69077726946687,1.3718409464622219,2.2693521220120907,1.2273691069758672,2.100087400715975
2025-11-06,3.718990037385526,1.6277894550826926,1.5069352308224144,1.4991401960077646,3.253461377701041,31.496752898636494,1.3750403819008645,2.2450034173475966,1.2042255007517326,2.1152358014543453
2025-11-07,3.7010686171051637,1.6499276282282345,1.5037114598600667,1.5314847808059706,3.251628870322621,31.50847625262039,1.3830385301677928,2.2472137693137872,1.2141496365732987,2.1654842605583253
2025-11-10,3.7179032258915243,1.656632737543957,1.5185415320795685,1.5308334103040122,3.3117110728610166,33.33384238155889,1.369112076672551,2.282280125217554,1.2043002489546564,2.183957937567903
2025-11-11,3.79821462944887,1.6629124603197833,1.5622253680191338,1.5544950268774873,3.3292510447673944,32.347473866836616,1.3977176538588942,2.2875046684513296,1.2262833339377657,2.212776758426983
2025-11-12,3.7736525209248777,1.6318339740766952,1.5667386723937553,1.5523242425684178,3.3453514622321525,32.45465223837429,1.3927304799285247,2.2887774140118693,1.2697620663248557,2.182110497819532
2025-11-13,3.766476443012813,1.655887892741015,1.5736702429684923,1.5427728930154407,3.2939743229878222,31.292443648161495,1.3922600610561122,2.2507976559221543,1.2452700771515675,2.194487955077585
2025-11-14,3.7590252870362724,1.6776001773169125,1.5791508538231607,1.544726497486675,3.33906843622118,31.84675207109997,1.3895311912664414,2.2504291265193617,1.205348939420949,2.222999853959906
2025-11-17,3.690719015878703,1.647799022096259,1.608568983937144,1.5343067666054513,3.3214627376599006,31.248904513560003,1.3721233445622285,2.2294629364126033,1.2003306645931469,2.1929970059256942
2025-11-18,3.690443094016483,1.6532877133323176,1.6119540560706151,1.5460289004674979,3.2317979124450655,30.371390231758955,1.3831327607188342,2.210740900745223,1.1743407960648575,2.2181546654770306
2025-11-19,3.705898515390618,1.6326243362434658,1.63218415112756,1.5436411053321404,3.1881435546522714,31.235507856759543,1.3831327607188342,2.219281590266209,1.157526065374703,2.1868473269941804
2025-11-20,3.6740223680234516,1.6176646864661117,1.6366975806388544,1.5458118896412096,3.137129017504098,30.25081520342083,1.3944242814223284,2.1854547957877193,1.166701086600977,2.1806976480626665
2025-11-21,3.7463295061832023,1.6141133280279998,1.6433871368885706,1.583583435212089,3.0957533847468577,29.956078519542732,1.4201128212700362,2.207224412970588,1.1982709492916765,2.181815823902878
2025-11-24,3.8074605432264503,1.6116379866833315,1.660715687915396,1.575768510292511,3.1080810520204407,30.57067445665028,1.3830385301677928,2.23971168139273,1.1948256518573825,2.161130723617563
2025-11-25,3.821948972386202,1.5985080679945796,1.676288821697448,1.5762028699681812,3.1276864890820932,29.778565141235653,1.3972472349864817,2.2607780422432002,1.2219016432593566,2.133923171089055
2025-11-26,3.829952815884925,1.6090550436293187,1.6835074557993817,1.582063852393431,3.183487816097226,30.187178525051642,1.3949887840692237,2.2763855097866426,1.2347467895880013,2.1387683595719307
2025-11-28,3.847891534019035,1.6264898674080916,1.6783165363420363,1.5872739713513633,3.226174966968341,29.641244291896946,1.3941420300988812,2.288811010372415,1.2349715006442168,2.1601990064806027
2025-12-01,3.906538008605693,1.6416643859176356,1.6655011645531612,1.5728459626225928,3.1916186254064116,30.13024273364969,1.3873671176767848,2.2783613055669396,1.2104046466561438,2.1734299373857655
2025-12-02,3.9491772180937765,1.6170190762100451,1.6661501233378335,1.5448649179436296,3.2129950641694194,30.38813605275952,1.3724996796601587,2.2825816680118973,1.2153853724646926,2.1501358562031734
2025-12-03,3.921026859664316,1.6314403827541788,1.6654200759892452,1.5479252100243146,3.1325390056039546,30.074977686497302,1.3804979747036465,2.290485675583651,1.2721963389239725,2.1952332135112917
2025-12-04,3.873419790959667,1.6386510360262456,1.6423039538495956,1.5400555253635237,3.152931554532876,30.71138029012706,1.367794757053237,2.292160340794888,1.2489026532346852,2.1829339997430885
2025-12-05,3.846925385602395,1.6143285314466884,1.637842831467494,1.5302183772846483,3.1681441596590934,30.548929195736008,1.3498222609255697,2.29651405811882,1.2392406608767268,2.1717528177202725
2025-12-08,3.834644331340399,1.600445400792526,1.6353284603027374,1.5356835346669333,3.219683304052815,31.074799146493987,1.3017387004432794,2.289614849673808,1.2200885620439768,2.161317182320814
2025-12-09,3.82484699573725,1.5980776611572018,1.6218643800025345,1.5321858407027327,3.2262402916253516,30.977663150422668,1.3138772686702347,2.2876388477808693,1.2200131141698867,2.2036191000284036
2025-12-10,3.8469253856023955,1.6295032172994814,1.675234294956523,1.534809068922996,3.1379812530294338,30.778368691263356,1.315665153938521,2.3028107993130695,1.2379966455432,2.2276585837395286
2025-12-11,3.836576206274807,1.6220771932654765,1.7033792845623583,1.510762782068655,3.170176861986389,30.30106545925754,1.3245102029523512,2.308169521876385,1.269514965791322,2.2276585837395286
2025-12-12,3.840025651451422,1.614221097080593,1.7161135677873178,1.5415857559096395,3.137784676061561,29.311296608995196,1.3440822700227808,2.283351910952745,1.2887801781292767,2.214241194131114
2025-12-15,3.7824832862125137,1.6121761625733022,1.73712076158179,1.5514229039885148,3.1134577737899614,29.52398772495497,1.3656305366870207,2.279901997561277,1.2859903559658632,2.1944879550775838
2025-12-16,3.789383020363487,1.5793514495230472,1.6976204948842566,1.5383067628871967,3.123752537737303,29.76347727164966,1.36638335365944,2.2736726552007593,1.2599765820060616,2.1370912399064372
2025-12-17,3.751159404468657,1.6091626453386627,1.7059747442910305,1.5448649179436291,3.1219819380338376,28.628003147996836,1.3908486576623158,2.2486540844517706,1.250287302472621,2.1879656469292157
2025-12-18,3.755989302754114,1.5894680183204088,1.6895905997331466,1.538088061945439,3.1735210824275595,29.163918032788164,1.3693005377746352,2.2656342621868233,1.2371295197445402,2.171752817720273
2025-12-19,3.776412161445943,1.590113628576475,1.6738555390966074,1.5315300759005532,3.186241903636888,30.311115510424884,1.3593261899138962,2.286168852422526,1.2344150288433557,2.1745481132259767
2025-12-22,3.7391542720688817,1.612176162573302,1.6815608297187083,1.534809068922996,3.179684916064351,30.763296173079347,1.342670866628984,2.300411235942089,1.2258945499930738,2.2017555216596594
2025-12-23,3.7583350604818504,1.6198170553394968,1.6690700624588424,1.5273767861457206,3.1923402116177217,31.687752483588955,1.3472817054614235,2.3109252478916757,1.2245371879306206,2.2254222320591057
2025-12-24,3.7783436144814786,1.6197096209734019,1.685291904752222,1.532623073574701,3.200011738338371,31.587267323317526,1.3596085880139028,2.31905433046782,1.2350182620004921,2.2216953635112664
2025-12-26,3.7726863725082356,1.6145439022086259,1.6840753260201382,1.5273767861457208,3.197979237010019,31.90881778933252,1.3619608291525247,2.318819155944002,1.2510411981542158,2.2196454705340956
2025-12-29,3.777654231724802,1.6249831087907713,1.6835074557993817,1.5337160712488487,3.1939793580113833,31.521952224997786,1.3603612582097628,2.3105556879256763,1.2401456855302238,2.246107476439246
2025-12-30,3.7682699351172384,1.6391892119162164,1.678235322641448,1.5317487768423113,3.1964711419282716,31.40807040792589,1.3554681680538758,2.3077340058651434,1.2522853300996033,2.2546796775647846
