Date,AAPL,CVX,JNJ,KO,MSFT,NVDA,PG,SPY,UNH,XOM
2020-01-03,-0.009722026654515936,-0.0034585666063365883,-0.0115780829374581,-0.005455608229881892,-0.012451583122962795,-0.01600607531733622,-0.006725595498186965,-0.007572166219127374,-0.010119927136244766,-0.008039554605778543
2020-01-06,0.007968348572992223,-0.0033885389165608792,-0.0012472876999735094,-0.0003656230393328519,0.0025846688167920906,0.004193937130596126,0.0013867513489591587,0.003815178387107876,0.006942309246414702,0.0076781490514130635
2020-01-07,-0.004703080777853308,-0.012769307628862858,0.006106501462119995,-0.007682422144511092,-0.0091175198202319,0.012106314177362298,-0.0061913430690834215,-0.0028119225017524396,-0.0060364277478895945,-0.008183942252330878
2020-01-08,0.016086291266786734,-0.011423064985717546,-0.00013789739916936217,0.00184337039375837,0.01592802196440113,0.0018758331639756598,0.00426263567268137,0.00532962553921279,0.021083901992559273,-0.01508037632519521
2020-01-09,0.02124089685551378,-0.0016142449956031424,0.002966305551208359,0.018215360948745207,0.012493311044039723,0.01098263935576771,0.010938079059607642,0.006780698860548329,-0.005677604860879981,0.007655453602209317
2020-01-10,0.002260616610677335,-0.009105660436414253,-0.00226973870804692,0.003433250501245544,-0.004627456674483277,0.005349063321928638,0.0009686474431904735,-0.0028779492856118027,0.003093016680147498,-0.008887513889829668
2020-01-13,0.0213643825419354,0.0018897328615619102,0.004412234782845914,0.010804942075197221,0.012024628953377636,0.031352600498928185,0.007340744992104131,0.006877715533532891,-0.031443688997121466,0.009545849408084228
2020-01-14,-0.013503294566399204,-0.003086220031045084,0.005627921087998589,-0.002316117790518324,-0.007043438475275776,-0.018652145207185278,-0.0015217793657074097,-0.001524894616684258,0.00836078348359992,-0.008596055430725946
2020-01-15,-0.004285240418643754,-0.0014617478020273467,0.0033440667437028004,0.01250010683887437,0.006476305931902848,-0.00691548308313461,0.010185305503599418,0.002260110787860148,0.028344505371358686,-0.0015898046991694725
2020-01-16,0.01252642741625798,0.006544536629081055,0.008094734285140737,0.0021163801744279453,0.01832337675056306,0.013682475856051202,0.0008732568208404956,0.008318304155867207,0.014608135773983344,-0.003907681911306193
2020-01-17,0.011070880527225047,-0.011207128392174193,0.006545144214906262,0.0021119105687699147,0.005596982121539584,0.001406154917615865,0.0026970114337423468,0.003112562145012099,-0.007547888831109351,-0.0037781246722503603
2020-01-21,-0.006777067718794383,-0.019640096247196204,0.0006706099568893897,0.004039372764858662,-0.003590992234635104,-0.0053755609353743905,-0.0025315614075235304,-0.001958364704452542,0.006901674592893814,-0.01429413777256694
2020-01-22,0.0035697162930150572,-0.003618270977220117,-0.006833092213001213,0.007696318715462169,-0.004804954393603955,0.008752228035739495,0.0017448567237894341,0.00012096422126939288,0.0001996395818897323,-0.005770833356954275
2020-01-23,0.004815915405335325,0.0017715184824678154,0.0018885341611216688,0.003818728563915519,0.006155966278035496,0.010995224926068525,-0.004571302947179334,0.0011468486670032085,-0.003759147233682758,-0.006250827729103459
2020-01-24,-0.0028820314143607195,-0.01105220883822755,-0.001413899839394439,-0.0025936421575772917,-0.010076981527841422,-0.009412450126554006,0.0012001355077677633,-0.008893085258580569,-0.022206822727785847,-0.00673960645502758
2020-01-27,-0.029405313241263498,-0.013053349601838238,0.0028992919690586927,-0.0034675849967592542,-0.016722718787885338,-0.04104123138244575,0.004394838286354785,-0.016029760725187026,-0.029780207312118168,-0.023823815234877976
2020-01-28,0.028289089771284415,0.00661295053711064,0.005041840039526013,-0.008176666442456404,0.0195954696741516,0.032348034330605735,0.002705090740952265,0.010479677591052727,0.006265477369175487,-0.0013901080454337134
2020-01-29,0.020932353067876663,-0.006749542048262613,0.006956369489768743,0.0,0.015592768720336991,-0.009799657110243665,-0.007696611020817201,-0.0008264224959803057,-0.010389235085363158,-0.008352811902640589
2020-01-30,-0.0014486893229487263,0.009332293956949345,-0.0011957243435862797,0.03245055266443231,0.028207686405063548,0.00109964411560326,0.007116800551979718,0.003245589092409684,-0.006786889230608217,0.010606587688683833
2020-01-31,-0.044339215140812405,-0.038240653758105814,-0.009909442199739327,-0.007815375491243892,-0.014758765855055422,-0.038159499713646516,-0.010559554903180612,-0.0181579005176572,-0.03035799184858945,-0.041209843877378804
2020-02-03,-0.002746136141413613,-0.008026823662131255,0.008732490693584616,0.0030823591533661876,0.024378906415575052,0.016495446909083222,0.003931725348383264,0.0074282645345868925,0.005762406519576713,-0.02237616695433642
2020-02-04,0.03301369018032063,0.005363192046174303,0.009522766343035505,0.004438341911615629,0.03291660510811911,0.028294186105259467,0.0043961082984964595,0.015241456745821447,0.024888957876376017,-0.012514283383163183
2020-02-05,0.008154260907337285,0.032101247604235494,0.01576514147299446,0.0001697992790876679,-0.0012214211951214748,0.014688908838773385,0.009151813622038762,0.011547951520580302,0.05301931564061335,0.04602294626889947
2020-02-06,0.011696961681459506,-0.007163581433246913,-0.0029873110452219853,0.002378918331647384,0.020733831484140763,0.013917543950772826,0.002602105667925736,0.0033648884242869492,-0.011057590333180989,-0.013550025382020991
2020-02-07,-0.01359247114877793,-0.005023238929377838,-0.010681856578236615,0.0033904230612102904,0.0014159058967158078,-0.01046219811180682,-0.008337135483125202,-0.005329637893178085,-0.011078478641126988,-0.006625833842594853
2020-02-10,0.00474928914225714,0.0078022365223795465,-0.0001977064726320643,0.009460934693901635,0.026156740122313726,0.04523233777862368,0.0007138845437961727,0.007465352787151325,-0.00757150479073021,-0.010561189833668494
2020-02-11,-0.006032981926215819,0.012933840676323305,0.000856296046285232,-0.0026773564936920513,-0.022575421710328336,0.01870945185801598,-0.015930810947202834,0.001733016087219097,0.013099561252516434,0.009506246623719017
2020-02-12,0.023747589454929496,0.00746345563514117,-0.005921763237031752,-0.0030209600303567896,0.001464125383535464,0.017357649743392045,-0.0057185379437149075,0.006442629143931677,0.04363939204663758,0.01222543276378052
2020-02-13,-0.007121018091929554,-0.0033917665370609695,-0.00661822073796603,0.0033664542559885824,-0.005413862140307701,-0.006457527761161597,0.012231656926947387,-0.001066848284886568,-0.00421754081124015,-0.005549315403338584
2020-02-14,0.0002461259483874656,-0.002627505825808951,0.0002661615074597279,0.005703591452470791,0.00892703217038937,0.07020469924172867,0.009442861788018009,0.0016022794861738632,-0.011316908657492686,-0.004595259078506553
2020-02-18,-0.01831027969756327,0.0014535151583603412,-0.006594048365358152,-0.0070056510137959105,0.010142732603456883,0.023396224566687884,-0.010068001981681118,-0.0025771388829635145,0.01124598068353544,-0.012695861124696117
2020-02-19,0.014482506018443253,0.004535687795129917,-0.0013411218833613292,0.004031539147754781,0.0029992830275480387,0.06113206121776171,0.00456483978141331,0.004781223813532964,0.010491433587669796,0.007682134265198481
2020-02-20,-0.010258857234321517,-0.008398044244107061,-0.0038270236805753033,-0.0008366416221005091,-0.015271249729231662,-0.01906563457007504,0.009087834544953655,-0.004108249509883644,-0.010415910235014647,-0.007954897875589229
2020-02-21,-0.02263532704358273,-0.007285169713075468,0.010513931966300127,0.006865489978233441,-0.03161252877447174,-0.047392471140548564,0.000947778034865232,-0.010298435640540227,-0.0023164933445550817,-0.012195021408736406
2020-02-24,-0.047500289491864245,-0.03944631494810347,-0.020606411850217166,-0.024613342227987167,-0.04311571442337225,-0.07069723158574426,-0.026834773918310573,-0.03316516744320952,-0.07842623499168189,-0.04684623119652176
2020-02-25,-0.033872109194244326,-0.03820049384705315,-0.008635433134092096,-0.014151674799726788,-0.016501630267470868,-0.04109358753857306,-0.015166312751229816,-0.030302102041731782,-0.05183785869501478,-0.03832485429628818
2020-02-26,0.015863929365509843,-0.026512026557598878,-0.0067061974072631925,-0.003804939372767935,0.012494894765113118,0.021370003597779297,-0.010458590707182025,-0.003678344956796309,-0.0014806368544997284,-0.021955721922867988
2020-02-27,-0.06536829589376025,-0.03988157529200531,-0.0317371709043236,-0.04635411153765723,-0.07045928969414927,-0.055665658172404875,-0.05542616726507987,-0.0449118661698098,-0.034524763145295734,-0.06017759191023997
2020-02-28,-0.0005850127655955273,-0.008392456402138038,-0.033352268338861624,-0.02621516452505246,0.024213027008493482,0.0691608215090671,-0.002378631565787548,-0.004201446621034277,0.0040958439025542415,0.03251742589785889
2020-03-02,0.09310072815042902,0.03481852746041314,0.04119566856075929,0.04542886189067907,0.0665390213501349,0.023549363215229713,0.055903737962991196,0.04330656161394253,0.07118742522023647,0.04743375497932889
2020-03-03,-0.031759167036058966,-0.022776277661037847,-0.03163867638234619,0.0025033985973155204,-0.04791939897112407,-0.03812882624648706,-0.011625897408266472,-0.028632364991516,-0.0428764492193876,-0.04788437099300302
2020-03-04,0.04638467979216654,0.043860366839587606,0.058190538984926876,0.05101707045710291,0.0367149030444891,0.07002898263161828,0.05356688575062818,0.042032755530696075,0.10719234852431048,0.021832788419195337
2020-03-05,-0.0324374879359387,-0.013599914544410785,-0.010245436071605996,-0.03699926746305637,-0.02509497075506728,-0.03943631432077943,-0.023052353397874037,-0.03324127409866651,-0.022320501006522053,-0.04406717624132572
2020-03-06,-0.013279925768880152,-0.019240577850762497,0.0001409757348553864,-0.026084057283059403,-0.028267261786618536,-0.026528699797337074,0.00024679105014557834,-0.016531183370345093,0.0032157970704573824,-0.04829375039256312
2020-03-09,-0.0790919499671251,-0.1536927707066934,-0.03935799524213268,-0.0615272293169985,-0.06777277680560334,-0.07743169739120304,-0.046029901563991005,-0.07809457210536608,-0.03674209383337956,-0.12224785619370171
2020-03-10,0.07202120649018329,0.05342768007518384,0.038112053584048455,0.034708742105142854,0.06838414192288989,0.06372195968288241,0.03868673873696071,0.0517449000776411,0.02399047882724714,0.03702804107995106
2020-03-11,-0.03473020849843533,-0.022946962382397018,-0.06947191553908638,-0.02702163440242278,-0.04530180428114361,-0.05595979316205901,-0.07432598608053254,-0.04874858976860652,-0.007928326809788722,-0.03294176319321884
2020-03-12,-0.09875481744180425,-0.0815365212392194,-0.04848246689881264,-0.09672490466633843,-0.0948380178203031,-0.12236772900985127,-0.08737331338324617,-0.0956772344492347,-0.09853129941006766,-0.1143401189762222
2020-03-13,0.11980819688160782,0.09388912893492019,0.07080750312741269,0.036791480946283484,0.14216839212118915,0.1134019330288869,0.120090312931177,0.08548664615671941,0.0910840001332156,0.025282468294568483
2020-03-16,-0.12864685672393272,-0.16446891180871703,-0.05331728548533643,-0.06622675983719706,-0.14739040127253544,-0.18452057013474887,-0.04882981224761185,-0.10942383546964729,-0.1727686247504887,-0.09522553891648977
2020-03-17,0.0439701483247692,0.014203955188934358,0.0744119070358713,0.04242148572247495,0.08233624671915707,0.10626222075764002,0.08976953809619559,0.05399197752596163,0.08522926934687791,0.06726573355457655
2020-03-18,-0.024480039756004546,-0.22124795189654423,-0.011933542902850758,-0.04938513771925057,-0.04209546025129185,-0.0665068691012296,-0.006681171231558758,-0.05063272782558881,-0.11121105074636606,-0.10024450145343744
2020-03-19,-0.007661938381620659,0.04250686741454546,-0.05860989562204044,-0.06733555256781731,0.016452894727065903,0.05004437723008581,-0.056364311780929155,0.002124997061790257,0.012623198954576864,0.039553209877594364
2020-03-20,-0.0634856580440154,0.03484939375315843,-0.056355659405837755,-0.08438913915030044,-0.03755875535268893,-0.03390142968800558,-0.07579188185335095,-0.04309435502960968,-0.0601002801853191,-0.04908505733945878
2020-03-23,-0.021243996381026253,-0.08705172151687668,-0.07298359009777078,-0.01932108033367952,-0.009974354138857056,0.03373007202642353,-0.04617791523800008,-0.025568013201950013,-0.05677897885738781,-0.03940133504251264
2020-03-24,0.1003251637774214,0.22740681709046773,0.0723411281197539,0.05031937239266804,0.09089557327676023,0.17156391397616866,0.05701143629175198,0.09060312810056415,0.12798937467549654,0.12686784345778324
2020-03-25,-0.00550854669315981,0.04087144611006455,0.00184603843031228,0.05475281450450109,-0.009572459722893889,-0.014286469345015651,-0.02275590233341851,0.014970216030286032,0.06683355051358819,0.05220106688166659
2020-03-26,0.05262276473960803,0.10264195389792108,0.060049986740584815,0.06440720635704733,0.06255099870628866,0.0473087774697154,0.0640109025186828,0.05838973699778949,0.08912926635934082,0.041029874197911376
2020-03-27,-0.041402171189458326,-0.09950266909073413,-0.026941405982240485,-0.03341580927432575,-0.04106101001451323,-0.017532248266997286,0.02598262833160092,-0.02978558208831983,-0.05066752837968014,-0.048171376092733476
2020-03-30,0.028538103501932532,0.046089067444981646,0.07997713949366902,0.05115619475825661,0.07034077545202,0.050884241683953224,0.04384120781785916,0.03247565038740374,0.036420087716717786,0.014885038809899998
2020-03-31,-0.002040804935934948,0.007088212103113056,-0.014134260911618401,-0.016666784390188538,-0.01572711956583439,-0.00749276293873935,-0.04347823363823666,-0.014905372873474376,-0.0075614730806206065,0.012533665601995203
2020-04-01,-0.05261717829031909,-0.053822755174550596,-0.017692309395887063,-0.048135514242951594,-0.03550863008495597,-0.07788313359122001,-0.006090771525554928,-0.04500486123369851,-0.04835983667310484,-0.01158832308178448
2020-04-02,0.01668675909116346,0.11026850899170548,0.03369284808845907,0.04344746193917692,0.02070876569199065,0.051014253998972636,0.04637333879919603,0.023075342053613168,0.013146839817002043,0.07647255953253529
2020-04-03,-0.014371368052585654,-0.013268403894183156,0.007660547125853512,-0.0027304027569416967,-0.009210097793327932,-0.04525014548468442,0.005943868163154731,-0.014454028991192414,-0.045541573966267124,-0.02945581201271552
2020-04-06,0.08723754050527122,0.07029677459726247,0.041663690514841756,0.0647957516537363,0.07436779068735544,0.10040591410843325,0.02372276978917931,0.06716593601469478,0.0821385982478764,0.03213488258862718
2020-04-07,-0.011582110126375222,0.006592824516884699,-0.016313600979106946,-0.003428426924137251,-0.01077035108547042,-0.03491039999462886,-0.04278081078208029,0.0010195371492356387,-0.001208098113868239,0.019026034994839014
2020-04-08,0.025594220952943836,0.0625307401425832,0.04204245793298589,0.028166355220348382,0.010030957801287155,0.03057554089944481,0.02066157634048227,0.03356865429173306,0.07978573519549448,0.06328822402864032
2020-04-09,0.007216244056148735,-0.019422868022379802,-0.014169993808368031,0.02467540386730427,6.083275360246887e-05,-0.014984152937261408,-0.0038228677452966098,0.01521740173421926,-0.013814828434480453,-0.016419447972676582
2020-04-13,0.01962760698226873,0.007116246963227546,-0.010337783300583991,-0.042244533078674484,0.002240244345627529,0.026240849953675704,0.011250742820241744,-0.009130236230288635,-0.0023471653585678265,-0.00857871740626237
2020-04-14,0.05050272560542379,-0.0035328044948902404,0.044787961815329735,0.04240332874606634,0.049483539772500196,0.05225126688553172,0.04320811794576884,0.029492767670566966,0.026526231025419733,-0.007717615657063748
2020-04-15,-0.009126777819689402,-0.02505606306648389,0.01116204349622918,-0.026778387038543294,-0.010477675185767144,-0.01095285541469293,0.002149760334696049,-0.021248146757674724,0.0413310238428608,-0.04595829382558769
2020-04-16,0.007945581412041935,-0.030306950169486258,0.013612294376029954,-0.010712288731178243,0.03002088146083115,0.04935191405208217,0.0023098117123547812,0.004824264953870339,0.05946484269973151,-0.03285554595641871
2020-04-17,-0.013568726700368128,0.08976099070196808,0.015701115804255927,0.02038247471592558,0.008811757181154345,-0.008075912156151555,0.02625504752994212,0.027015581731718363,-0.0263715044089069,0.10395911005771685
2020-04-20,-0.02075671128151524,-0.04129851744126101,-0.0023022986272231982,-0.03183538261579688,-0.01982112914357581,-0.018028039478086733,-0.032801493334165155,-0.01761841173260259,-0.028978093572774366,-0.047200229957994444
2020-04-21,-0.03091033880184535,-0.02309420905568138,-0.013120523602695777,-0.024715309227481774,-0.041357050044737775,-0.061104247114561416,-0.007628442879548891,-0.030362739670068195,-0.02817783347538272,-0.0053427494306218515
2020-04-22,0.02880354479077396,0.03429717286694278,0.022113784542784343,0.006610910006354498,0.033964799485531216,0.06174150077554397,-0.0023396092536587254,0.022194305266004077,0.010320903547105686,0.0285646507360251
2020-04-23,-0.0038752786411765383,0.027948274260549022,0.0164716155029343,-0.013353414818986775,-0.012102358628152565,-0.0074785053601269524,0.006669045443433719,-7.149361247227315e-05,0.029997566446134938,0.031331559763492445
2020-04-24,0.028869524128761093,0.00241966023402429,-0.004180057853662711,0.007987347310858928,0.018259245391707868,0.019647133247887805,-0.005192446742777301,0.013938494400260515,0.020888584021932166,0.0064441698638717515
2020-04-27,0.0007070960455561881,0.03103084975268544,-0.0036803754332215277,0.02971619538276027,-0.0028643919138893192,0.02586397390062234,-0.011197182467586164,0.014418401352398469,0.00923472544046433,0.004802325273414176
2020-04-28,-0.016209640939421677,0.0022297827008581628,-0.01879588862397985,-0.0008550419756383487,-0.02436085171182567,-0.01925389829314117,-0.004768075376635261,-0.0045983310251042075,-0.01911640007485982,0.02344107074829238
2020-04-29,0.032845102628962675,0.05238540598195374,-0.007596244139898345,0.008129997967746938,0.044873752281044066,0.024368476360125735,0.0016255381414984615,0.026178747213456255,-0.002462810803107618,0.05537044181123174
2020-04-30,0.02109624045516023,-0.027689523260027382,-0.0013312637002099725,-0.026103778484101503,0.010031943368409957,-0.0207061733451126,0.006747505855846603,-0.009310850406593407,0.01675648782012873,-0.020860001697720842
2020-05-01,-0.016099163991468823,-0.027826045380206388,-0.011663525860060475,-0.006319306891931387,-0.025891413622855852,-0.03250315240935897,-0.008908352039097123,-0.026473456189621714,-0.027216172196999455,-0.07165895428892255
2020-05-04,0.01414841640594866,0.022360977818230765,-0.00013482189434110836,-0.010087888553273361,0.024460366771326347,0.030094050305195186,-0.008988117846015276,0.002758164828184473,0.010649800533343523,0.04033396400325362
2020-05-05,0.015008929009389327,0.01585760304536965,0.008295633097404886,0.005760155509095144,0.010735438234031447,0.008410733474821797,0.0020730377697841806,0.009239449964159485,0.019127728071753447,-0.0011145552522840996
2020-05-06,0.010317395326073342,-0.030573706074360052,-0.00949840002729252,-0.014317408022030409,0.00984749224832715,0.01378756502721834,-0.025084027034513512,-0.006778486179954801,-0.0145712413845136,-0.01873717583925305
2020-05-07,0.010344703971391978,0.028761512489842822,-0.0033088322040875084,-0.003351629234186859,0.00580706592938407,0.0237752925271002,-0.008222601181186895,0.012066491992595907,-0.013055737685637947,0.005683121013821957
2020-05-08,0.023801677899101925,0.030548461492263312,0.007520778063259792,0.03385644084929895,0.005882175515854238,0.025027153669743063,0.03369874150180041,0.016546176189338402,0.007017594034151253,0.04385164004264097
2020-05-11,0.01573541637447584,-0.021996263300853247,0.002756990965352646,-0.012361816585716112,0.011154675929759827,0.032383875015382424,-0.005519878411800572,0.00020498156417891877,0.0058886559680877415,-0.009527796549287038
2020-05-12,-0.011428127746568872,-0.024311861625537,-0.013211462707395039,-0.01581013154524702,-0.022652035768568224,-0.032607768158877115,-0.006590627645360447,-0.019931481230506698,-0.00342959605045301,-0.01671512980123302
2020-05-13,-0.01207430472166604,-0.026345153927002207,-6.80303199354082e-05,-0.019634456948239953,-0.015122269918471432,-0.00288369561191415,-0.005499816441157379,-0.017685770016719338,-0.03371556668337017,-0.04963706305701876
2020-05-14,0.006143363381829081,0.015220323776643951,0.003466698280609526,-0.005461735040484417,0.004339318748808774,0.032197771924753704,-0.000965814090915007,0.01196717536932912,0.04536004250852854,0.00882404434266082
2020-05-15,-0.005911875692475754,-0.009883605384714778,0.018964549746229853,-0.010068890913531359,0.014568237226531222,0.05731260739142474,0.007029471348014349,0.004596737759825054,0.0012044006786060546,-0.007091993169375588
2020-05-18,0.02356094360135863,0.05326030441282348,0.0005323043403011596,0.03952867708828367,0.0095544485882475,0.030562987548119702,0.013960259360619398,0.030460128262962183,0.008248379090675328,0.07952339527408503
2020-05-19,-0.005778318172265706,-0.03165808735222897,-0.009965870216625428,-0.009561940312267647,-0.0069223100589317355,0.006314062152543043,-0.03244125806125131,-0.010271384520261995,-0.014691838607072905,-0.03087779488029352
2020-05-20,0.019448192992039592,0.03771453637965805,-0.008992044402992283,0.030309568048552116,0.013870816134933905,0.01868138686568388,0.007470831914832443,0.016988078249582594,-0.00366712889104448,0.03254449811126792
2020-05-21,-0.00745534042852336,-0.010322517888511795,-0.006568113621814864,-0.015689552504895676,-0.012011103454901084,-0.021711063565776123,-0.014654169788241411,-0.006903892746305318,-0.003750203277032127,-0.017853322185033438
2020-05-22,0.006438589878685841,-0.019122487260009202,-0.009128676957949833,-0.003099263631686333,0.000435842725539759,0.028603005687001692,0.008779774484136027,0.0018990990877101321,0.010560835302437122,0.0008977732496164847
2020-05-26,-0.006773682387714142,0.033451750360359966,0.0013163607737474159,0.023539858406482095,-0.010571142635192321,-0.03417849220061653,-0.00506209407277225,0.01232046410386145,0.017072294225851214,0.029372322900053094
2020-05-27,0.0043567130997943515,0.0064308691905130555,0.002282803113889509,0.013885780804937742,0.0013217179415541125,-0.022081120238673924,0.016602909217364514,0.014878836242101068,0.030113069554279726,0.0071880260469503465
2020-05-28,0.00044041994958710085,-0.03226847584399373,0.014355715245968126,0.007703908104353507,-0.0022554952310456233,-0.004486573279591344,0.019053425734139928,-0.0018447596839465952,0.0006581738721631591,-0.025951657090098612
2020-05-29,-0.0009740434986929003,0.009134142420342384,0.012111322269298341,-0.008706704680097155,0.010198425885323381,0.04577584689009906,-0.0012063915092230815,0.004455798074423756,0.002895199865211806,0.009547165535789937
2020-06-01,0.01229760341024555,0.011886679081251739,-0.010487332217347323,0.006640746312003953,-0.002291999491192409,-0.0078024756636349,0.01147344341639922,0.0040416354180827785,0.0035430182665467935,0.017813946843351802
2020-06-02,0.004629773352048616,0.02047586367116594,0.007201385854072484,-0.0019152716074145593,0.011377005804231066,0.002157446461128254,0.006908359712516576,0.00828047042091562,0.0012420004866759982,0.022255656594013518
2020-06-03,0.005504858130880752,0.02629643566426254,0.00269811207539683,0.021322047066600236,0.00243342546763059,-0.006316775443569456,0.003980883516904399,0.013308162046246519,-0.0031343009540941713,0.04079487367709822
2020-06-04,-0.008612079033668008,-0.009261218885260214,-0.012916282924753109,0.00041738045295791615,-0.013163542449741716,0.00011422123198912004,-0.0209229160292268,-0.002626654853330024,-0.023808673749998177,-0.002843254794355765
2020-06-05,0.028480826675524984,0.04705054028487465,0.0038845821730835173,0.024415798199802774,0.02339822415791515,0.017509590482228443,0.01964672759540287,0.0256294393963008,0.04619567446562023,0.08105926989438683
2020-06-08,0.005912356819096409,0.024104651618301887,-0.003597638204790865,0.015481987400568942,0.006196564833289786,-0.012891924947871503,0.006084793013489076,0.012087534461699079,-0.007599681084131005,0.0312734561856951
2020-06-09,0.031578180254974386,-0.01656336573113737,-0.005519044806591933,-0.0170515225388872,0.007644950433533415,0.02737052078515001,-0.005964076856868061,-0.007457015572814862,-0.0008723109689291464,-0.022287394052032172
2020-06-10,0.025727768857823463,-0.03890493748294632,0.012606433684437146,-0.007755119078038497,0.037091720456891464,0.035457665276165784,0.0075209114273884214,-0.005579529750695977,-0.011190134422859987,-0.05362470579428458
2020-06-11,-0.048010638063144984,-0.08413568893611933,-0.04688814582122003,-0.06334815262860338,-0.0536983826080204,-0.060907207535814134,-0.024909694621358947,-0.05764902702737673,-0.07201953404211714,-0.08825265511022762
2020-06-12,0.008633429304115037,0.033791911798418894,0.00908639739036321,0.010414251605017188,0.00789172016626316,0.01548991640893349,-0.0055049280410613965,0.011975373626298191,0.005004745120563481,0.021437571799910238
2020-06-15,0.012367395504913503,-0.01255540931384258,-0.006331184558442948,0.015350746784158043,0.006391659751090462,0.02700784214205898,0.009254055746651169,0.009335897218476275,0.0039629912782988,-0.0006358115986865309
2020-06-16,0.02650227788841919,0.030691553451713594,0.02272554413436456,0.010151381864583753,0.02450523448040487,-0.011472981042959907,0.012340393340983802,0.019247806772455522,0.023473516740164735,0.022486168246727445
2020-06-17,-0.0013919816343291869,-0.02648100553255106,-0.0030455955906242282,-0.0040625183318930835,0.003461335400713139,0.018470784024449793,-0.0016928171675691939,-0.0041538219054042536,-0.0013651970494679144,-0.03257265659286546
2020-06-18,0.00039830183390066054,0.004369892075040349,-0.004235531656159308,0.008801977987557663,0.010708367528933227,-0.0019490678053396548,0.011447389506333172,0.000384787532243136,-0.003828079188926803,0.006219119860469968
2020-06-19,-0.0057146953661968425,-0.014248548065233457,0.0029285640037572946,-0.020642430673195267,-0.005959567182344805,0.004692032306975014,-0.003018277924506596,-0.0057148274214355865,0.0034801942122910656,-0.020034070976287177
2020-06-22,0.026163784184042527,0.01059223746286908,-0.0030593740900219935,-0.006084417221828842,0.027773490983528104,0.028667499728697976,-0.009838310712075304,0.006414972384707118,0.004910225167420679,0.009569660726679752
2020-06-23,0.02134495432875383,-0.00163770718400702,-0.0036961168899167784,-0.002186137469162852,0.006680745098214924,-0.008056051331040703,-0.0001698355762239645,0.004603759116062811,0.01684478709606596,0.006031962590764328
2020-06-24,-0.01765194676451065,-0.0415568921646009,-0.02127927899964588,-0.02169141895540072,-0.020157293100799833,-0.02269836866817687,-0.011127259373481024,-0.025508517954501486,-0.028292785692468847,-0.04710920748226277
2020-06-25,0.013275339873544123,0.017913975019162143,-0.0010730604836243218,0.006270900787384903,0.01263632203158771,0.027556701768872927,0.012626828709547233,0.010720352923599297,0.02434444118186696,0.01505591780951776
2020-06-26,-0.030725585882071194,-0.030826120867648243,-0.013317094411768537,-0.03026935604780545,-0.02001588687099065,-0.03530049463397755,-0.022563506305017023,-0.02375125758093133,-0.0315305210690362,-0.03431502073149495
2020-06-29,0.0230464893392206,0.013994874239366739,0.008925185817383996,0.018131729447337985,0.010747198275280478,0.004915625611235042,0.021088315412275627,0.014697501696400828,0.01003865737098053,0.016048016413482857
2020-06-30,0.008347595933318575,0.017794276099445838,0.011435778819514297,0.007213699824177855,0.02554935493782362,0.03236393166804419,0.016233300282799457,0.012809410830448398,0.01791153537515977,0.00902512006054712
2020-07-01,-0.0018913994074635232,-0.018043331192910572,-0.001777877072115186,0.003133549981394257,0.0058472252756638365,0.0033955770039717503,0.0034288588275219745,0.007004986121244228,0.00942566198731365,-0.02258496121064668
2020-07-02,0.0,0.007874785121713357,0.0042031497781800375,0.001338463924980049,0.00762100271051569,0.008630671154117087,0.007501148713098482,0.005506801621956381,0.0017799139925931406,0.008465044325100868
2020-07-06,0.026750249890084676,0.002944275412924302,0.014258207204104423,0.007798812586002457,0.021526037701309342,0.023615479742788992,0.006204441669058758,0.015437147030045395,0.015255051882482551,0.007032328943857413
2020-07-07,-0.003103000564871672,-0.025516643871842826,-0.0009091549756550243,-0.0004422785601986279,-0.011627887485898714,0.003303430913647709,0.004851061770887455,-0.010313497978878816,-0.020342553234495964,-0.025906659060492054
2020-07-08,0.02329009890230238,0.0004633999474101813,0.0029400447035188293,-0.0030965119962321763,0.02199308799455335,0.034872152328842665,0.005481699896286107,0.007648497357845674,0.005764315890028016,-0.0023124925667433738
2020-07-09,0.004300525534385757,-0.04180634246369641,-0.005444203005493531,-0.0257379540725039,0.007000861624780086,0.0286802093772609,-0.0033362980744563453,-0.005692883816622807,-0.024131850131933752,-0.04126117701701615
2020-07-10,0.0017489706600357646,0.030094013662795627,-0.0008423248469384692,0.02823977757333651,-0.00303295987176333,-0.0028308807876543662,0.011512108806599253,0.010210613738343977,0.00024029996497132444,0.031189814785784087
2020-07-13,-0.004613088734616189,0.0019946091205986782,0.019948028987184285,0.002214401058657778,-0.030888589594731397,-0.040747072946399676,0.0012914925365592467,-0.008659023180880965,0.029117614307522466,0.00023432077784768524
2020-07-14,0.016548653000205915,0.034543304559705,0.018662818674760384,0.013701957999063819,0.0061813148475600155,0.03230631044161103,0.008383729581949106,0.012959049441656045,0.029395324738860973,0.033052218131994104
2020-07-15,0.0068772999092174825,0.006112291126137537,0.0022985207126731133,0.011554366769984448,-0.0014878518170476918,-0.01443074906055819,-0.0047165942997475785,0.009187132652631824,-0.014423735624108258,0.01270700104664213
2020-07-16,-0.012305149054462339,-0.005962587021201782,0.006677378305763648,-0.005388193749868542,-0.01980394830425769,-0.009044740028714693,0.0020883028103728662,-0.003293654826333259,0.010129628641079025,-0.007842473550981
2020-07-17,-0.0020204197173175897,-0.01324140563751064,0.0006699331190080926,0.014518006573743802,-0.005100102019359842,0.006586183676712265,0.00697345740499733,0.00289928372217374,-0.00201884327117563,-0.017163099425486883
2020-07-20,0.021074079121541578,-0.022020971391512933,0.0016740736020299796,-0.01495084620578535,0.04298113573926021,0.03031427755157412,-0.0031043499698611976,0.008081671231104481,-0.010015459060627951,-0.023438017902337238
2020-07-21,-0.013801531927984612,0.07177225596793413,0.0009356156088637935,0.02341731518722945,-0.01346881735603589,-0.017339683697187747,-0.0013574103227598222,0.0021275491353294207,0.005437160908738692,0.05058864267135421
2020-07-22,0.0028091715417541963,-0.003829930881682264,0.0018032737845703473,0.02711832899600597,0.014371363583824959,0.010674774066524062,0.008555056743978273,0.005691769808731317,0.005244279554668996,-0.02329228143826767
2020-07-23,-0.045516280133784504,-0.0003291940193230758,-0.0026664564631483367,-0.004125162834135998,-0.04349490361619779,-0.029601062911964626,0.006470046786098749,-0.011931270189982413,-0.012194277561739852,0.0020637094684932134
2020-07-24,-0.0024775232575459105,-0.009669289232039135,-0.009959273018009918,0.004349514093087814,-0.006122049277111019,0.006391945095536311,-0.0015852749423141965,-0.006440614627272079,-0.007195309370399028,-0.00617860411885085
2020-07-27,0.023700087709722872,0.010096214877550524,-0.006345985672565169,-0.00020636620926572924,0.012667704896801135,0.022266792313347716,0.0028582091063467097,0.007292544490160147,-0.007280734771739628,0.014736522413211661
2020-07-28,-0.01642730285802907,-0.021199312084518973,-0.00237786563549669,-0.0061879325804056196,-0.008977147189838663,-0.019766860430213362,0.012349452287371276,-0.006342546085805423,0.004454091767880364,-0.0117993581147392
2020-07-29,0.019168616905494984,0.010773248303080685,-0.001975402912954949,-0.003320924753751897,0.01009787002511664,0.024472404546245885,0.0033623281636179225,0.012298965175786103,0.022505322505559144,0.011021538065040914
2020-07-30,0.012099941482251797,-0.04218952484780314,0.0020475819872318723,-0.006872271053192769,-0.0007842682507379628,0.01418961667976859,0.02423834001723768,-0.0035680395148703914,-0.00472829374545547,-0.04905736799056659
2020-07-31,0.10468878343415744,-0.02700817446694903,-0.007355361096260893,-0.009435752131065955,0.00544403409965466,7.058866432707589e-05,-0.002283042336000296,0.007902120134402946,-0.008026686044456888,0.005015709266077861
2020-08-03,0.025197327440453332,0.010364495365808857,0.010908366003235193,-0.019898574401932212,0.056241043244649624,0.03725960930939198,0.0012966775974849742,0.006952234469187024,0.002741215885158521,0.004039876582545121
2020-08-04,0.006678268361983042,0.019808780157166028,-0.0008821919316411853,0.008423447220248459,-0.01500866397713796,0.019754262347164486,0.01904195977598211,0.0038624285243602507,0.0029315338705213634,0.028875436802411114
2020-08-05,0.0036246207782273387,0.00820929144352145,0.008014997832518578,0.0113514434180928,-0.0016410305970203654,0.005254861777534314,-0.0026158681519546922,0.006211408988641587,0.026174086337414693,0.008741909012278226
2020-08-06,0.03488926609078358,0.0030962799012512754,-0.005727534502493525,0.00550634898782798,0.016014040632190252,0.0043191924106760204,-0.0054707121616679455,0.00668414501206116,0.005088611866292281,-0.004789342496232973
2020-08-07,-0.022735731529271885,-0.0076597202679618,0.007115831529458605,0.0067394813325165615,-0.017887735167520735,-0.011997557331913322,0.0063296297648103295,0.0007178176677704595,0.009456609435225305,-0.004582706342627252
2020-08-10,0.01453480037894872,0.03375581937906258,-0.003835456618455302,-0.0016735195683745818,-0.01990789007342031,-0.0030805745181651245,0.004118521474282488,0.002989058706012404,0.0065294327401974606,0.024631597861118237
2020-08-11,-0.029739949703337154,-0.0012255857656888747,-0.007160583710955071,0.004400651894573393,-0.023385217571220807,-0.02821313117375146,-0.006487965983925648,-0.008254518195283556,-0.011125016041773184,0.010334434890218791
2020-08-12,0.03323445188032981,0.0122738785509231,0.018302815558331353,0.01043200807678657,0.02856730371981575,0.05440099818183253,0.01673799738407733,0.013942004900054705,0.021296232195180842,-0.00022640668748885595
2020-08-13,0.01769735593414734,-0.009920907887336683,-0.011091544461086844,-0.0010326378604534892,-0.0023423022846926767,0.00024018774843170831,0.002362313627856105,-0.0018075647655876326,-0.0023271665902067085,-0.024495037757826466
2020-08-14,-0.0008909206588202379,0.005900961998624554,0.001621321448839197,0.001447093065936933,0.0009582125631921734,0.01057417963722096,-0.005008044879832085,2.9711673785515202e-05,0.006780175488379836,0.004417162822167642
2020-08-17,-0.002611074900372601,0.0046487313595031665,0.0050598265530636954,-0.004953673438967243,0.0066060059461894305,0.0668455701907733,0.002960546635730976,0.0031765951374453927,-0.009854861893095812,-0.012962985598913068
2020-08-18,0.008332840909488715,-0.0206751799268734,0.007382666042385688,0.004355829615096063,0.005754479120239964,-0.006180730150441516,0.00745412934300016,0.0021603527173723602,-0.011544105785220249,-0.004924833992636435
2020-08-19,0.0012546796098635848,-0.014150565778792146,0.0019990316496132365,-0.021685164652818667,-0.006067158431709907,-0.009970972209447981,-0.005420859468798445,-0.004163529121071319,-0.004450620168559127,-0.011076945701432361
2020-08-20,0.022189734757129154,-0.018289304363127035,0.006848770369414892,-0.00042200903864531014,0.02327160304787368,0.00020600739669163204,0.007954350187659998,0.0031136662097939194,-0.006563283822703547,-0.015253040661651673
2020-08-21,0.0515323611217513,0.003183734400575844,0.008849189857954132,-0.0014785711310721927,-0.007270334120118238,0.04468342869011499,0.004311392894365218,0.003547374177051754,0.0025853497280445836,-0.007502189819190264
2020-08-24,0.011960320393100243,0.024917826665238563,0.002636332130648844,0.014593930194924276,0.0031453784633519444,0.0028975043527148525,0.007785210144156451,0.010133121495743191,-0.016871400420210625,0.029505076929165153
2020-08-25,-0.008203702915561828,-0.012270756210093325,-0.0005916209201017875,-0.001250953203501326,0.01300949138508778,0.0023387682145952216,0.003970654080897473,0.0034991819297258697,0.010944391467460957,-0.03173829833839792
2020-08-26,0.013599101034613037,-0.015673799373283614,0.0015781971858583876,0.0052180871327076606,0.021619538935374383,0.0018037680145732704,-0.004817892754958697,0.010025381480561757,-0.010889919051006003,-0.02128229409689464
2020-08-27,-0.011954221952609312,0.0015330461734495149,0.004464943911905106,0.001453703716868926,0.02455349109190874,-0.011332161489958414,-0.0013004232717516162,0.0021865003885226386,0.009228446790985778,-0.006748107541573067
2020-08-28,-0.0016201772278836568,0.008479691658440203,0.004314468827553153,0.033174534528872535,0.010283333436998277,0.04113780643937637,0.004051615234809125,0.006459758910887459,0.008662971949582543,0.023905406521496086
2020-08-31,0.033912243542222775,-0.019852781656888863,-0.0014968172092837406,-0.00602056098945436,-0.014765532552761473,0.017246202628361074,-0.0031706484009926816,-0.003622740442548067,-0.005788998912054977,-0.018432348505530438
2020-09-01,0.03983242874814441,-0.01012750698461784,-0.012320126974892931,-0.008278008511010237,0.007715138419662315,0.03369343660531454,-0.0010843380073738418,0.009418688510095752,0.0008957427496933956,-0.012768691996879244
2020-09-02,-0.020718375516350362,0.0013240165970660467,0.015245316251412788,0.04214185321662467,0.019272124697929494,0.03802206508199868,0.01686204908866773,0.01446386547671863,0.023686807147594857,-0.006086964748251544
2020-09-03,-0.08006073130170166,-0.010938777118677745,-0.0278228549910573,-0.013869998936088535,-0.06194673563264319,-0.0927752431466653,-0.01601328811192182,-0.034414324292099674,-0.012521842633356761,-0.0020412700474926604
2020-09-04,0.0006618191822282959,-0.004253524781080431,-0.006419219631135564,0.011093426275184504,-0.01403607942558871,-0.030194844665592524,-0.0021696458370722427,-0.008164513762601633,-0.013376136056196808,-0.0007670574912841399
2020-09-08,-0.06729483275164161,-0.03612874675365507,-0.008950695465585135,-0.024098609728616993,-0.05409574544423834,-0.05620939522840229,-0.014641907750092997,-0.027323152346247714,-0.015224556985952375,-0.023029513568218474
2020-09-09,0.03988648818571772,0.013423121867493393,0.01656888772156062,0.007628875144406466,0.04258399706855709,0.06732169660510001,0.016257021218505807,0.019747362412065872,0.015524643355836698,-0.006024166707904621
2020-09-10,-0.03264592968911417,-0.023491473808006202,-0.018637064551988658,-0.003785421588163307,-0.02801863265107063,-0.0317144749617273,-0.010495699970663908,-0.017363527249785626,-0.023780277127868676,-0.025033084989008247
2020-09-11,-0.013128896442349158,-0.005886102064804888,0.0059220954420635685,0.021200135199959336,-0.006524852581985097,-0.011960053595254982,0.010533820637940394,0.000509248199394241,-0.006164520661807504,-0.0027025811476472095
2020-09-14,0.030000125006373057,-0.0051484640195896825,0.0038570466923539826,0.0011843684465004944,0.006763623262518781,0.05818153415325056,0.0035471378220637284,0.013171218700797294,0.023517239638221055,-0.006504178716395637
2020-09-15,0.0015603635343621747,-0.01216216625635258,0.003640350795135916,0.006704791549217548,0.016406296657304198,0.009225098154184153,0.0,0.005052310931445536,-0.004342368119135909,-0.010638493281184491
2020-09-16,-0.029513445091028268,0.02894579271498765,-0.003291305359101826,-0.005092967457664188,-0.01786561210248172,-0.03667906925854447,-0.0067086431816927306,-0.0039684774088941666,-0.00231126116374214,0.04245971523847336
2020-09-17,-0.015963811516514714,0.0029276287926904843,-0.008288556441929829,-0.004725485828981246,-0.010436467983577002,-0.004075447322227643,-0.0013068107189847522,-0.008795618406892802,-0.005024259364246442,-0.00026496805232256726
2020-09-18,-0.03172032620796239,-0.0073610791807943166,0.013658127829841549,-0.001978002249977351,-0.012419287535385237,-0.02200428570682056,-0.0010907893765723653,-0.011512777321853407,0.009968074995436726,-0.016136896628599184
2020-09-21,0.030325881532466736,-0.02442168611195228,-0.0273497597895892,-0.026957556878393185,0.010729113129723133,0.026909081594037598,-0.004804636549967767,-0.011129286531188498,-0.02866693759941996,-0.020435638271265266
2020-09-22,0.015715847171020814,-0.010091422667964922,-0.0061336281275763405,0.011611317397594911,0.024094040117567328,0.009626683653851886,0.009143509925654714,0.010184617645800031,-0.01647762243713069,-0.024705124046906723
2020-09-23,-0.04194618420007601,-0.047398781879867236,0.0015949435632727216,-0.02919851402162066,-0.0329286105518124,-0.040671620100613426,-0.011960094066085447,-0.02319089328048074,-0.007204723584883332,-0.03208556003903962
2020-09-24,0.010268856053841313,-0.0020844782210571733,0.0015924037691310566,0.010163774434543527,0.012962043192226602,0.018496517810855817,0.004474915027667281,0.002665029041051925,0.001779899106004068,-0.0020354963402057225
2020-09-25,0.03751633784560582,0.0004177257023336711,0.006843071707066439,0.00041090735392113054,0.02278655028651566,0.042577905871314714,0.00511265875067024,0.0161670345985927,0.033622555534241316,0.009323984317175071
2020-09-28,0.023868790444749877,0.029235585040417122,0.009954387785389818,0.01149417381408191,0.007795188353793225,0.012525443830653682,0.0028338112429844298,0.01660924321021806,0.0024133092384643895,0.019341881102704406
2020-09-29,-0.007567941621824614,-0.027458290504746352,-0.00033960081445771895,-0.007305328913936759,-0.01040879794040006,0.014633740591130984,-0.005434390968196423,-0.005445994032428625,0.0030340020806425283,-0.029170289871973676
2020-09-30,0.015075916293352698,0.001390799162643619,0.01237565352748371,0.009198977564307098,0.014812443506498463,0.02304215379811181,0.012603908070090819,0.007581989760391261,0.025053295401409326,0.0014585813971021988
2020-10-01,0.008462023551880415,-0.021944554115456816,-0.010477875910351098,-0.0038486706268437976,0.010126735139646792,0.006208304171368306,0.0017987550543225872,0.006419997267960387,0.0041696867306937335,-0.03495482774724934
2020-10-02,-0.032280219826475,0.010934392949537797,-0.007331299525151547,0.0036600456693112182,-0.02951120616122549,-0.04056347619803047,-0.0080436726912404,-0.009494481905281349,-0.0034813407857526846,-0.004527560652679452
2020-10-05,0.030791180873873003,0.02121087671692301,0.013607968955334337,0.0004053212496590852,0.02032086666325461,0.044421982176593655,0.009194949058298985,0.01773313890528727,0.019776617894575743,0.02304424293106533
2020-10-06,-0.02866942458941557,-0.005501844886223406,-0.013290162281631157,-0.008910703500435657,-0.02124724614250595,0.006890091184061697,0.001578336405119174,-0.014215819326053536,-0.011629755729188895,-0.010373478687718318
2020-10-07,0.016967203514621776,0.02047012054559816,0.011076251756690025,0.012668812633891635,0.019037512627885667,0.016561707704636497,0.0078073733495727105,0.0174066879074104,0.0277312846761546,0.003294381640024824
2020-10-08,-0.000956061496871885,0.019517501620143873,0.006829966461959103,0.018159451755241474,0.003574276777748908,-0.00896951600568996,0.0067520068382300735,0.008862553131683049,-0.0023516997327438505,0.05253724613420885
2020-10-09,0.017395858347238446,-0.016219256022813378,0.013969677224292099,0.00693643299237201,0.024836144205571342,-0.005491822584258843,0.008965617025292083,0.0089301530174275,0.01684143608937627,-0.014747585439764843
2020-10-12,0.06352073946165393,0.006892063822525829,0.0057627152819414995,0.005510599414715989,0.025902454756488558,0.03365965290799111,0.010985225157907452,0.016087453504854743,0.006497374033637815,-0.0031662224240225356
2020-10-13,-0.026527385421474037,-0.014897702165773685,-0.02291866875652515,-0.017028503305036136,0.006594363155879357,0.0015640927238820268,-0.0019375753809089957,-0.006526136152597228,0.0043944897872534305,-0.011839526623179442
2020-10-14,0.000743039621808661,-0.006130565173253388,-0.001752251990202569,-0.001991540237164968,-0.008974226585208522,-0.010738218670145905,-0.0011790385908185819,-0.006283655623205764,-0.028875595988175573,-0.0020454668845232282
2020-10-15,-0.003960822598736424,0.007676654572077446,-0.006144795800174463,-0.00259373501003779,-0.005433339083473987,-0.008885927675573613,-0.0014579681702763247,-0.0012357062764316584,0.008450802377856226,0.008784730792910311
2020-10-16,-0.014000336621112441,-0.008434455033848542,0.006182787768487685,0.0008000640631007361,0.0,-0.011345779961266844,0.0038933034883397166,-0.0006041803084519959,0.016421711323153065,-0.010160107116356842
2020-10-19,-0.025541884615900456,-0.022087956812626874,-0.025523708652829935,-0.00819491547208584,-0.02476568302970339,-0.02271653002717089,-0.01717548582811279,-0.015203451298442361,-0.017217454738337246,-0.01994098363869745
2020-10-20,0.013191815495657844,0.00561172328237558,0.0015940384018398035,0.012696429840954204,0.002007274182215024,0.010946349758511165,0.004016748895951272,0.00400560394665761,-0.002498126924167954,0.008378230560033506
2020-10-21,-0.00544625910554597,-0.011300199439304937,-0.004289466589029178,-0.005174139557668989,0.0006990122283494493,-0.008849181093997571,0.005404123114825854,-0.001892538166763047,-0.0019170766965009856,-0.016023749877899007
2020-10-22,-0.009583381285909742,0.035698797479699396,0.007989983999006744,0.013802645066869568,0.00041900999122623794,-0.012107382725243476,-0.00708292692732615,0.005484986228548205,0.009108111601832558,0.051266467821712736
2020-10-23,-0.006133852893537184,-0.011307904859296669,0.0011031006972643809,-0.003156864348207611,0.006235938861491652,0.01715827592127206,0.006575083553849392,0.003395252546391614,0.014951222346612614,-0.02008025263710267
2020-10-26,8.70381525210906e-05,-0.022460573413333407,-0.008744314426442079,-0.014251863657326336,-0.02844229718521052,-0.03303846529544918,-0.007585273726568809,-0.018480071598452996,-0.02280714389546512,-0.023711925900577246
2020-10-27,0.013472306056665051,-0.02015795199218351,-0.00569564858865601,0.0020081550153090433,0.0150896043166866,0.019442477550379422,0.007501820566059969,-0.0034472788650888875,-0.007893235437393398,-0.015892166328313695
2020-10-28,-0.04631221194294188,-0.037836511940304796,-0.03346163598198171,-0.03887771601007417,-0.049566296594522385,-0.05745790048544641,-0.03301529622798338,-0.034178849233875264,-0.039031830546703894,-0.038086593161109183
2020-10-29,0.037050366378484245,0.028708236929593234,-0.008455877499749742,0.001250797859281949,0.010065212952702796,0.031440933426178264,-0.000653549533520259,0.010163464997191118,-0.014025674683467493,0.04434598051516003
2020-10-30,-0.05601796503573209,0.010174475495715596,-0.0005831728400692571,0.0008331693242427107,-0.010990639162441362,-0.03762334573783299,-0.003416433613630754,-0.010424698877430139,0.004807752021888545,-0.010615528127501883
2020-11-02,-0.0008268022960579158,0.038129471809895676,0.011523535410451036,0.011651833491285402,-0.0006914686281112026,0.00373012375439985,0.010211523729381167,0.011208207262986214,0.022808921861695586,0.041998854070411484
2020-11-03,0.015353514901155885,-0.0056825319851186995,-0.0013699912398543734,0.015014461771912124,0.020263949873333242,0.034874526588328125,0.019639068053010966,0.01765573402776366,0.02963809744965351,-0.017063812241196907
2020-11-04,0.04083671588154747,0.00041821110099560244,0.006498123907681341,-0.003647438112658885,0.04824876044682047,0.05950695392130534,-0.004107278291152094,0.022349514080569177,0.1033451600006079,-0.005387901346630919
2020-11-05,0.035493521461026356,0.0051551689471507345,0.002582545435394268,0.005490955685636401,0.03188682526819031,0.02651463890501904,0.01237221288516821,0.01950272757257432,-0.0004512679099029082,-0.001805574538264576
2020-11-06,-0.0011360570375700263,-0.013723025074652506,0.017816390905387225,0.0002026991503121245,0.0019258823613790277,0.0283898049708895,0.005969963207471007,-0.00022843507835490495,-0.01958223811152382,-0.011757609526316881
2020-11-09,-0.01996791315288826,0.11595178021899044,0.026924511947078233,0.06309396878406393,-0.023824314480521802,-0.0639505950668472,-0.03658454934102118,0.012565574621926201,0.007309960792037273,0.12660188010683338
2020-11-10,-0.0030089066309419987,0.04622159999788633,0.01505986233529133,0.026821177534482432,-0.0337928347521842,-0.06314767333165672,0.016450118236986278,-0.0014664576098053494,0.010543158565652355,0.022185036834260874
2020-11-11,0.03035266389495339,-0.007343105269420058,-0.0032366776043283307,-0.007409935326653572,0.026254423507501956,0.050743968150152696,0.012904817049320894,0.00742873231243113,-0.005626681360614616,-0.01030924064421479
2020-11-12,-0.002343581046248877,-0.021707507370920975,0.0033829389892774397,-0.010638373398522138,-0.005125708122985517,0.0028879785128346214,0.0005629622827714176,-0.009700962711583383,0.00770559570399465,-0.03426524301391931
2020-11-13,0.0004197055303316599,0.02925522200427344,0.010788834106688183,0.008300350281547741,0.004966500725142486,-0.011871470753720859,0.014984315688353123,0.013844187732459767,0.003555131621970631,0.024127021254084058
2020-11-16,0.008720445048851388,0.07141960705420392,0.006337514722102755,0.007483494273066604,0.00332545770348891,0.016413359979301045,-0.012822331762756933,0.012482827494258997,0.00323347795877571,0.057649749239327086
2020-11-17,-0.007564571129819897,-0.007185844419525744,-0.009943622064255031,-0.003156623152410054,-0.012751266191399324,-0.006880978246272318,-0.0038616459787381707,-0.0053785665901100455,-0.013227942441608076,0.013364627066008605
2020-11-18,-0.011391122090833372,-0.03170955344211801,-0.013257757870931974,-0.019933072199958657,-0.013183820765333643,0.0004841744529435754,-0.015364990236352183,-0.01203452667233762,-0.021556527120334734,-0.03775528172406073
2020-11-19,0.005167978253032501,0.01720449907479571,-0.0015605012267242424,0.009884071538539319,0.006348417670535511,0.000856541954186385,-0.0012168351063476246,0.004209989191544805,-0.021798988141875197,0.005106167242168613
2020-11-20,-0.010957226128415654,0.0007000983637079905,-0.0053010725666454706,-0.008658077656345076,-0.00955658613387389,-0.026227347146284385,-0.0016484946274429868,-0.006847653884939131,-0.006824928662781615,-0.01229955959394613
2020-11-23,-0.029742658604437366,0.061079235321781944,-0.010182421673561648,0.00018983862942700824,-0.001330818628454189,0.003992372243978526,-0.0038764633101742163,0.005994309251813101,0.001075524910792991,0.06551155636398609
2020-11-24,0.011594025180677647,0.050422891344952925,0.0,0.01025071564949065,0.017847793491637898,-0.013869738447655267,-0.0032431165384928518,0.016113737336654,0.0028354346306176392,0.06656528074052592
2020-11-25,0.007467432547394681,-0.0363940800328062,-0.001320698221074501,-0.005449190875011167,4.6606000194238106e-05,0.02137696165222902,0.0026750184842114777,-0.0015415387162573957,-0.008392649636144278,-0.02787037089204525
2020-11-27,0.00482612033075247,-0.009008061338302342,0.0022273633440215157,-0.004345353910638838,0.006359331348587904,0.0020023472651147234,-0.0005045776544182479,0.0027849512519766417,0.014256133733782317,-0.015192623620165602
2020-11-30,0.021099642837010713,-0.04523047515387191,0.004722064667760595,-0.013195468189369008,-0.005389693769153658,0.01057596462549304,0.001875538062238391,-0.004427573406787344,-0.004734513847573507,-0.05125643483166409
2020-12-01,0.030827415845678052,0.0030970508531780183,0.019145849534542014,0.008527173431749802,0.009996581102705626,-0.0008581405786783902,0.003600786311169113,0.010937749699369226,0.014419800100149205,0.009703422585318977
2020-12-02,0.002933503187484643,0.027673047256830063,0.004679960302648389,0.001344682172272016,-0.0038852076646820333,0.0115384453063343,-0.007247142881332325,0.0021039870247521186,0.018670011873325176,0.0374025802331206
2020-12-03,-0.0011376117922726747,-0.0007791193447779232,0.0058047843705728575,0.01285752015543351,-0.005246464421421293,-0.010671741019613656,-0.007371913317526846,-0.0002727496712335853,0.0032223022266588686,0.006760633174832664
2020-12-04,-0.005612274192857147,0.03875280967212502,0.008523673575728585,0.020272745970581374,0.0005598456260540452,0.012111990992595523,0.0009467946701482433,0.008617586595093263,0.007080686406434333,0.03655780322136404
2020-12-07,0.0122699638691397,-0.027015323128222635,-0.008651331228008208,-0.015969886382220633,-0.0003265242860819306,0.0035771192618385683,0.0015272489921209775,-0.0020549799731595098,-0.005801957374180766,-0.018714060366157415
2020-12-08,0.0050906478587013915,0.008594122539770765,0.01731918789444431,0.0035853259324387654,0.008026608718869399,-0.018869179259173308,0.0026875801250674236,0.0029261068810146895,0.0,0.03276315465329027
2020-12-09,-0.020903566004185636,-0.01201664389211532,0.010227405800641964,0.0028208041615354063,-0.019489869290615358,-0.03140472998905264,-0.011879832832610071,-0.008969112868336349,-0.009917685429655432,0.01325738295976886
2020-12-10,0.011988744875681467,0.032175921717497946,-0.005551684490279873,-0.005250560745632238,-0.006043349156017008,0.003209551509180786,-0.006597780688181176,-0.0003268683635510028,-0.013821086722683784,0.028270878857263648
2020-12-11,-0.006734683553401122,-0.009641168282987223,0.004597588645755879,0.005655179318114323,0.013015363286597914,0.003160457529317373,0.007379614101401533,-0.001172718798682304,-0.0075955867743919825,-0.004771655630363414
2020-12-14,-0.0051466954122983966,-0.0325578352548741,-0.025367674201621226,-0.001499393437536578,0.004407745150255771,0.02270778222997638,-0.0048345602589034975,-0.0044770620179326315,-0.0027887102036110445,-0.036072832758865525
2020-12-15,0.05009046138530371,-0.0007827575319045987,0.010062345241831583,0.010700032431752993,-0.0003267681422685076,0.0038885111679491935,0.005888484375155434,0.013519194997708706,0.010531633185331568,0.019422122719652934
2020-12-16,-0.0005476398130153104,-0.007608841835719193,-0.0059773091137222956,-0.014487435490411427,0.02405082062621222,-0.008832026094091505,0.004537188412718773,0.0015696248653727096,-0.0009716201942094882,0.015334389755649047
2020-12-17,0.0069636715056453635,-0.003157074198832821,0.026391132642165527,0.003958023274768907,0.0006383231194106997,0.007456781153845515,0.00713928636368566,0.005591718920360922,0.006866300127773339,-0.005034338021570495
2020-12-18,-0.01585083428189049,-0.013799388989853889,0.005793580052554148,0.008822786406329719,-0.0037827256764980666,-0.005190665185587973,0.005714147621905585,-0.003992775939565929,-0.009629568955323298,-0.017249137477849508
2020-12-21,0.012395296300380831,-0.01261594687975931,-0.009643275458872114,-0.017305553012412322,0.01829914408938227,0.004539719915932494,-0.010931797316929726,-0.003575676957150109,-0.0067968283054608,-0.018254419855863402
2020-12-22,0.02846445470234693,-0.02009542369254258,-0.001960613185812199,-0.0009468841309571152,0.006064779001361931,-0.004050434615361698,-0.007053679730971818,-0.0016853882892853278,-0.003183434756661385,-0.016924618124567692
2020-12-23,-0.006975904268671118,0.015766045840095666,-0.0051071891421724525,0.0060652399725196204,-0.013039042018503144,-0.020258674835912482,-0.0015379273865254728,0.0008987982522343785,0.00770098363283056,0.01285151664092532
2020-12-24,0.007712021225880772,-0.004201427488907061,0.0034880853497722963,0.006782311847180589,0.007827368892402209,-0.0011913418169883228,0.010121743044875453,0.0038905200104579762,0.00947905834051177,-0.004069803523290005
2020-12-28,0.035765887957564635,-0.005039275813696009,0.004722165720865146,0.013472991713623594,0.009921409910381263,-0.007215087498871564,0.0069704676076569605,0.008590886390686725,0.015141038815460695,0.0033653926516954424
2020-12-29,-0.013314833296894646,-0.003415794493299873,0.006201738460181128,-0.0005538530409526787,-0.003600673257948661,0.003352665643082231,-0.0018744642407594325,-0.0019080140475613572,0.004047078926235237,-0.011260322207571227
2020-12-30,-0.008526666661232918,0.00850966047613877,0.012391172302085529,0.005727122037960886,-0.011019348332407253,0.01564527821221695,-0.0046960147153373155,0.0014268890774458143,-0.006794231433966402,0.007996257875562574
2020-12-31,-0.007702638777386417,-0.010313049234017657,0.008522849969192059,0.007347521776472021,0.0033381347962866403,-0.006903312184056487,0.009944124723855419,0.005081135152628979,0.016493162111997917,-0.009134637197458884
2021-01-04,-0.02471940072544665,0.0030788691950260905,-0.005591661693111871,-0.03792879375401115,-0.021266038992334146,0.00448103004941558,-0.009486547094032405,-0.013614195057300105,-0.0033648572600641913,0.00679272063087355
2021-01-05,0.012363735606773618,0.027033383576560377,0.011757420328373236,-0.01099295470159356,0.0009647350027472967,0.022210057409010053,0.006385085362030196,0.006887191789233471,-0.013448031027713858,0.04819266396582811
2021-01-06,-0.03366139300687432,0.03218379371284397,0.009410017466056297,-0.03181319057930909,-0.025929423627931603,-0.05895306008989365,0.01052590325898417,0.0059788878902093945,0.04196652873181983,0.025517090487083616
2021-01-07,0.034123424982641426,0.004677290311085436,0.0033790925504866287,-0.011084501469143415,0.028457022774919682,0.057830359733844316,-0.009346000665035437,0.014857283328608695,0.01603225673579045,0.00784590215945502
2021-01-08,0.00863128519262557,0.009532071811869436,-0.002058484055785792,0.02241793931592939,0.006092779721261987,-0.005039694419417318,-0.00043253828616307555,0.005697691767714952,-0.004492553778268071,0.011121025693146658
2021-01-11,-0.023249234361130355,0.005709180295193628,-0.00418623995427414,-0.01722787528999592,-0.009698721569844082,0.02596610304930924,-0.006772678778181884,-0.006740806689980783,-0.007264941874370323,0.030356332150182963
2021-01-12,-0.0013953810033617842,0.01899580396178302,-0.007780587651394,-0.001792988102568005,-0.01177056054789305,-0.010039034793898893,-0.005803437154628943,0.000211157664736783,-0.009369276115424707,0.02220340437994528
2021-01-13,0.016226862976171263,-0.0009642200201744888,-0.0015176020470702989,0.000997814009011,0.006560283951479784,0.0034854185807711158,0.001532123121380513,0.0026928415656590765,-0.006520163463253015,0.01127812454831445
2021-01-14,-0.015127183969038671,0.024021526983797115,0.017480244847768667,-0.01854058944021797,-0.015346098454425916,-0.024498087396003898,-0.01063627086978114,-0.003501746286647678,-0.012702481358033979,0.039033361007006384
2021-01-15,-0.013730529914275813,-0.03560583663480388,-0.002178430505022866,-0.010765909532115536,-0.0017367707326912951,-0.025813817285193164,-0.007511269638028728,-0.007292623192410419,0.00219665152803028,-0.04810170761974086
2021-01-19,0.005426997971653691,0.026278725519401025,0.015470560429945657,-0.0039013441992173936,0.017822618547484348,0.012889381948685275,-0.008755201780353605,0.007851741484856234,0.0025334217862620356,0.019837078918047535
2021-01-20,0.032855825806610506,0.00920540412568549,-0.0024569020704398037,0.0035046308050166175,0.036499628755168656,0.02614151964045175,-0.012499870167218652,0.013838843702230985,-0.003833215170084059,0.014127704218281911
2021-01-21,0.036658481007057375,-0.03533236439901288,-0.004003038335994136,0.005546087528627064,0.0028081999638303046,0.03753994468530619,-0.000983743577093743,0.0009118683635700453,0.011857521509045954,-0.028669283386819733
2021-01-22,0.016073614310359696,-0.00304326152862211,0.01125329186770263,-0.0093971009006526,0.0043561019827567105,-0.01117727747463415,-0.007709175917065325,-0.0035396262017189928,-0.02098617388157864,-0.014134212037663518
2021-01-25,0.027684156121738468,-0.009048532954628707,0.014857824313667223,0.005980446146471641,0.015844140714083688,-0.004320845281855057,0.01723070963453366,0.003943626620569907,0.0007482794641315849,-0.011174488699048468
2021-01-26,0.0016791854730788813,-0.016941541748209943,0.027111486522681805,0.01045505328342955,0.01219886538916426,-0.015966905232937978,0.006427728349783113,-0.0015608400577138415,-0.013513470488650925,-0.02196157498485829
2021-01-27,-0.007683639196180203,-0.012981135340110361,-0.015250435807205087,-0.015418672271832357,0.0024535314400524477,-0.03851799482013729,-0.03538944930279275,-0.02444060606112508,-0.02949472350402127,-0.011336310369072788
2021-01-28,-0.034985658978399226,0.009296864524020565,0.007624193576576843,0.012775606115877025,0.025890956655183928,0.01031517469233112,0.015422628893561052,0.008600445506869336,0.015495705468427046,0.015655837763914215
2021-01-29,-0.03742040724684248,-0.042911637528774915,-0.035646683518733346,-0.020345970819636405,-0.029171855516742506,-0.0046929691083555936,-0.016492604386148413,-0.020019679817412483,-0.013514382500768085,-0.026487053226236013
2021-02-01,0.016520427993568898,0.014201813160707344,-0.002574483647990067,0.006853476620885202,0.033152405458396705,0.019034130844326258,0.005927802184390929,0.016645412813360405,0.0012587538367194728,0.0017840201545433754
2021-02-02,0.006336406474083178,0.007522414739530747,-0.008973567174101804,0.009901006616550134,-0.0005843329712826861,0.024155727890825762,-0.001395866271229118,0.014140309390517913,0.014131900213567361,0.015805811755270405
2021-02-03,-0.007778150307926834,0.021823991270359278,-0.004651090467045593,-0.003880901263329961,0.01457151593583439,-0.00193619929157407,0.0012424892296909462,0.0007866165616381426,-0.002450377235644785,0.039228264686133274
2021-02-04,0.02575749084243495,0.0004496417943777864,0.009283824183923262,0.0049211591879601,-0.00407423572748844,0.009884976275476687,0.000620337419952266,0.01136547319213932,-0.025363429269907867,0.019190769389456852
2021-02-05,-0.003097831677849272,0.002921574175540176,0.015186319424707495,0.01305845988540999,0.0007851534712346453,-0.005360809658076615,0.004185107228010132,0.00393586802280832,-0.014605405920949166,0.033519240304678455
2021-02-08,0.0010970466650721544,0.024870917421082384,0.002857677042808815,0.005438189553104822,0.0011148794762858572,0.06237587113015586,-0.003087184448455904,0.007221885685773977,-0.0005243784264655771,0.0430430624764544
2021-02-09,-0.006573921512888381,-0.005684321698973149,0.008185873246793207,-0.004406803795431791,0.005361601620134104,-0.012154694960155865,-0.003870760799361439,-0.0006657220315108292,0.016310196777669095,-0.011711734369380666
2021-02-10,-0.004558457178010733,0.01715045379356539,0.0032477849084471266,-0.002012180849827905,-0.003897225989177411,0.03512501886413477,-0.0034973581873521953,-0.0004355762365371163,0.011437258266788541,0.009677885522161311
2021-02-11,-0.0019204957385309251,-0.005404462750549621,-0.00449627479843151,0.01411294048415801,0.0068774338666157675,0.03295129051325185,0.0008580685543535527,0.0016149968227499034,-0.000989792077234819,-0.0250388935222835
2021-02-12,0.001776238919974249,0.005760055907777284,0.0031316343363936294,0.007753245362278172,0.0020451521029611897,-0.01898256810304977,-0.005532853999143383,0.004939971847055968,-0.0145018137971904,0.01364348444313701
2021-02-16,-0.016103873598770524,0.020490962757021336,-0.009064959601276734,-0.008285362304991883,-0.005265506761261363,0.024663749453118555,0.0023508702605170573,-0.0008661843891274446,-0.011028306378261243,0.030087092033168394
2021-02-17,-0.017644070530366984,0.029957854491555524,0.00357432839544769,-0.0027848610174963095,0.004359446139551526,-0.027674014882645204,0.0042212161198507125,0.00022930053701730735,0.006900203974209873,0.015564906601711614
2021-02-18,-0.008636380659900356,-0.009591310647380835,0.00048283758215372785,0.012766614614863059,-0.001678729188169581,-0.005165586022353619,0.0083296624248268,-0.004256038405777596,0.0047423531570121025,-0.01570471336785839
2021-02-19,0.0012332567698258856,0.008421273251244532,-0.01665221785658344,-0.012999956014853709,-0.011567566832608067,0.0065748071814770714,-0.018605875193263066,-0.001765865111559184,-0.011662236852484575,0.00672815228231971
2021-02-22,-0.02979896106125879,0.02703522554377713,-0.0006176720995842988,0.010377337427287747,-0.026808212838277168,-0.03823739877661103,-0.004247850900384709,-0.007691600508998309,0.00942737000599947,0.036853095301536465
2021-02-23,-0.0011110833865717318,0.012602958013492538,-0.008834097794221396,-0.0017777602652296887,-0.005287435275518448,-0.014889417075563016,0.007426079989250045,0.0012142541669450946,0.005707632545140395,0.013812316316126338
2021-02-24,-0.004052091376379963,0.036936700307862225,0.01340047966174085,0.0033636854790937143,0.005487084841858003,0.025243808738141915,0.0010978503284488905,0.011019187715411105,0.008194005069099175,0.02997277690828848
2021-02-25,-0.03478274847529983,-0.009292425284361472,0.0010458539910873643,-0.010648849530485505,-0.023704978739245375,-0.08217809051380187,-0.008459902451807833,-0.024095795270051124,-0.010053781041675203,-0.01657871684982637
2021-02-26,0.002231691273224534,-0.02296053258097308,-0.02641947525445565,-0.02351964027078568,0.014804155090300197,0.030584316615485996,-0.02409545816219838,-0.005152435604225736,0.01018619090498607,-0.02492814994695025
2021-03-01,0.0538513159603895,0.020500099886479273,0.005427236355290077,0.018574961767817255,0.019623028603609427,0.009278499365142467,0.006152166607695575,0.02424028603801931,0.00731435779324463,0.037336793915020206
2021-03-02,-0.020893778862772328,0.0038215446781701967,-0.0018830618168063085,0.004007962438554946,-0.012956876661082917,-0.03146288826908339,-0.0031376797385299637,-0.007803491615163027,-2.958085038029523e-05,-0.005851184553954836
2021-03-03,-0.02445659257476862,0.011226343835275543,-0.017607882705393485,-0.0023953929246178784,-0.026980790093935392,-0.0448669563798858,-0.005972619831579484,-0.013245426148926764,-0.005289513338500251,0.008025992039460972
2021-03-04,-0.015811842396341036,0.008784496465735758,-0.020163826993500167,-0.0008000219356503191,-0.003647436975737439,-0.033932707091586245,-0.008200687393671302,-0.012374732459700777,0.0028238973573997406,0.03874700863099312
2021-03-05,0.010738341761787895,0.043062124985982164,0.019794955786266222,0.017020308341879176,0.02147940091622713,0.007376645403953219,0.03135491514437594,0.018396218554590282,0.03981317772383308,0.037813087464839246
2021-03-08,-0.04167347091902884,0.006881055750503906,0.008327953825367995,0.016735554024299493,-0.01817819379155594,-0.06967481577017298,0.010557175834120525,-0.004978539301777718,0.008844528588124678,-0.000984708354867525
2021-03-09,0.040649791321584194,-0.0022780389323583394,0.0019058072666788828,-0.015104813035325404,0.028101706178522257,0.0803331311178277,-0.008875892159349141,0.01427763563607476,0.00516915491921166,-0.015442965989681978
2021-03-10,-0.009166857618586599,0.0170776741549743,0.009194664476777747,0.011404243815537729,-0.005817386855646478,-0.004153153220650796,0.009193155981748191,0.006224504919859708,-0.006761870812859283,0.030702672815122956
2021-03-11,0.016502675656553834,-0.0016163570635424618,-6.2628505030915e-05,-0.010886515589144774,0.020265139801647125,0.04212697543609023,-0.0033767206835265684,0.010139165177660114,0.010011342668870382,-0.007447043468170378
2021-03-12,-0.007625270860562416,0.0033277392068904454,0.002890308853382484,-0.00198176399161043,-0.005819678802063799,-0.010582265493239706,0.009691666429565204,0.0013466151928493986,0.011851670370957024,0.010764884771684802
2021-03-15,0.024456597432981786,-0.011742867666943768,0.0051378886400286206,0.013304034072513238,-0.003987355595584385,0.026077310402810028,0.0032779588429332485,0.005963628065707827,-0.006010786693806169,-0.02549610643991318
2021-03-16,0.01274298058886969,-0.02367329928516737,0.005922104773564252,0.0037233023468559168,0.012350589038064186,0.007580767148499756,0.0029556267821746474,-0.0012613842958897337,0.0020346409599976134,-0.021195443501474953
2021-03-17,-0.006450442699170944,0.0036233470213373753,-0.003718060817180513,0.0003905413987803641,-0.0028187371976906572,0.003761865745985471,-0.00403274491297434,0.0034100555713372227,-0.006824692422539469,0.004398478757132063
2021-03-18,-0.03390529984172963,-0.03619375915073142,-0.0018659681918102855,-0.013075637791075234,-0.026661989219056936,-0.04637879783746457,0.0021803810176663774,-0.014549835131596911,0.028025171583216046,-0.04311933491309794
2021-03-19,-0.004480156990883111,-0.007107310378991594,-0.0026800132464348536,0.004745852621969471,-0.0016036461208815966,0.009687411691523318,-0.005361306586554204,-0.0018504201329336833,0.009750428629851093,-0.0056328403673492344
2021-03-22,0.028335792781193803,-0.008125034793997954,0.002874166118586041,0.0037393355880259715,0.02448435135670657,0.026507208964134277,0.016951782652939285,0.00798515775686881,0.0035012951956796545,-0.010267475915738733
2021-03-23,-0.0068886546914183056,-0.005559105194976932,-0.0009342787478175962,0.007647228947665008,0.006737562382992168,-0.008759238642305323,0.01858957439443709,-0.007870916534924444,0.00447045070094676,-0.01234120192900856
2021-03-24,-0.019993610797228056,0.02677263783655026,0.009728671332987382,0.002529644172809098,-0.008923272893015533,-0.03272582327362672,-0.0003015315097446569,-0.005083297876125159,0.005698691810768874,0.020282656622853112
2021-03-25,0.004163477672492366,0.003534014653324258,0.00037089352485186744,0.009704950644913612,-0.013250702230365619,-0.008522290438803926,0.006940166415270621,0.005625437941941591,0.001322087991348475,-0.0028400391694239913
2021-03-26,0.0051414834428042955,0.0229368995227901,0.018274627206355643,0.019607960712122896,0.01781863666025907,0.024251566621652287,0.014758790412630951,0.016115130894563512,0.014524937602941934,0.02723406453775179
2021-03-29,0.0014851368269628296,-0.005210443611514459,0.0067302113196345825,0.01527120248884084,-0.00524352302694997,0.008489538485624504,0.015651525518625142,-0.0005051402947335859,0.006852872016573253,-0.005371706155655964
2021-03-30,-0.012274576683891314,-0.009258991584685794,-0.006203597415957107,-0.012998966692785552,-0.01441076168294575,-0.005908116047194545,-0.015410330340057343,-0.0026530371535286035,-0.014509671291130899,-0.012369536217551547
2021-03-31,0.01876546891112607,-0.010761778345048212,-0.003999434512111377,-0.008278408737921628,0.01690747091512068,0.03701911811522263,-0.00014775564174562827,0.004053338989965738,-0.003988633111723705,-0.015169818423461656
2021-04-01,0.006958906775502038,0.009161092726092335,-0.0092486585896554,-0.0037943393988489893,0.027908377954591224,0.03472352593513439,-0.008491431339035849,0.010799102328544974,-0.013438167256468292,0.02794165760563705
2021-04-05,0.023577137515900626,-0.011725904822957989,0.003684832082426759,0.005713186868300912,0.027728852429759643,0.01272460935943398,0.01616018086160098,0.014353018812149676,0.008472390012514541,-0.015507875632575718
2021-04-06,0.00246237929571258,-0.008898411914168292,-0.00024471034211004383,0.007195526091471116,-0.0048581194059054145,-0.009007975747704955,0.00036655324313028537,-0.0005904266558126592,-0.015695172783206757,-0.0028318320046412104
2021-04-07,0.01339014350411638,0.005889025980641671,0.001346506724151153,0.0016918852091700742,0.008230221951609273,0.020344143141803217,0.0017582058563825331,0.0011571907190819353,0.0034855755884535267,0.004437396083668554
2021-04-08,0.019233824814554268,-0.011229339591289134,-0.00391192170453325,-0.0030027807273381724,0.013405503963957788,0.012267099114863678,0.0038025779453305653,0.0047469260839709815,-0.0020512321521998222,-0.010426214077180807
2021-04-09,0.02025188098803743,-0.0009706875729718067,-0.010554090282008488,0.0011294656739828657,0.010266631888913302,0.005797308027852832,-0.006483815711368801,0.0072699407755629775,0.031269573380376725,-0.002321127224766628
2021-04-12,-0.013233255673050004,-0.01107679291294561,0.0024189221061270416,0.0031967937376327082,0.00023432629881048328,0.056180407882239214,0.004033033495612237,0.0003646151940406295,-5.304927122118386e-05,-0.006622589885795782
2021-04-13,0.02430662216737267,0.0045195449639110485,-0.013363315312730717,-0.004873250711475929,0.010081641279791942,0.03093564883819977,-0.013219149286760379,0.002963766321326222,-0.004730610928978418,0.003783884852702313
2021-04-14,-0.017853362303331788,0.01985528448121965,0.002759260504886951,-0.00018868634018331942,-0.01121910270852533,-0.02567036282107038,0.0036265216552195945,-0.0034150571966538035,0.0030174489712280206,0.02889948172615875
2021-04-15,0.01870818710324884,-0.008151888517657357,0.002938648745388628,0.004710073386645641,0.015298023171654629,0.05631000073933823,0.01209446238306744,0.010742302728430131,0.03828238240935522,-0.005931577657973031
2021-04-16,-0.0025279009946054254,-0.004447783580009634,0.011534712283385984,0.006562771849049298,0.0047783750601599895,-0.01392721013302145,7.265818198365359e-05,0.0033424464467719517,0.0025639368077241542,-0.005615953697034826
2021-04-19,0.005068614945973993,0.0029138520319011985,0.0027736463618861507,0.0059611412617814885,-0.007670503059094114,-0.03461110955380431,-0.004662652087010888,-0.004912805475246973,-0.0029923182825764005,-0.003176917415662728
2021-04-20,-0.012829981550512848,-0.01869090141804919,0.023295647297023825,0.003148084928067618,-0.0018549043051447889,-0.012400956534840524,0.008344510624986867,-0.007321801796627336,0.017160867608836616,-0.021069529885100247
2021-04-21,0.0029298508580926086,0.013816559698062614,0.0006607041934758584,0.00812285965066728,0.008983101195735532,0.012474335544389259,-0.006533395717723378,0.00946204907714221,0.005749960577433155,0.012841338607882058
2021-04-22,-0.011685520007226002,-0.017327325960928674,-0.008463820413906586,-0.0031129197798720476,-0.013086266935920854,-0.03321828499057511,-0.009928099010457658,-0.009133061827110156,-0.005692018120082909,-0.013035274405911457
2021-04-23,0.018038409300835223,0.005943739598760933,0.0020583753054022047,0.0005508760197447948,0.015476073474710361,0.02794541428253572,-0.0051250641046381995,0.010842591246928102,0.009507471505370457,0.00542765848722393
2021-04-26,0.002978172636417753,-0.0002954123415694898,-0.008458102029579306,-0.014870781072896855,0.001531814191707781,0.013937031632416108,-0.020008978680326917,0.0020875760025211854,-0.011116431047856312,0.00197949839314826
2021-04-27,-0.002449629878454318,0.011623203595233056,-0.005727537827431517,-0.0014906335067840226,0.0016058778688325948,-0.006218657258090343,-0.0006096030503829342,-0.0002155630565086053,-0.0034356098729122486,0.013110688130893777
2021-04-28,-0.006027217221580727,0.024537512064079836,-0.007353964461885187,0.00018687764628988468,-0.02828586659308363,-0.006826282631847591,0.0016771980391363517,-0.0002873224575532518,0.00022808985468891763,0.03013640503718862
2021-04-29,-0.0007485796121519117,0.0159666217497485,0.013705564926322467,0.012502081920267694,-0.008053108181607871,0.003142113531877877,0.008447619530388195,0.006372669052552293,0.017638570274763232,0.014283234047376636
2021-04-30,-0.015133176535047532,-0.03582786475508559,-0.008952411088293921,-0.005160346040067765,-0.0013067257340778626,-0.020571381601096173,0.006867421581038036,-0.006570406864398914,-0.006848549649341118,-0.028842802892795616
2021-05-03,0.0082150836579451,0.023867129154732103,0.015239799128176967,0.009262755461307615,-0.0012689391378116754,-0.01150933028994272,0.01184235467300021,0.0021566823908567567,0.0178035994736796,0.02760320393330118
2021-05-04,-0.035385434443757635,0.005496117282846491,0.01549528849352666,-0.006240859553668154,-0.016159793856833415,-0.03272269709174924,-0.0034074304279645418,-0.006169268103919601,0.013402270862308718,0.006290130292675444
2021-05-05,0.0019555079025197486,0.02685885243607733,-0.004172229393402449,-0.0025860153190478963,-0.005326916534233672,0.007473185945239935,-0.008027189653085909,0.0003125969722548305,0.0028202017916041378,0.030072862354439733
2021-05-06,0.012802404898960562,0.0005506447886882704,0.004010413768752219,0.010000114703872853,0.013226545578242543,0.004460938929565339,0.012587820328999744,0.007985751419346432,0.005987859401870743,0.009512881190603117
2021-05-07,0.005327347289126871,0.009172739298209942,0.004530661005772485,-0.0005499477749787429,0.01093174795143792,0.019916824512560494,7.409333369934323e-05,0.007278048255793257,0.006458335801068804,0.014297260441160198
2021-05-10,-0.025804432669697452,-0.004090132345655251,0.010504529105399119,0.007338088763210182,-0.02091415059264068,-0.0368952212086745,0.018645591527812977,-0.009902463066955747,0.007757532397909772,0.0024026592568282545
2021-05-11,-0.007410208261436457,-0.02619328644412755,-0.008163712244582344,-0.01074492364581947,-0.0038432694462561257,0.0028390179783672753,-0.004939162168650424,-0.008924616652830952,-0.02183471057834452,-0.031799437537103126
2021-05-12,-0.024938703649161176,0.006279311674054711,-0.0040266616297206514,-0.005154645941000235,-0.02936285639634373,-0.03828755637690928,-0.010584809430607023,-0.0212453561792888,-0.015375108996092401,0.005358426532594329
2021-05-13,0.01791982275517867,-0.0064264531621284204,0.010463903834337707,0.008697352277400316,0.016861882008766926,-0.006777465875607458,0.016084006658897865,0.012012517220389762,0.007869215241295358,-0.012325126152908261
2021-05-14,0.019844796321398572,0.026153196121552424,0.0015298684113522754,0.004035850721346268,0.021067496039364864,0.04227875238216727,0.0021055376584890872,0.015355406825460882,0.0030351608054139945,0.024789166299821197
2021-05-17,-0.009258534251694428,0.012240668123187914,0.0009987665959294567,-0.0016445228465568063,-0.01196863909326873,-0.005441472733261232,-0.002028750916790001,-0.002544711749270734,-0.0028551966831674713,0.023366834549959137
2021-05-18,-0.011245803914373353,-0.03005389787357915,0.0003520199139137592,-0.005490473490643799,-0.00856516476803093,-0.010571450387559689,-0.010237265738920587,-0.008615752753344919,0.004282620201568665,-0.028300388065645277
2021-05-19,-0.0012812852423185195,-0.028065713585030183,-0.002170474864731542,-0.0031285515612377024,0.002474100874976237,0.003567476540821346,0.0020540935639745683,-0.002621407493198391,-0.0021443193666170757,-0.023994545514824717
2021-05-20,0.021011901963330804,0.0034882926226691424,0.005820576976629077,0.008861077086714797,0.013820260812993146,0.03887116531017765,0.01024871158570484,0.010757808189469698,-0.002100097374163834,-0.0023739186097263554
2021-05-21,-0.014767235716795724,0.00540785286443457,-0.0006426668162538007,-0.0005489224258131697,-0.005314701752600293,0.025953681133582762,0.0,-0.0008188132036232032,0.007316999725714757,0.0013596415532950434
2021-05-24,0.013314220189210912,0.014214190188606812,0.0038254014262919522,0.0032955066109199294,0.022881938659618184,0.041372761307741035,-0.00028985155197747137,0.010194446707631366,-0.0016520344466688375,0.01171081058053347
2021-05-25,-0.0015734080128404493,-0.016382651740678322,-0.0027556024954581426,-0.00018247329376519517,0.0037484321038185886,0.002289793835784426,0.0034069013782382918,-0.002218804041879241,0.005109952132390516,-0.022647057398433312
2021-05-26,-0.00039406439958433737,0.002407107934618846,-0.00593865987030362,0.004380239643198225,-0.0009136644855991527,0.0033391550011563353,-0.0022395291622162583,0.001984532131883432,0.00038736345134759986,0.01167161128435179
2021-05-27,-0.012376920479231557,-0.01066100248526125,-0.001537527737255906,0.008359176222334064,-0.00866843611201007,-0.013503058382152155,-0.022733768352324213,0.0005248355726266141,-0.0012339849605806918,-0.006446912226801382
2021-05-28,-0.0053477709884250935,0.007571952966816786,0.0026060968245757987,-0.003604407231845963,0.0014841577385700244,0.04884418475714547,-0.0009631908839573544,0.0017887708163857319,-0.0018902510363566494,-0.003244528874725594
2021-06-01,-0.0026484702658099435,0.027556023315857603,-0.021979007218311697,-0.00018061439358896259,-0.009131695478205915,0.0012312777547187626,-0.014608809137934164,-0.0008807389878184857,-0.012623726088254683,0.035805834106727774
2021-06-02,0.006276157478871003,0.013408262522199399,0.004047454969185571,0.00397963533323531,-0.00040430211901620883,0.03158719774687735,0.0043650501928542695,0.0015724897887687828,-0.0021388694887587434,0.007939338271953922
2021-06-03,-0.012154148694821343,-0.004533957273891942,-0.0009625828033614781,0.0025224859505714736,-0.006429209993278118,0.011413683115774731,0.017907798727789137,-0.0037113128562699105,0.005198798855011955,0.003938137529599706
2021-06-04,0.019022159553192752,0.007993460086241244,-0.00042141013095764457,0.010783910613594516,0.020674516444310065,0.03585783845336232,0.0007360970355179131,0.009145831799771242,-0.005686725294227202,0.004413372199284726
2021-06-07,7.939545552093641e-05,-0.006454454170188417,-0.0068088968145888495,-0.0035563390213839696,0.01204207829696613,0.0023180734364793842,0.003457143403867491,-0.0009701299206671399,-0.013287623964050144,-0.00650946173577982
2021-06-08,0.006671921561279159,0.009094990861457042,-0.008796198876049544,-0.006959389183807785,-0.004885518352375828,-0.00919445787837403,-0.011581994638672932,0.00021322459603134725,0.003722740891686671,0.017690328165838043
2021-06-09,0.0030772003158721084,-0.00873717565641019,0.013464562891865928,-0.0030547452728079127,0.004038321689872948,-0.005428969285408369,-0.0003709672365362904,-0.0014920988347525421,-0.001593240836805232,0.008369757537806999
2021-06-10,-0.008023164458556109,0.005845041100918991,0.008998181972262653,0.0077505021971375765,0.014393275459698929,0.003845368445287045,0.007419183649519656,0.004648547279446413,0.0009724591077402422,0.0015960118583462357
2021-06-11,0.009832639995412062,-0.0046119150152402755,-0.012688597417458536,0.00447142399655176,0.0025269752006717994,0.022969989654256118,-0.006848631234862901,0.0016525191927780902,-0.00896658190519739,-0.00924299498462866
2021-06-14,0.02457792218567767,0.0005559627504088116,0.002485499566780902,-0.0034085044634214468,0.007755282997545354,0.010855383846265498,0.00037078266277745797,0.002238866754654678,0.0031917666874015094,-0.001608629463036082
2021-06-15,-0.006437728978928359,0.021580015756104354,-0.005321467916293621,-0.002520475630001462,-0.0058872972165586734,-0.012778652732910234,-0.0019274458072082723,-0.0018341437922513304,0.002805732530497096,0.03641083942607026
2021-06-16,0.0039339123494286365,-0.00571158621138268,-0.00036462771616951883,-0.013354832437412978,-0.0037928624006113854,0.0012230277829692326,-0.013887981232783786,-0.005583387946833884,-0.007569477795165369,-0.0035755322729719152
2021-06-17,0.01260073706815601,-0.02370765399875563,0.004804480778338505,0.005121608263305655,0.013676132271408514,0.04755685714942759,0.009113136500928265,-0.0003313834225713297,0.0002517628873390798,-0.03291736717136384
2021-06-18,-0.010091792047935866,-0.03773228208689183,-0.019610338075297662,-0.021474180895471595,-0.005634331032351225,-0.0009915824233652781,-0.01462797311805919,-0.013490767019540217,-0.016494186717283754,-0.02564914196061352
2021-06-21,0.014103861082110036,0.02931180350635776,0.01148295154954515,0.010972761762564343,0.012334733671844011,-0.011347564776884367,0.007877033278141488,0.014316146664956397,0.022343821405496733,0.036258197441155104
2021-06-22,0.012698455895403082,0.0033003064216954314,-0.0013428440465710345,0.0036791540126250855,0.010965894726441938,0.024936013964441894,0.00037550786060513985,0.0053461605601567985,0.0015574535396101208,0.019172408771816807
2021-06-23,-0.0020897738134726396,-0.001221461272635005,-0.006050762646195862,-0.008064549469446902,-0.0009039971874045261,0.009027293677529746,-0.0014272992206744162,-0.0012053410677659304,-0.00785061601698478,0.0073679911174158175
2021-06-24,-0.002168849195082312,0.008186439169113324,0.004550524843325743,0.004989047614844866,0.005353249815347905,0.0077794172648026905,0.0006772040901499299,0.0059157635144078125,0.008367717338087166,0.004045949602065058
2021-06-25,-0.0022487767839406425,0.0014934847677754437,0.005141611197998497,-0.0012870748589182135,-0.006262063381959115,-0.0090859498386765,0.014283457653872178,0.0035521645729230666,0.015243192215804502,0.0021698694333631696
2021-06-28,0.012545797216733545,-0.030848247364219872,-0.0011569262361929011,-0.0011044775511782623,0.013961490727125936,0.050128975893490635,0.0029649427738998035,0.002015789856375738,-0.008618529315603807,-0.025518064932307682
2021-06-29,0.01150033112944282,-0.002211753286689655,6.092756815045952e-05,-0.0073721130787902656,0.009972981582697882,0.0020892031818331436,-0.006798938165473167,0.0005382041290782347,-0.008369307443979124,-0.006189612010738865
2021-06-30,0.004620767411154247,0.009445003686302078,0.004328484729472892,0.004641882859629076,-0.0018423376551249815,-0.0012110560471807474,0.0039434372155457975,0.0008413790860537507,0.00587769106847702,0.007346125363457023
2021-07-01,0.0022636394132711235,0.014034632418671089,0.007405580816876256,-0.002772441025653438,0.0025839629490724825,0.010473620368267822,0.0022974922132670272,0.005536869723108406,0.011113039461594143,0.0028533834761332866
2021-07-02,0.019596897704296623,-0.0013181867528536673,0.01819731312524353,0.004077152715814769,0.022275707409047385,0.013605852515562677,0.004880412245628074,0.0076434830505447415,0.011040102914023908,-0.0014226324222205156
2021-07-06,0.01471797656482865,-0.019609657762187815,-0.00597721468177459,-0.0055369032051720835,3.5618747463939116e-05,0.010323461227113029,0.0005886609158958223,-0.0018214874539829173,0.0021984616872088303,-0.028494635283618952
2021-07-07,0.017955506057586,-0.010193160687771985,0.00857289659762972,0.008166246536687849,0.008175757484137014,-0.01578611369404659,0.007500882728690872,0.0035340022422665207,0.0034125529945370214,-0.015642777283982445
2021-07-08,-0.009199566967100004,-0.0032061481749698917,-0.0019478839194297937,-0.0034979329212067034,-0.008966772448113502,-0.02302212508107948,-0.0001457924818615286,-0.008147898632186568,-0.004153925490747001,-0.004469625896220908
2021-07-09,0.013054889067266817,0.014327363788616765,0.003962371493777539,0.0060967259706457,0.00187445818323706,0.007411140742723976,0.00036472554036648397,0.010674568860349787,0.005268860783277596,0.018124501298729223
2021-07-12,-0.004203532710768343,0.002017984280225482,-0.0015903432610717694,0.000367158563853609,-0.0022307714661699007,0.02305450305754997,0.0008031484284805046,0.0035820361091551955,0.009536393966904644,-0.0009801148988172192
2021-07-13,0.007888975843627133,-0.003356144468707578,-0.00123898453010296,0.009911834727742264,0.01319806406989299,-0.01279696254320195,-0.001239943955220868,-0.0034088594936712013,0.006008936930345987,-0.004740570479851325
2021-07-14,0.02410036116899139,-0.018859014015313535,0.006794023832207063,0.02253720550066496,0.005444950903545909,-0.02017308307933008,0.007373884503746542,0.001492162399381547,-0.009079127526880781,-0.022174844998612886
2021-07-15,-0.004491965700731515,-0.006570310321248662,-0.012029335811649666,0.003199412348341868,-0.005238520391509072,-0.044111968581243,0.0085523041258464,-0.003415348349439129,0.012803091596945926,-0.009742874941729984
2021-07-16,-0.014075970303320973,-0.026456076351918822,-0.0016035863254235672,-0.0007086346937609234,-0.0009965321089955292,-0.04245703189292782,0.009700912271677131,-0.00784369273928176,-0.0008331949301774166,-0.027650626499911013
2021-07-19,-0.026914356479952217,-0.026972527602991847,-0.007257139704849869,-0.011879518661844002,-0.01332145408440355,0.03407015849151418,-0.0004981480362014068,-0.014768045718573153,-0.02535159703971923,-0.03436851316309275
2021-07-20,0.025974030255507374,0.0059399129096495695,0.009407687213922822,0.001794355153914129,0.008339008002086423,-0.008932377787858381,-0.005340448876180903,0.01433040735230895,0.009558551646737135,0.011020769197573888
2021-07-21,-0.005131713369531998,0.03408306694136476,0.0061738924267407125,0.012896137496269722,0.007446489139014023,0.042875497253715755,-0.0035078183021235443,0.008096270507120806,0.004044102164787455,0.03216586295498569
2021-07-22,0.009628623909076595,-0.01001833278705,0.0028908619313441353,-0.0014145127791054257,0.016844421241050123,0.009479802050042396,-0.0038314130591772244,0.0020941475226616824,0.0027252762015765875,-0.011253386858449455
2021-07-23,0.011988870288184295,0.00040492511018141997,0.010648246640657222,0.009562543438872195,0.012336829644486791,-0.0018374622917789463,0.014441222077503424,0.010288167980715635,0.0046418847867994995,-0.001225824878995141
2021-07-26,0.0028946672412939467,0.02114090929720014,0.00046568147346315314,0.0008771115922407979,-0.002140327874035397,-0.013498027827082537,0.003505307545993208,0.0024547271904789003,-0.009959355721425367,0.025245449798933395
2021-07-27,-0.0149003733157268,-0.00336794247274419,0.004596604570301421,0.0035052167441185222,-0.0086836368676948,-0.004457507410662087,0.004063428745503916,-0.004557452322256461,0.0037722679334990517,-0.011114836666119676
2021-07-28,-0.012195676046495518,0.005665380839127598,-0.0027801114058619847,-0.009081328451317261,-0.0011166448893908942,0.015358200747303874,-0.014838715916029144,-0.00041011183766170856,-0.014285546886411926,0.0067438747451733505
2021-07-29,0.004552061060394186,0.013738034105547525,0.0,0.005463406633974044,0.000978128756585539,0.008152646192427282,0.005189082994631056,0.0041474451730294515,0.00711173897378381,0.01219518149099863
2021-07-30,0.0015106928679173848,-0.007409555804718249,0.0001161821662925,-0.00035056758302642876,-0.005549818505995563,-0.008289871583988306,0.019716050117554174,-0.004856491563494658,0.00033988559017683606,-0.023078367116467935
2021-08-02,-0.002331039105756716,-0.0017681885410268938,0.0004066413393808421,-0.002630101376084326,-0.00031586012954487597,0.012872384533114456,-0.00246085480578484,-0.002098095436871228,0.008126761082453804,0.00017376413247105482
2021-08-03,0.012644022765458729,0.00954443080094114,0.012306222967864544,0.000703152858728906,0.008074953287054987,0.0032909203005953014,0.014589994234098125,0.008135433158762417,0.015231979476695745,0.010767682683789692
2021-08-04,-0.0027818404784931694,-0.022417083612730204,-0.005906497509820308,-0.014406097925132477,-0.0021241183286414556,0.02316429982274637,-0.01055980979409521,-0.004918786290815214,-0.0008532313382985102,-0.023367996174772587
2021-08-05,0.0007484528406001001,0.009272321361032398,0.001903704235014958,0.007129923818343098,0.010505795851466493,0.01790465502149763,0.0004920160678145713,0.006332696478494659,-0.024552949390404533,0.006333752781996438
2021-08-06,-0.004766886964785666,0.0071123522365934555,-0.0033392833867921246,0.0024778615586635855,-0.00020747671845422477,-0.013132097422141165,-0.0076494677023184465,0.0016525575689916305,0.009557731980981421,0.011538609200125727
2021-08-09,-0.00034258117104146724,-0.016674811454815308,0.003466029552206207,0.00017678689659272884,-0.003903986346099675,-0.003486002984726566,0.005445079315845591,-0.0008134778761911265,-0.01023802585481326,-0.011406988418612873
2021-08-10,-0.003354123499449968,0.018254156307975666,0.00034527433183106915,0.002647665330355542,-0.006554717493032602,-0.017688843169196944,0.0006332772135460019,0.0012438826864200614,0.0022147893176998057,0.01713278521693562
2021-08-11,0.0017860330860026696,0.007543306939222116,0.00017283025511871664,-0.0012323092069832509,0.001780461483449347,-0.011888333705510568,0.002460102077315174,0.002484969768413947,-0.009811192097259336,0.002922230789567104
2021-08-12,0.020773184375741494,-0.002041738939738358,0.008055226600427234,0.0019389977024542038,0.009966738014908438,0.010457575905670202,0.0023136761392332783,0.002996939416456179,-0.004365287235900017,-0.0022618150509895463
2021-08-13,0.0014106282445001117,-0.006625431981797325,0.005992968389429976,0.006861246314758596,0.010489970487459921,0.014217527341398695,0.004826828419864704,0.00181991824929284,0.00913897495431737,-0.010113160488060213
2021-08-16,0.013547674908638063,-0.01019969452453695,0.00902154762181162,0.004368389908359527,0.00597555355662216,-0.01178914132388409,0.006961920007343858,0.0023545150599630915,0.018404861077113033,-0.014620475969355673
2021-08-17,-0.006153982365506905,-0.0018828139074291705,0.00916555968042565,-0.0034795274503023332,-0.005159650606132882,-0.024661696867038452,0.0016595175481581848,-0.006555167528131234,0.010953497007470281,-0.006792935831137936
2021-08-18,-0.025501125905207034,-0.02706515232964657,-0.012704124321705867,-0.013617315739748115,-0.006119185563938756,-0.021482170094893727,-0.010905365182672933,-0.010945012641220275,-0.010574075757706192,-0.02105841228971239
2021-08-19,0.0023232318917347783,-0.024922502765471366,0.007788216494061695,0.006371800567135599,0.02077533779874363,0.03981088122537568,0.011793047790590094,0.0015480673729746375,0.025328371021553275,-0.030520150348857022
2021-08-20,0.010156589455532883,0.00010625168652489414,0.00487194126721624,-0.0038692846980384887,0.025575333239078235,0.0514194890717139,0.0006895720668327332,0.00795723242745372,0.004253462746443226,0.00018945442863027573
2021-08-23,0.010257196734691387,0.025768589006960996,-0.004316556620671208,-0.0035310527667500313,0.0009526951805052253,0.054861634755769995,-0.005100273611822526,0.00879658726910093,-0.0101230829752752,0.04114544098597661
2021-08-24,-0.0006011690953564575,0.011475512743451599,-0.012499363501119354,-0.007618743720691823,-0.006663456533814949,-0.00751440340552989,-0.008104996980676238,0.001587264853267767,-0.00458446025248993,0.008194955673610949
2021-08-25,-0.008421430038467514,0.006847715690008416,-0.006613984672422468,0.0010713889482218963,-0.002015561713808456,0.019272249127557428,-0.0035620318547074925,0.002098397181417244,-0.00866775193885061,0.001806579719154211
2021-08-26,-0.00552707784560591,-0.013095100046947139,-0.005337479540029166,-0.009452571220058048,-0.009668551397690073,-0.006527647312143725,-0.001752176158887675,-0.005903053670313518,-0.006885185552357398,-0.013523407557665346
2021-08-27,0.00718463365381683,0.014605933634990631,-0.0021350037245699838,0.001980702149475544,0.0021065218131814945,0.02573870303198378,-0.0007727346846586602,0.008940927044707392,0.004582145011638339,0.019374864516776613
2021-08-30,0.030417093107282023,-0.002534371992664375,0.004221292615509409,0.00952367252369779,0.01291192342791958,0.002297056103652828,0.004356836696743471,0.004397597333826164,-0.001098781673807836,-0.010937621722806878
2021-08-31,-0.008424521228460269,-0.01646516019632882,-0.0030519985880598233,0.0023140558067378247,-0.005632502646263249,-0.013181071371086484,-0.003777964340920814,-0.0014815897313412707,-0.004852907854007271,-0.011602801709033495
2021-09-01,0.004478549074872884,-0.010953603385961408,0.0035232104103974926,0.00674847411203805,-0.0001656941945422652,0.0025018390217985687,0.01018322717212028,0.0005314014971509184,0.0025947138587651963,-0.013756406884540384
2021-09-02,0.0074748338140069315,0.020896234654909973,0.006849240044670024,0.0014108629739515433,-0.002253015324415908,-0.0020054470595829432,0.0007649857044653707,0.003076502348769994,0.015238778407117959,0.02436303052232547
2021-09-03,0.004230283946009328,-0.002251557972368201,0.0006287842456609294,-0.0007043597147377012,-3.298731432255231e-05,0.019958998740808642,0.0006946141070904854,-0.00024266203130307584,-0.0020059835110231017,-0.00381248825431868
2021-09-07,0.01548969944964651,-0.004410513753182799,-0.015539265093931665,-0.01868512083750118,-0.0031879654934986457,-0.00792367749243661,-0.00374925202855636,-0.003575665583599119,-0.003831099759470935,-0.005832021548256239
2021-09-08,-0.010083927822910232,-0.006902936771388313,-0.002437120586708308,0.013472326860098693,0.00010002183351853766,-0.014253182676565834,0.00759593864491892,-0.0012181043195474972,-0.013887582804332887,-0.009165948524413214
2021-09-09,-0.006704604302583794,-0.004046057050382412,-0.02228028426362938,-0.009925577569889543,-0.009859940092279418,-0.007251566205695226,-0.0042188432626626415,-0.00428022326562183,-0.002022100827375417,0.0007401461258011999
2021-09-10,-0.033102139344174164,0.0007288767971009857,-0.0065449025042843,-0.004475447823879208,-0.005180758512760009,0.013572493673150499,0.000972226037945001,-0.00788446808875809,-0.022246548242470965,-0.002033771222863634
2021-09-13,0.0038935393771259985,0.019777415331109216,-0.007007431128971731,0.008271923735450937,0.00432849462965712,-0.014503259468395258,0.010754521046513865,0.0025592219109213943,0.026268360814535763,0.025750294480433977
2021-09-14,-0.009561895731585501,-0.01806682560454509,-0.006031335650842129,0.000718753527410021,0.009428021063486947,0.004063049923924922,-0.0017165088431320141,-0.005396597925707236,-0.004776713607262506,-0.014267729238995996
2021-09-15,0.006143548704017121,0.021205794721089744,0.0037622119331361947,0.0034117847826231618,0.01677841655526624,0.004450976665625106,-0.0021312956630050728,0.00835262973455908,0.012071729434884881,0.033712059153050866
2021-09-16,-0.0016106770150505767,-0.009364809393709872,-0.0012092280023304758,-0.009484757106085429,0.0013123520818645318,-0.0044312532607621025,-0.006959962104827189,-0.001585067847275634,-0.0016288775296404712,-0.010634548442331582
2021-09-17,-0.018347765129697047,-0.005754110835508031,-0.0028444974592586325,-0.01644074755501157,-0.017528508119284414,-0.01537632020877111,0.0015960920366120401,-0.009741131466684094,0.007964933743028979,-0.011823549281644308
2021-09-20,-0.021360827901967472,-0.020462878360516856,-0.005705753282681192,-0.006980246100280807,-0.018574608175321194,-0.03593599529968816,-0.010045654800377335,-0.01667419281006044,-0.017755210808756416,-0.026649853836122395
2021-09-21,0.003427818970217489,0.0007386488683656101,0.004395452603719541,-0.00018497335872069698,0.001698971094736379,0.006299327214342343,0.0015394754296818025,-0.0009446224198634834,-0.0008723380276070003,-0.000931344077044538
2021-09-22,0.01687229034933635,0.029414722279116123,-0.0036467768799905986,0.001480141856470718,0.01282219536681417,0.03271229472346282,0.0034239882370572516,0.009754865498401433,-0.008827775132875137,0.029269293582292688
2021-09-23,0.006719284522336277,0.024784889021069567,0.005673161081904077,-0.0016626073270525898,0.003282160458178085,0.02465685921797678,0.004108672270150215,0.012149839145644492,-0.001639254374831145,0.03387077273840511
2021-09-24,0.0006129606799243348,0.005396662099788951,-0.003032756459711905,-0.0027757082194623806,-0.00070117816579085,-0.017836427420216294,-0.004438468888271596,0.0016472900169746119,-0.0023281784529989302,0.008934853095462936
2021-09-27,-0.010550125543791755,0.023558709680738588,-0.00724022958323034,-0.005195754739458547,-0.017304047103718245,-0.01906614597154299,-0.013166155756763609,-0.0028609695636684362,-0.004446453956843288,0.02969248289606763
2021-09-28,-0.023801380228664737,0.0037875058262588635,-0.002206452994932828,-0.01809375838005678,-0.03620341165749963,-0.04436761740132522,-0.007553487385429936,-0.020151895852508095,-0.016408894452108247,0.01045529766586295
2021-09-29,0.0064831057050229735,-0.00029006845490353594,0.007432160862218984,0.006079154088627137,0.0016930444575293802,-0.008792577650727718,0.010171684468538889,0.0016832195765565938,0.004490601784613801,-0.0006676385035220278
2021-09-30,-0.00931182657787255,-0.018194375958547893,-0.015364064798230936,-0.00925228144918644,-0.00732397690515485,0.00969917820331423,-0.015631690602416093,-0.012222204491835975,-0.02415019536062879,-0.017702203992653653
2021-10-01,0.00812725235375944,0.028388423548206365,-0.006377540954346839,0.010482324463146453,0.02546808324762284,0.001255170488603019,-0.0015738127291924364,0.01188408896817128,0.00432516176130493,0.035872369135012905
2021-10-04,-0.024605739483774758,0.0037382222170645463,-0.007789798070399256,-0.0005659704082586758,-0.020719343678678448,-0.0486934055796876,-0.005659976420856583,-0.012896099434919206,-0.013811368762513876,0.012965766965605141
2021-10-05,0.014158538878690008,0.010885980767329828,0.002261082181126195,0.0016983756993933508,0.019956722467971755,0.03643817514402259,0.0038909712964452225,0.010404814855087263,0.016588530079090447,-0.0016204186951169763
2021-10-06,0.006307293846276263,-0.008785264551470218,0.002067909848714633,0.011868886265307133,0.015064434204964172,0.012175380878326703,0.013349437942980158,0.004156282411070578,0.0020842956675510838,-0.01833792189372152
2021-10-07,0.00908446171784938,0.007147878277233843,0.008942632465732236,0.00316512001294611,0.005936540895376652,0.018116140316494223,0.008003389691167984,0.00864562092138188,0.0265061060732652,0.002810240384558016
2021-10-08,-0.002722183576293613,0.02242616089843863,-0.002541404274926551,0.004454435705485427,0.0,-0.011577805487891779,-0.004145503522419269,-0.0018236413156186293,0.009290736203928507,0.02505764056943116
2021-10-11,-0.0006294902452529394,-0.008514650467803309,-0.004225346458989976,0.0020323698103579257,-0.002102690839322796,-0.006528737929827,0.00416276025973894,-0.007239728256898337,-0.008495319040194627,-0.009970966164185358
2021-10-12,-0.009103204345003668,0.0001867750980224514,-0.015975121048900864,0.0,-0.004588441984637925,-0.0011598158349677146,-0.0014754820430190607,-0.0024616901943759206,-0.004320943023066626,-0.005198083486411931
2021-10-13,-0.0042396268978109886,0.005972754386325052,0.009575510961488343,0.00018471729107649715,0.01171129386547154,0.012965065605268666,0.0023222239043592108,0.0035975761753672675,0.0007687294335854133,-0.0027759711898408534
2021-10-14,0.02022549508552851,0.009463090286697229,0.00571658624849869,0.006821299845843898,0.021733823721741263,0.038540488596624733,0.011303207970658535,0.01682089912800655,0.04165506341115721,0.015228329920574879
2021-10-15,0.007512388634932643,0.007352254800476299,0.007432087982068625,-0.002380515638255698,0.004822774263049778,0.005334361856096592,0.00256833640551668,0.007615803387818865,0.01834163462445959,0.009516092364202589
2021-10-18,0.011806050546947056,-0.00045616210500343257,-0.0073155622876518445,-0.009911878744017333,0.01012455826407166,0.01646699327497325,-0.014402411789019687,0.0029605180074332438,-0.008059611967531022,-0.00047918811203651046
2021-10-19,0.015080363508956696,0.019532648148043563,0.023419937139321112,0.0038933260720197538,0.003058783066023363,0.0030600337546653478,-0.011802683529547053,0.0077146128209810705,-0.0005650507767746005,0.015025537067460126
2021-10-20,0.003361378620198696,0.01307070677150346,-0.0005492303796102993,0.008864286946472566,-0.0026602289846029414,-0.008389313600990045,0.00391041447901852,0.00392770072308668,0.025236697449239065,0.0055117388936296585
2021-10-21,0.001473838116779591,-0.012548586323883448,-0.002320187840872512,-0.005125374242475278,0.010897469319571584,0.026647834470606924,-0.007197094008419835,0.00260843865913718,0.01652528822347543,-0.018167541870401704
2021-10-22,-0.005285314438303712,0.009486211449936777,0.001958554926246414,0.0018397018613633964,-0.005148864525953423,0.0014980318303934315,0.010765704864442727,-0.0010362264508908536,0.015556068827518255,0.006859087467827374
2021-10-25,-0.0003359702866028158,0.009308662302982107,0.0021988273560613614,-0.004040427818730041,-0.003331221612523194,0.01936108063412001,0.0001420930309583568,0.005362778200538765,0.0007344867122727194,0.019486896735682047
2021-10-26,0.004574874731191336,0.0021957873743321255,0.010177816509876259,0.004425768013538001,0.00642534904230585,0.06695194302424867,0.014199694062873025,0.0009000911022514213,0.011457397541478453,0.023154472046834185
2021-10-27,-0.0031475794915867272,-0.017791386544088406,-0.012126561851532713,0.019276732676858144,0.042114557228772,-0.010761868772324767,-0.007140647291700941,-0.004430093627941778,-0.002551365406584183,-0.025972249650392243
2021-10-28,0.024991426008607043,0.009369213617262284,-0.005435459463517089,0.009365910785586351,0.003650945096365543,0.020040098824239516,0.005993122944763174,0.009648668829441265,0.004322111159893449,0.002807002075444931
2021-10-29,-0.018155555912987786,0.012110933018900427,0.0001844021510726268,0.005888684845501535,0.022414273930057238,0.02509902755922755,0.0021728878894025083,0.002029191986886003,0.011044344014367935,0.002487972715166986
2021-11-01,-0.005607400767318693,0.00034937501185638986,0.0008593485372745402,-0.003548098843400571,-0.006784876574048915,0.010169512330302721,-0.0024478286065344745,0.0017202643139024865,-0.01381205152703957,0.017992685742914905
2021-11-02,0.007115827527383711,-0.006111846656633002,0.015764829134116143,-0.001246018079766098,0.011415986679052192,0.022224812195643207,0.009955026218688268,0.004043068521047299,-0.004558250884450055,-0.01234181269974044
2021-11-03,0.009798770285429859,-0.007203714324872101,-0.003200843155100608,0.0033867714427320283,0.002611252872611658,0.007461775127788339,0.006872402037105152,0.006105291492207288,0.011702400806584912,-0.013730304917614067
2021-11-04,-0.00349901009958431,0.004424380709372899,-0.002786434297036511,0.005506850381192807,0.007305636070975785,0.12042257954392976,0.001861287758630148,0.004712390714648906,-0.0012465097762561772,0.007508213200956737
2021-11-05,0.0035827397304526443,0.010836033806119971,-0.007108327344758969,0.004240681865720131,-0.0011297686879739866,-0.001644171177194509,0.00495456878164835,0.0034698262235797195,-0.002079794204021712,0.00947072216728162
2021-11-08,-0.00555260140392011,0.0035733715154533385,-0.0034265746218749005,-0.008972633017510168,0.002767456233335519,0.035358918304449816,-0.007463754511868093,0.0008535505989062386,0.014940480621331576,0.010765845856731238
2021-11-09,0.0024592387709823083,0.007381424032860906,-0.002210410260505724,0.0028403075867335925,-0.0030861595895241845,-0.0047723421582090975,0.0030355275806892568,-0.0033055120788203496,0.0037395396194639385,0.009738307258983836
2021-11-10,-0.01916303085994986,-0.015948255531575417,0.01083007939973979,0.004071455896524245,-0.015329582287470389,-0.03907727061208699,0.009835578726495875,-0.008044596083546018,-0.009583310216153773,-0.01970072189134564
2021-11-11,-0.0003378600459603698,8.776584590464154e-05,-0.007365892952437725,0.00035282947725812086,0.004927323986039678,0.03160321717977155,-0.0028603930864810057,0.00032321684726399624,-0.005457647054831982,0.0018694613614451683
2021-11-12,0.014336778341361267,0.0006130926407024173,0.011958712419027684,-0.002291228831605596,0.012905129743484123,0.0,0.0010925526097178562,0.007547032892548877,0.0034980587309203504,-0.007619181853163126
2021-11-15,6.659782809914638e-05,0.022673441263111327,-0.009029478407665548,0.00017664119482030394,-0.0019303962091090643,-0.01201058472921579,0.005731523733496724,0.0003424245328649267,-0.017843566520217347,0.008617829159219603
2021-11-16,0.006666831069106038,0.003937676919352429,-0.005198372464289336,-0.0070647875714316966,0.010235966674413843,0.005928330532868342,-0.001424510423246983,0.003957980592929733,-0.002617653949005372,0.01009786326889861
2021-11-17,0.01648992442608943,-0.0044851293709423645,0.003750189570199236,-0.005513942304389063,0.0006787803865466735,-0.03118897612402105,-0.000611525999871354,-0.0024293591033447415,-0.0014900656994923933,-0.010919714332711883
2021-11-18,0.028535812227754143,-0.008403918783781772,-0.005389822787896126,-0.008942874126355638,0.006339829983741163,0.08249902475344162,0.00013586059835168918,0.0033963284472786626,0.001158262013908784,-0.010884842482650425
2021-11-19,0.016976419195841252,-0.022193196064193343,0.003017417098704067,-0.005053462654571073,0.005391444611581697,0.041357503864371425,-0.002039155823713279,-0.001788314034014249,-0.021069305263282323,-0.04621900929361267
2021-11-22,0.0029272324485627443,0.017871637194245338,-0.01316222300514347,0.006167349879660611,-0.009559265507145254,-0.03119614078217947,0.006674681169816843,-0.002814964647214868,-0.0055907741361505,0.013845108223601077
2021-11-23,0.002422111352566203,0.02098122250206913,0.0061993513365095065,0.007391447170841614,-0.006326677107804768,-0.006571398219498259,0.011096442166480314,0.001325869519320122,0.02191800134257349,0.026337200145072348
2021-11-24,0.003283628936972649,0.007652772035254829,-0.002800299827029562,-0.008053009690021873,0.0006811187046360523,0.029232048994550786,-0.005219403247536336,0.0026699175249502716,0.006776567438083747,0.0055442909375529315
2021-11-26,-0.031678371250143944,-0.02286870193846724,-0.006490536006129366,-0.030669295344998182,-0.02435573323007878,-0.035838840360517876,-0.008005081383563484,-0.022303288054179693,-0.022769694147077524,-0.035129105824107776
2021-11-29,0.02187324945724467,0.0029691539271694545,0.0034548522320401176,0.015819953281473342,0.021081137283436302,0.05945470634800687,0.010510672032889579,0.012266622188930043,0.027483001842790733,0.005551053525875149
2021-11-30,0.03157809534996936,-0.017239926802723238,-0.023912423865191657,-0.03157309741630643,-0.017942664221421212,-0.020973206502507002,-0.029794727006589805,-0.019457541304322534,-0.017212474234686748,-0.02841379975014313
2021-12-01,-0.0032065436150833238,-0.00682200474351824,0.013788399154310405,-0.0028600191775257633,-0.0015427685849038753,-0.03786128904212638,0.01258840624356905,-0.0111072141521672,0.00027009704361091735,-0.0008356410087417832
2021-12-02,-0.006129744925656544,0.027118553170756288,-0.006262880562960316,0.014722730732904976,-0.0017874972514254628,0.021981984394753296,0.005873942561366974,0.01531622427382584,0.0037810099977657607,0.024920633051383145
2021-12-03,-0.011724645764480401,-0.006339948923009375,0.014578100651015946,0.00885631335201209,-0.019666719004331812,-0.044605572501252855,0.017791870802146947,-0.008701221074203791,0.010684281885684044,-0.0063642681786080235
2021-12-06,0.02150310222964169,0.01564526516989173,0.02233643036116817,0.025588189087780266,0.009844867593950424,-0.021373023725763773,0.015145609354046963,0.011843438911428805,0.0240141981217743,0.011331905650568741
2021-12-07,0.03544605406809809,0.014802130715514172,0.002577571730064454,0.0054636993008367885,0.026763729855768803,0.07956832667184544,-0.0026292914399563827,0.02068458155592645,0.010040993363013673,0.01120500478055897
2021-12-08,0.022783071514545616,0.004494583124296625,0.005999083875897204,-0.003803924999859931,0.0001491702370095549,-0.018533717923965853,0.004481124303588269,0.0026480666034727207,0.008886759679386236,0.002890511793058881
2021-12-09,-0.0029698377028357648,-0.0026171601475237782,0.009492279066291687,-0.0025453430059376725,-0.005582504231613106,-0.04197832042349847,0.005838862992434635,-0.00675141105274335,0.009512642658585202,0.0025622794389545955
2021-12-10,0.028013344618367464,0.001692973452543045,-0.002471359590714317,0.025883940942240447,0.028339704775323993,-0.00957684933837366,0.01395756698994477,0.009413405076316828,0.010373408446481935,0.006388580003090505
2021-12-13,-0.020674430192671567,-0.020787429660692136,0.017886464500530108,0.026297316098425005,-0.00916684169817461,-0.06745489808706939,0.014216097053726173,-0.008858429069752205,-0.00018814299199532147,-0.02190127727157043
2021-12-14,-0.008022923450425434,0.0029338930681876985,0.010922953927061219,0.0006923717764195647,-0.03258682913752198,0.006249975794907048,0.0036784520032826507,-0.006880042268747388,0.002760595762145046,-0.001460192015900863
2021-12-15,0.02850905151574845,-0.005678849158266774,0.004991514608512215,0.004498395481091322,0.01921775464839537,0.07488444941527206,0.0038547841350304868,0.015625179997409422,0.03111841905927859,-0.004387271539420756
2021-12-16,-0.03926390269214486,0.009345656216788623,0.010926709819575775,0.01016190978993392,-0.029134865097414253,-0.06802606947672596,0.014163223270569958,-0.008818597942105821,-0.003074468922508844,0.0016318386885707525
2021-12-17,-0.0065019010993432325,-0.02606286052362594,-0.027628279274088396,-0.01568639042795239,-0.003385685906597269,-0.02064330548480653,-0.022655303213954592,-0.010643031611676679,-0.011646391230118347,-0.0218346880304493
2021-12-20,-0.008122015735140153,0.0004400977995109301,-0.0028533718072142333,-0.003291022451115788,-0.01201353278659889,-0.0029493812968316435,0.002540296280656662,-0.010633253605912607,-0.006959242478341676,-0.014492692298241572
2021-12-21,0.019086877344277164,0.016014056354043182,-0.0032190996881716893,0.003997210839813414,0.023069079192661546,0.04891939813789947,-0.0006335468058372706,0.017758888836374886,0.007194016738700126,0.022650272966778795
2021-12-22,0.015318839410722651,0.005715654798377434,0.004305959764084655,0.007096995870993661,0.018057450746885362,0.011177989093864804,0.009888721281179125,0.009998821888113962,0.014203489024048777,0.008099223069453432
2021-12-23,0.0036438995074257186,0.0024111546131750927,0.0019056120372624719,0.0006874484947072546,0.004471680686762625,0.008163340215406878,0.004895729532860216,0.006222054120449183,0.002529623272775172,0.0004918868984551406
2021-12-27,0.02297488076987264,0.020445006751742767,0.008439715529709568,0.007385929736142716,0.02318555266843747,0.04402826474644117,0.011680380065516305,0.014152051644305885,0.008316680066768,0.014257633844928064
2021-12-28,-0.005767182995132125,-0.001936292999164424,0.004008192017822543,0.003921560472405217,-0.0035042330365387953,-0.020132321787215912,0.0053711401184945995,-0.0008171990602449108,0.006886862445665054,-0.0032314873698446878
2021-12-29,0.0005018634673690237,-0.005144926514315529,0.007044041884449959,0.001188769388060118,0.0020514093563837044,-0.010586595982507552,0.008290256613568303,0.0012792058585560095,0.005249336924303849,-0.008753497125980059
2021-12-30,-0.006578204922616515,-0.00440885194167806,0.004429883086151776,-0.0028838262406759574,-0.0076910491252503155,-0.013832789910577126,-0.008648373550421473,-0.0027644942696756214,-0.0022746680858497514,-0.005887198324264764
2021-12-31,-0.003535584001541525,-0.0006810192928495828,-0.007196055130328727,0.007315563418581306,-0.00884143810941973,-0.005914930314721123,0.004976292849335984,-0.002520199261875078,-0.004539830695272529,0.006580069646401121
2022-01-03,0.025004432194369874,0.016276109386143434,0.0027474973206400577,0.0015200359005671515,-0.004667858515111534,0.02414074461232052,-0.004157157131516209,0.00579015968538088,0.0002788922888588008,0.03840498179550966
2022-01-04,-0.012691551948306956,0.01819546037026809,-0.0026815235956179073,0.016694577149211298,-0.017147293286514653,-0.027588705318927098,0.0034992771322059912,-0.0003351263316282438,-0.022656645243231077,0.03761411782198287
2022-01-05,-0.026600092969478517,0.006505802071509192,0.006663484405568854,0.008293236388773773,-0.03838795416158458,-0.05756244252610576,0.004526931635695286,-0.019202058593689952,-0.00246503895540795,0.012437440869484728
2022-01-06,-0.016693201698872562,0.008509191553542905,-0.00342601722476088,-0.005263966838219836,-0.007901793143888725,0.02079404755113523,-0.008404014336556243,-0.0009395399661106252,-0.04092367080445414,0.023520473528584995
2022-01-07,0.00098837462011514,0.014359910375088658,0.01351752056704214,-0.0023150959469290244,0.0005096045674457539,-0.03303996465777981,-0.0005527883193497951,-0.003953410775030308,-0.023528211461635862,0.008196771568870664
2022-01-10,0.00011621787860671695,0.0006396962429355835,-0.004944026334635865,0.0016575906395155382,0.0007326941485650273,0.005615476710546741,-0.013641397543668998,-0.00124435440816828,0.013955408097660715,-0.005952417152101819
2022-01-11,0.01678355539517784,0.022860034349459823,-0.010630345975527367,0.00033092626701836103,0.002259073947020518,0.015218935028592062,-0.011587407594162769,0.009108231234683073,0.008602208999562544,0.04206227911037419
2022-01-12,0.002570459876435338,-0.005001069153719229,-0.008525438461973178,0.001488711588574887,0.01044505936391249,0.006542904372152991,0.002206450613033928,0.0027035183644334992,0.010064101433374217,-0.002943317850284344
2022-01-13,-0.019028066342280936,-0.0041625652842730565,-0.0060662180103540075,0.005946713989031238,-0.04232254553015957,-0.050859224369817935,-0.004528544960936465,-0.013778545781185647,-0.01327799745827718,-0.007168818692487533
2022-01-14,0.005110726361633011,0.017034737638423447,-0.005451598765619847,0.00804580074703809,0.017716428630079717,0.01380999094612112,0.009602554319319223,0.00040907931251199514,0.002695639332419786,0.017556132055739804
2022-01-18,-0.018894150515796793,0.003256803285581533,-0.00440895490551263,-0.007981582524400621,-0.024339017400871632,-0.03856420083882528,-0.01927277113872905,-0.01770989020652536,-0.016428727312342573,0.016836181165756914
2022-01-19,-0.02102487885322757,-0.0036325810886865817,-0.0031118318327795214,0.0016417899558847093,0.0022466805642713528,-0.032274365271037886,0.033625010396867605,-0.010383378806783528,0.003318762497043437,0.0004104504802258102
2022-01-20,-0.01034728563909082,-0.003568429027966835,-0.00798431750839479,-0.004098318513319987,-0.005703174251055154,-0.03658203431067042,0.0053995235501633765,-0.011068199499553844,0.0010379173598278335,0.0021883133182403203
2022-01-21,-0.012764720442821731,-0.011989024494161837,-0.0022996992305365227,-0.004938177595855908,-0.01846815703511151,-0.03213241026551128,0.003826954493564294,-0.01963045430554633,-0.00395238978425172,-0.015012753861571526
2022-01-24,-0.004864458641818725,0.0021274422192207876,-0.011524053315579819,-0.008105912101740831,0.0011484075116188208,-8.570646232475276e-05,-0.00811714763653526,0.004246799571321125,0.0023850774617391046,0.008590445902191712
2022-01-25,-0.011384866647828895,0.04253811438842403,0.028594257243370835,-0.00233507781897635,-0.02658820574079568,-0.04483970126077075,-0.010911433229833123,-0.012209202690860455,-0.011746397895869287,0.02940013430902577
2022-01-26,-0.0005631438607404116,0.0007539931593485427,0.004474080331668517,-0.003677673935678527,0.02849308985055643,0.020068142306203685,-0.008712568239277796,-0.00250858621936334,0.0034805264004627023,-0.010142799589442086
2022-01-27,-0.0029431927537623137,0.020197465952306093,0.013125316319690716,0.0008390199224110884,0.0105490156216701,-0.036360657363069815,0.006196625409330858,-0.004937962454541811,0.006914892503540493,0.012808307504164729
2022-01-28,0.06977772327488285,-0.03516273724317032,0.0070341327123522035,0.019949670336395053,0.0280813358794072,0.04083123662015664,0.008609239118251066,0.024835424286748342,0.009662040078490586,0.0021298194417123106
2022-01-31,0.026125718813948318,0.005512629801778246,0.002910761355735536,0.0027940968421680257,0.008823998233144836,0.07206652041584549,-0.0003113857660372865,0.018010937736217425,0.013968113901683843,0.009032761430508796
2022-02-01,-0.0009724752012125748,0.026345678634438485,-0.008183923793231407,-0.007375593749397558,-0.007138750933029403,0.006207643854514,-0.004425000585232652,0.006756951106217324,-0.00880297951092568,0.06411308958858974
2022-02-02,0.007044034332024829,0.004599922577708027,0.011060067439633725,0.010237628142077071,0.01522193360440327,0.0245150786752657,0.017904077537810315,0.009714242464450296,0.024273649913599593,-0.00259806046329103
2022-02-03,-0.016719652857237866,-0.008935598873441752,-5.752760798094503e-05,0.007028513831508265,-0.038952047931652856,-0.051263750149517895,0.009470802095898456,-0.02350494297084882,0.01873772210226421,-0.011659816675917978
2022-02-04,-0.001679578854132946,0.012518410077362763,-0.006541054484489828,-0.010550352631705784,0.015568280791257605,0.015491714278637714,-0.01590090112211595,0.004702100788767094,-0.011457260303372574,0.021711754821733598
2022-02-07,-0.004234585033543681,0.01964966624554454,-0.003321167241417955,0.01049878912617297,-0.016310048210359862,0.01681832408261652,-0.007490691184525944,-0.003209261362453364,0.0010969753013787553,0.012037906992071301
2022-02-08,0.018466919837200724,-0.015229227096051567,0.002630844591867687,0.006493382976302531,0.011994994287095384,0.015367113938219434,-0.0022454783938763434,0.008227810741425978,0.020074399289871536,-0.02585248410283658
2022-02-09,0.008293728151170798,0.009894430303187596,-0.00011650724625511533,-0.015483775056628346,0.02183483152273591,0.06360513590230066,-0.00225053191466551,0.014636061296953384,0.00950524542966491,-0.004787166055218117
2022-02-10,-0.023598683635748796,-0.012700373511143837,-0.01207082888077804,0.0055702404993456245,-0.02837306261109951,-0.032989926644788836,-0.015225624225339907,-0.017965476444489314,-0.022846844242103148,-0.0096204980802298
2022-02-11,-0.02021861729186214,0.020361562003410105,-0.010093265235395,-0.017758363401582655,-0.02427404076950912,-0.07260692840858851,-0.005599186993378136,-0.019718982696949272,-0.017648699349810837,0.025179164313355207
2022-02-14,0.0014233816901665364,-0.015416857271677187,-0.012581291775820236,0.006468806747008449,-0.00013561696700326031,0.013278092700975686,0.0028793887386588946,-0.003269152757340632,-0.007801296070325203,-0.015334846420748227
2022-02-15,0.02315238848510348,-0.007319590358043637,0.010326198304067224,0.0037902245657805977,0.018542309695157577,0.09181200818839397,0.0005104532398023665,0.016126840949621135,0.008073362549223972,-0.01253451551049467
2022-02-16,-0.0013889247236359425,0.00029786250820174054,-0.0005977817383381323,-0.00016383743750525426,-0.0011671807744766394,0.0006039459777797962,0.007588147428114311,0.001120968968542968,0.003805622756071436,0.004615575544276496
2022-02-17,-0.021269101466578566,-0.005137759604501579,-0.0060999627070627005,0.020032569725290328,-0.029282125108805568,-0.07559130484738774,0.01145546204623149,-0.021361492971105345,-0.020226967101985238,-0.0015312316120009717
2022-02-18,-0.009356007997414761,-0.0014219162141350106,-0.010718819942444946,0.0067610914372386866,-0.009630898388340303,-0.03529627709861982,0.0005002938233564791,-0.006475182166444715,-0.005379170447151638,-0.011121214784566402
2022-02-22,-0.017812302995777962,-0.007645313199916459,-0.013589643983991428,-0.004157246555478,-0.0007296298223917752,-0.010658634841725578,-0.012320251896722811,-0.010731767799916248,-0.011329296801389388,-0.011634050872821544
2022-02-23,-0.02586405210281495,0.023791787898642003,0.000496492571970597,-0.01107897583783679,-0.025893136065273104,-0.04288182752001124,-0.01247393390457019,-0.017738511546967706,-0.006248601693372158,0.00405459482124626
2022-02-24,0.016680105406463364,-0.005164020588045326,-0.019104409257503674,-0.01753536161074032,0.05109369167768274,0.06079431835382265,-0.026929799422837797,0.015049143023701417,-0.008115474025068958,-0.012635158534266444
2022-02-25,0.012965865764759998,0.04100845163687228,0.04970257274764012,0.038671364488255255,0.00923318869596268,0.01722246343958922,0.04269886229112885,0.02206376637488372,0.04356342057331264,0.026912921886658392
2022-02-28,0.0016374685947764256,0.025787122959189945,-0.008614277550654248,-0.009705761067313579,0.0049779610935756224,0.009438241618700216,-0.014850975955185919,-0.002558102816232144,0.00025207222286516284,0.007451177838054379
2022-03-01,-0.011627818061479056,0.039721968136379626,-0.0034635447566705446,-0.00433797093481092,-0.012851946657998714,-0.0372360626152457,-0.01655020102590099,-0.015230428618809966,0.0007986533945794072,0.00956373234318919
2022-03-02,0.020588243160016617,0.029522006850291715,0.012439037795804797,0.007423001950413788,0.017765876097953548,0.031823940531110706,0.0031311301277723302,0.018396096901598824,0.019170728951709792,0.017178259613815028
2022-03-03,-0.001981344793207218,0.013494129291785617,0.014694997068162907,0.0006406495413271429,-0.014224424329607577,-0.020891876993367475,0.0037060605107610556,-0.004978357222851004,0.0024926633735220527,0.006333152246431828
2022-03-04,-0.01840839025070906,0.01555501176531604,0.005935576849009916,0.0016007378859870247,-0.020478448697682672,-0.03280756100211324,0.005053351238188286,-0.008124416072947782,0.024784678498085633,0.03763566475813063
2022-03-07,-0.02371726939919594,0.02136771085007516,0.016108126072102324,-0.02381313390791784,-0.03777702204222244,-0.06906182483748158,-0.01482503131064039,-0.029479421089504187,-0.023623632618040902,0.0360328468090616
2022-03-08,-0.011676294084676409,0.05239444661005033,-0.020266049952746612,-0.03962037895781789,-0.010971147405778425,0.007587415883032467,-0.039584269618792245,-0.007581882326322065,-0.0275433005253225,0.007575809699885694
2022-03-09,0.03499747873758463,-0.024980878112694893,0.003793393804944145,0.005114343150638634,0.04585834165877678,0.06972167439435184,0.013488708915327718,0.02681116389780036,0.025577683066845047,-0.056846522323015125
2022-03-10,-0.027186196648286032,0.02736528240785252,0.00177132865524543,-0.018317552109952895,-0.010086914670029867,-0.015468560551966215,-0.02574451810447842,-0.004515810268431508,0.012088729509523555,0.031042292445635056
2022-03-11,-0.023908822795953077,0.00046822406834734487,-0.0018272177529132794,0.0006912373901855062,-0.0193281776175811,-0.024627304778220838,-0.011866872261615091,-0.012715027898951847,-0.01453090269524493,-0.00515484624426954
2022-03-14,-0.026562106157755894,-0.024458680814389955,0.013817607901370543,0.018441071072689663,-0.012960756730470258,-0.03484145892706725,0.012777591165222812,-0.007308356109775649,0.010458503665006669,-0.03579827752721931
2022-03-15,0.02967725817441802,-0.05062398572085869,0.02591893843146642,0.018448903276877537,0.03874209365449799,0.07702749461736613,0.03598780987299066,0.02199058284238009,0.020474452865703707,-0.0569125410739858
2022-03-16,0.029015383226812075,-0.0036008764669047677,-0.009197342168115186,-0.002683730087547853,0.025213582240668053,0.06629524898982653,-0.003394319616393915,0.022174267429444505,0.0007030010903839035,-0.003755673035443441
2022-03-17,0.006453880225164577,0.017310162152629704,0.01306450094919831,0.010595359471156085,0.0028192516267990797,0.011022128992529856,0.0031383571861383075,0.01251070932413123,0.017581221728206087,0.026647665494734296
2022-03-18,0.02091895053057513,0.008040175291262663,-0.011086249706698137,0.00016639422280406713,0.01764799806552686,0.06811768731707435,-0.0005322306044927005,0.010952722186823527,-0.0017752177391104906,-0.003924890677631243
2022-03-21,0.008537734086856208,0.017993205014415814,0.005662292332833774,0.007986744765675624,-0.00422741274910321,0.010622613932788294,0.003796132796798579,-0.0002923327498801642,0.0030428591572184693,0.04487093725706126
2022-03-22,0.020800573676321266,-0.0033409562375151802,-0.004720386429259094,0.0036314202948521945,0.016379276363380102,-0.007855276403772704,0.007696349073212039,0.011701385905266593,-0.0046094875477413755,-0.004380040467438784
2022-03-23,0.008233680973947832,0.010787112990391146,-0.0037713115592034052,-0.006578899189738641,-0.015029908322872654,-0.03355444030782451,-0.006979111898864132,-0.012878468118684205,-0.004135913168806682,0.015762828483364855
2022-03-24,0.022677964804041828,0.0026527344774256445,0.005162390394355398,0.009602835869338522,0.015392790841682435,0.09815085677832469,0.0017236077747821987,0.01507457071242091,0.020328596592058767,0.003007360456661612
2022-03-25,0.003733875409131393,0.01809973841869894,0.00958674090051348,0.009019034339221133,-0.0013811462567869803,-0.01626994981560992,0.01158348451529978,0.004883699999009616,-0.000837279029501703,0.02182740258106386
2022-03-28,0.00503673681905914,-0.017482645200787572,0.005143512563462238,0.006338557457236771,0.023116562874100577,0.01903072725058297,0.006870416528681034,0.007112707156354814,0.00033126925128712514,-0.028051329320305185
2022-03-29,0.01913449333476902,-0.012203422036905387,-0.0005061076493489969,0.003875996051398767,0.015159473579671179,0.015486004389049235,0.010267737576850067,0.01237094246221715,-0.004812839244058731,-0.005313156686547971
2022-03-30,-0.006649360450141639,0.007059518778722795,0.010408484029609477,0.0008043350362112456,-0.004914517170990229,-0.03371006821844169,-0.006882932557984334,-0.006174685987143436,0.019756033353628855,0.017117789492091084
2022-03-31,-0.01777608017457255,-0.01601415534799422,-0.01314106867307463,-0.00337561720241053,-0.01768314088038969,-0.014590221843803985,-0.010298585323391118,-0.015391293412822304,-0.02083268135915539,-0.014203829269124113
2022-04-01,-0.0017178811222335888,0.008536636695299471,0.005416725419740143,0.014032285852316306,0.0036004977448180764,-0.021036520812446113,0.014987076854971138,0.002834143337436368,0.005137761120892481,0.006417254875005662
2022-04-04,0.023693237206822593,0.0009135204662831242,-0.009652426560746497,-0.005249031444683139,0.017936575064086968,0.024258804699888614,-0.00651219122716451,0.008566565984881258,-0.005013854962200526,0.0004811548905148122
2022-04-05,-0.01894203284566931,-0.006144683066350076,0.006459970528533088,-0.0011191993632618802,-0.012985207541291288,-0.05222936919534704,0.0035042905909763444,-0.012631381651066143,0.015175841980119786,-0.005171014040485589
2022-04-06,-0.018450716791781785,0.00887600492107743,0.026012013352482155,0.010084772345284154,-0.03660580292815918,-0.058771470610280874,0.01429343764163371,-0.00999937273175322,0.02702030327075544,0.011120653372615141
2022-04-07,0.001804096215561879,0.013894920527567578,-0.0025792425968189647,0.005388287522305024,0.006243638715120126,-0.008153362409599074,0.012943853066855748,0.005038852590426135,0.009778822714179736,0.016736570104343595
2022-04-08,-0.011909027644776637,0.016935883928084428,0.001980658426692594,0.006147583989952299,-0.014599888591309451,-0.044985162970251014,0.007805628408687149,-0.0026738041119132028,0.01678029595927688,0.02104631252149991
2022-04-11,-0.02551582157079857,-0.02571629970648437,-0.01251921570765091,-0.00031322159483104794,-0.03943141582769072,-0.05199182020605697,-0.0038100249527389662,-0.017092310454174586,-0.015605698385717681,-0.034430831831770536
2022-04-12,0.011523432779379839,0.020838287119536947,0.00033341041672274585,0.011753453071376985,-0.011217893658650557,-0.018843922512685962,-0.0030096950506173226,-0.0037051935403568104,-0.006940215309359732,0.020870331829266675
2022-04-13,0.016342352832452,0.015738630266142417,0.004224920593527637,0.002633317207658026,0.019711740648182152,0.03250545473243749,0.002829918113902874,0.011453554702182345,0.006164105372936657,0.014135594693459819
2022-04-14,-0.02998808581579049,-0.0004662217791512324,-0.004207145736863982,0.00448013480340026,-0.02708388522184524,-0.04256165000385159,-0.0055813748382634865,-0.01245181469652834,-0.004059344371861506,0.011749795719963929
2022-04-18,-0.0013309513958957853,0.01340417392514004,-0.012451157139646396,-0.00892023895185412,0.0024655544876470703,0.0246966642152866,-0.00952254560718746,0.00041115548206072106,-0.001383614958735846,0.00819764680094659
2022-04-19,0.014115101826512433,-0.011846485389452543,0.03050775603651501,0.009776200712979577,0.017039829703134446,0.01905144143875126,0.014962443742052356,0.016142755464064518,0.00677797461266505,-0.008921603059392824
2022-04-20,-0.0010155457841580784,0.00407380029685811,0.004424255997391269,0.013677831136791552,0.003715133912592483,-0.03225500647651092,0.02659798173458494,-0.0007416385125439406,0.015454622602035784,0.0022789796993121225
2022-04-21,-0.004843613720058038,-0.046079015236936915,-0.0028821206919789066,0.003790114729090188,-0.019380977237478447,-0.06046922309692582,-0.0007803532088646037,-0.014953565931433488,-0.015695638341360563,-0.010573074402262517
2022-04-22,-0.02782108288879248,-0.022056069385565258,-0.009925816041868596,-0.014499356346594938,-0.024144494761346835,-0.03309725834983479,-0.00836351618620057,-0.027439209816182752,-0.03070110601432119,-0.02183135204579545
2022-04-25,0.006737153417313735,-0.021497393242485452,0.024622660640275074,0.010575051903375599,0.024413413763799463,0.01983090476352478,0.008062068109160325,0.005797675814501968,0.006392477914723749,-0.03371315539134323
2022-04-26,-0.03732804598143358,-0.0060956349177644364,-0.007150282879533898,-0.013497296253354385,-0.03740350311319518,-0.05597430121157787,-0.01697945727934591,-0.028960874919262802,-0.020008927651597785,0.00036466568472337535
2022-04-27,-0.0014669387535175549,-0.0018524519428217978,-0.013969787436971637,0.00784004391243287,0.04810870479578955,-0.019853018666680655,-0.0026908837307895173,0.00281193699775395,5.8245509123588945e-05,0.028557386539046936
2022-04-28,0.04515551974968468,0.03552197554183656,0.007468115276216825,0.009609584739868726,0.02263255439404821,0.07423291857811343,0.02541409678900397,0.025259406015473385,0.020649623709049436,0.030245699048139674
2022-04-29,-0.036604761245215944,-0.0316457903299574,-0.016352198067306034,-0.02387079600058728,-0.0418123091801994,-0.062430244382197686,-0.017502122625386196,-0.03695551834897293,-0.030261792476868443,-0.022362372453079926
2022-05-02,0.0019666643957905183,0.019658954841953458,-0.010085610503582365,-0.0181086449112432,0.02504362570320029,0.05316183051450962,-0.013516080242185757,0.006019259999635818,-0.014551203224289933,0.013607343500608104
2022-05-03,0.009622378770688611,0.017152168400843992,-0.0019591008512430674,-0.005674488494028629,-0.0094562997191463,0.003532474960591392,-0.013701159990769263,0.0045839901402320304,-0.003053021100429376,0.020599278254549214
2022-05-04,0.04100843233910689,0.0313862549154571,0.010712877464328585,0.030912926153992215,0.02910085797664741,0.03734328875897108,0.007362159715335492,0.030452972089402452,0.0160121176708945,0.03980038286571963
2022-05-05,-0.05571640834606739,-0.007935939312745166,-0.019089904484483444,-0.007996276930483104,-0.04355486758303706,-0.0732762197399408,-0.018429179053003897,-0.035542721152925894,-0.0254126776621314,-0.01515812617390977
2022-05-06,0.00472739898794039,0.02664494564160491,-0.002206441573029294,0.0035653859702695634,-0.00944634307289638,-0.008968605768239768,0.009970048117788233,-0.005968866661530514,0.009904609948919951,0.015280841452131266
2022-05-09,-0.03318953829223348,-0.06702219333070736,0.0054430405352121625,-0.0020080905872272847,-0.03694545708970132,-0.09236946145558045,-0.002500103861232672,-0.03201727484467476,-0.026420004062644886,-0.0788525500490117
2022-05-10,0.01611242822022607,0.009607778790917232,-0.0013531019828940671,-0.009286419379403887,0.018595287465196453,0.038053187037228486,-0.005269646311159892,0.0023103598252860458,0.0032688565310319273,0.006630234315175398
2022-05-11,-0.05184140788810132,0.014802745345609436,-0.005421006597645661,0.004686597588364316,-0.03320952413464073,-0.054845285545433,-0.014083495227786402,-0.015886192178989456,-0.0038115843986349374,0.02081838162153038
2022-05-12,-0.026894043869561735,0.009499892161289436,0.009878829606017048,0.0031100479594561303,-0.019957736116279046,-0.0273600469162818,-0.004062448452467615,-0.0010438054153735221,-0.015118647725741674,0.004539734483882896
2022-05-13,0.03191619567952886,0.01918515435503898,-0.00573414508109904,0.01875689069287989,0.02259640608096891,0.09465231129359686,0.010724327488096819,0.023908003653469123,0.01378428257575992,0.02966413886882746
2022-05-16,-0.010672106215521837,0.030618980790667383,0.006954709068857534,0.003651815725743912,0.0014552606774511645,-0.024963302448974045,0.009764109514611041,-0.004057523925241502,0.00786998075633294,0.02351976439484682
2022-05-17,0.02542263124532851,0.00589551769240626,0.00415554154147868,-0.002728814446843697,0.020344345845235035,0.05288463722725001,-0.0028363247028302396,0.020570209232098957,0.006765812619477174,0.012754837965070598
2022-05-18,-0.05641929216370967,-0.02635994789191798,-0.018566022242023306,-0.0696261280884285,-0.04552984487489975,-0.06816280222573257,-0.06232214967565741,-0.0403116044030114,-0.042941645862300204,-0.015851027922980876
2022-05-19,-0.02464152862896518,-0.007140540518042471,-0.008889128945695046,-0.019607837597338862,-0.0036996371805716466,0.01098099319681034,-0.023028332595266376,-0.0061245732556340915,0.015210690893946666,0.005405546407488915
2022-05-20,0.0017472346029059338,0.0057535801194656955,0.01747745475021989,0.016333398271342503,-0.0022912978590650113,-0.025111158777186393,0.000635323900545659,0.00043635823849097477,0.015003751661841758,0.00789986363963191
2022-05-23,0.04011958394723414,0.023239089353193965,0.020415155026280996,0.030829589816405267,0.03203213460496457,0.012220293716092678,0.022991857115758796,0.018709910579768785,0.013073011101792487,0.022098986742697724
2022-05-24,-0.019216054832286722,0.005357616039989077,0.010922592081411775,0.018453790668659042,-0.003951628820134556,-0.04402885761106756,0.017786810601326142,-0.007633513787661639,0.01113628006809031,0.005431642033173478
2022-05-25,0.0011398803652362677,0.01604506189590249,-0.009812293938900707,0.0007809663523421495,0.011170357134092423,0.05082295756915722,-0.016392103657346113,0.008834969236569679,0.001065289621512644,0.0201273199585017
2022-05-26,0.0231993249365412,0.006726920504157574,-0.0008907602619291355,0.0035898712289637036,0.012874671714224073,0.051605653472585944,0.00874577630436435,0.019981304803630584,0.008311743850599296,0.003530564092899091
2022-05-27,0.04075689379174707,0.009570122002931836,0.009082728578312826,0.005909861287305862,0.02760469150813294,0.05377839015696084,0.015292078014770727,0.024549127212522226,0.009716626957559704,0.009830304786850652
2022-05-31,-0.005346159038999931,-0.020304886170705472,-0.008614389607127682,-0.020099131584436547,-0.005013831498137611,-0.007389505480474456,-0.005648185864902233,-0.005611034606480048,-0.020370263740289052,-0.01629254170123884
2022-06-01,-0.0008736281324572825,0.009504071721279095,-0.010137512736635323,-0.004891008288680498,0.002022878153264074,-0.018851703701244782,-0.015147422658059573,-0.008088310544895227,-0.00851464328298368,0.019166342713331286
2022-06-02,0.016811374674261748,-0.0018149278168967387,-0.003151409606060751,0.010464704403508884,0.007928827656602966,0.06943248354094389,0.010780177523489032,0.01904335323929862,-0.0005890720634615931,-0.001737274044011028
2022-06-03,-0.03855544863837057,0.009091036938088992,-0.0041208140550809125,-0.011925368450019569,-0.016607204929216857,-0.04450824743234405,-0.008966761370910237,-0.016411620360210044,-0.013508988409338896,0.014538630448468703
2022-06-06,0.005227657430892263,-0.004335764039425705,-0.00011337681385914511,-0.001588114472752089,-0.0047033278754763375,0.0035256505898360047,-0.003907161028178896,0.0030450245906428197,0.009410717424438442,-0.002522933012874762
2022-06-07,0.01758555290007191,0.01905787205521614,0.010997827151039807,0.0060441454676369855,0.013953669058432538,0.007452600467131809,0.011148021592338075,0.009592196592133506,0.014117374969778052,0.045831694265392686
2022-06-08,-0.005043087933128354,0.005161031796287574,-0.005943798223322916,-0.005691739412103769,-0.007669767778340497,-0.014480681104186433,-0.012454264663773418,-0.010872276282665183,-0.007181644321900049,0.011802236193625637
2022-06-09,-0.0359557263737148,-0.019930338775358658,-0.02013755791188865,-0.017331810788653756,-0.02078334905885415,-0.03217453637506129,-0.018055365218582975,-0.023782962568891897,-0.008307581681938458,-0.021608124969340614
2022-06-10,-0.03862891410760305,-0.011942590936935171,-0.006677949880526612,-0.006310513909193238,-0.044563596978416165,-0.0595083421681456,-0.003789552001473795,-0.028995551828363886,-0.009807201659808862,-0.018274236159661283
2022-06-13,-0.03828471770168196,-0.046008967014125046,-0.010083919688708032,-0.0011400749946344213,-0.042412711458102215,-0.07817833675469821,-0.026770087447814728,-0.03796829440501992,-0.03080712641037886,-0.04588874527641529
2022-06-14,0.006672762248809416,0.0013147601929286434,-0.015338662074615872,-0.02742192379685604,0.00920509048625684,0.01207885881890225,-0.03119788331492024,-0.003013209856137289,-0.016925674237563637,0.00260821459695304
2022-06-15,0.020111403695948438,-0.01963599010204109,0.01070209833785496,0.0074286418594089465,0.029735365196416064,0.043634820968913246,-0.009937427871169469,0.01425635458805452,0.005587474773226964,-0.01259120575000272
2022-06-16,-0.03965140525489541,-0.053451790672712884,0.0005294942181770512,-0.010055243023703642,-0.026970251125947975,-0.056029463536166,0.006112990642471505,-0.0330959776872618,-0.014242979712786985,-0.03688480044756326
2022-06-17,0.011533083010456524,-0.04566499280231795,-0.0036449916479639466,0.006094383162762451,0.010940108036254781,0.01788336121200884,-0.0072009588827038895,0.0021555270578039742,-0.008835993069605808,-0.057665016066806185
2022-06-21,0.03276088574821068,0.04185180923167975,0.020948290785244073,0.021369612850032915,0.024591141607940736,0.04319907788393884,0.030296076094441737,0.025173684670422025,0.06251367250453521,0.062238862436698295
2022-06-22,-0.003827292632372914,-0.04346965010430259,0.015779779136542604,0.007413694384742042,-0.002403847199697662,-0.012435187337156539,0.015619364259733093,-0.001812929316442835,0.019487055299384215,-0.039571605833338075
2022-06-23,0.021573672067856764,-0.03678914918595744,0.022305595970775638,0.011937838903885112,0.022636319927817672,-0.008251726406787174,0.027437359726349753,0.009802662892222314,0.020687027959241044,-0.030161747529175775
2022-06-24,0.024517250668301793,0.016429144752367453,0.014638845317681781,0.018745987718882473,0.034150167498707695,0.05553162540424861,0.014405686407535034,0.03179378563428137,-0.008343098093710921,0.01983358568414162
2022-06-27,0.0,0.01934126428142724,-0.0009325762496399381,-0.002062495625834493,-0.010497223052557847,-0.015006424991104605,-0.007620035587104557,-0.0038196044084904957,0.020216122685187576,0.02451092664052723
2022-06-28,-0.02978970088556021,0.016059991657494388,-0.028442998204287973,-0.01001410744182396,-0.03174888858855662,-0.05258171764688013,-0.016265507641995636,-0.02043295539296175,0.005497913177820557,0.027743475150196595
2022-06-29,0.013023991360374243,-0.019741248724638005,0.00028280263802016314,0.007225406837864101,0.014738040437807465,-0.027530966622975384,0.009083006036336272,-0.0008144776403051779,0.014298495117142318,-0.03693993396192674
2022-06-30,-0.01802780856463726,-0.01496794265957635,0.0029379163434997135,0.0028692657360287477,-0.013179230247682416,-0.024642980623312605,0.011181591036592664,-0.008124328809650416,-0.004033213287660931,-0.02814345447162192
2022-07-01,0.016164499123666465,0.011948992261948455,0.011323341289151134,0.02336681920677819,0.010707368146213758,-0.0419552776403026,0.0161345648972957,0.010576707348804781,0.007339826074221456,0.022302672253338596
2022-07-05,0.018930419214541416,-0.02627811491053933,-0.007687146932739308,-0.01708602717319818,0.012597275058944701,0.030365578675579208,-0.009650359200811032,0.0018885553075462802,-0.023502165760898586,-0.03129658059791396
2022-07-06,0.009607015420396214,-0.013177985626072863,0.0008982569258983997,0.002054402359561669,0.012782914019121794,0.01109331055134355,0.009329510254340256,0.003377213166984472,0.019891673407498534,-0.018040026898049177
2022-07-07,0.02399978828328786,0.01946289208377827,0.001121525343620311,-0.007885358272319842,0.008226585121198449,0.04811633629416057,-0.0003422699939218399,0.014977040206016534,-0.0017659768942159815,0.03194025012360746
2022-07-08,0.0047146227541357,-0.005225423600666579,-0.001232516484560242,0.0036561735561226882,-0.0027567206376581943,-0.001261105227990389,-0.006712120482907258,-0.0008223409919355662,0.008262345694201922,0.001629172978959037
2022-07-11,-0.014758153520703088,-0.008825744682414705,0.00039296701430457937,-0.0031675223735156965,-0.011768600912003935,-0.04331351129930816,0.007033379297367803,-0.011423679139688003,-0.003239478493597847,-0.005111596655521411
2022-07-12,0.006833838292078731,-0.01830246198684593,-0.014017487316404953,-0.004289947627085455,-0.0409816385178714,-0.004619908423591834,-0.008832944248572061,-0.008848881277488618,-0.004893993990193302,-0.013311443915039245
2022-07-13,-0.0025364514181355213,-0.006694370194888832,-0.0023315632526855756,-0.004627284425927081,-0.003745032879546084,0.00543699672541198,0.006563063532769142,-0.0052516163501595825,-0.025620990688702605,0.004023486238683649
2022-07-14,0.020482290038393414,-0.014856220013680144,0.0013677309400319526,-0.003206044665976626,0.005381435740970941,0.0137165726415871,-0.0029514578017270088,-0.002428486857905421,0.00237417751215685,-0.020037841828889347
2022-07-15,0.011449944326497485,0.012579171902683317,0.014515070451792456,0.00514628075266832,0.010390503395585782,0.02537090296224065,-0.0013766654617224372,0.01910512332918346,0.054375713528817204,0.01683925303147804
2022-07-18,-0.02064301058907747,0.01402088901443932,-0.022442780642611626,-0.013599957095847603,-0.009621598695872757,0.02150729372959903,-0.012132085784115731,-0.00825700850126787,-0.019594365054570573,0.018452794909380232
2022-07-19,0.026721757108513877,0.03603688979096886,-0.014578367880549448,0.014274077577017152,0.020767052986109258,0.055338386914335125,0.00509380130009629,0.027019169902670948,0.02710985533476795,0.02520322764435101
2022-07-20,0.01350999068052583,0.013207531958857599,-0.005708115302572647,-0.01647208110155851,0.010557509648407182,0.047963662469701296,-0.01728670814643052,0.006373034248616349,-0.026206707496176262,0.010989206519167904
2022-07-21,0.015094300859192611,-0.007643956748021208,0.0035148725515117274,-0.002276462365899179,0.009798930023251273,0.013646398140352067,0.0009457118731963643,0.010183235110745592,0.005755913375551147,-0.016696671127899188
2022-07-22,-0.008110882391103247,-0.008321826980430602,0.004728128133891785,0.0037483906666464506,-0.01691581951997001,-0.040498775113251284,0.01598330744682741,-0.00927804615538752,-0.00200987102152983,-0.007635280494759367
2022-07-25,-0.007397992244825735,0.029752438974558704,0.001975457957021254,0.009741781911075886,-0.005876320569969118,-0.017033344214977708,0.006782306147593564,0.0012149553424465331,0.015458181961025996,0.033302604656196166
2022-07-26,-0.0088267664650854,-0.007812183856478971,0.007074093937366133,0.01640147956645399,-0.026774440928985954,-0.028841559384713666,0.0019445854346031854,-0.011831073675958925,0.004004150815273277,-0.003889674476012517
2022-07-27,0.03423490095576476,0.01316825598267135,-0.0027638723596001835,-0.0031640821106501127,0.06685180945268754,0.07602994196589452,0.009496045614469928,0.02596643374290597,0.005680774535702593,0.021644532359273994
2022-07-28,0.0035717625559679167,0.007570625576223344,0.005773836578751634,0.016663936477988583,0.028540996565207255,0.01090497181995298,0.016616299084540875,0.012542073162508105,0.01286915643244435,0.011685092530804742
2022-07-29,0.0327931399225474,0.08903538116415444,0.0018368519591693833,0.0017171175177677078,0.01566491950157345,0.00995300069384375,-0.061799209121743304,0.014579278523523254,0.0015699684190937369,0.0463080759440615
2022-08-01,-0.006153533471230044,-0.01996587866062738,-0.0034952477583117814,0.005454257134271501,-0.009724158417799389,0.015306103644617819,0.028723538375238,-0.0029613978967096832,-0.012833277957121525,-0.025275732605109957
2022-08-02,-0.009287402660320021,-0.008535166791258653,-0.005692560381906686,-0.013639201567607229,-0.01147450126587446,0.004608972675568923,-0.006647780802230274,-0.006597330532717827,0.00014946680756100506,-0.004339623042291074
2022-08-03,0.0382478647236284,-0.023752858023716628,0.009657590207525546,0.004399825603920604,0.027836451764550407,0.0198103130827314,0.0206410881821395,0.0156592654914538,0.009692523834673672,-0.03242277321673215
2022-08-04,-0.0019265001136955506,-0.0271626696245425,-0.016037656639465325,-0.003911087190252793,0.004177449188847326,0.017043414878593177,-0.0015879597167941517,-0.0006755788911775307,-0.012762477342447953,-0.04207839378228906
2022-08-05,-0.001388758639962795,0.01654094259176131,-0.00395800734142826,-0.004554809684760852,-0.0026090652200697617,-0.011761738446298242,0.000483811185714611,-0.001689972418337904,0.002454331455227221,0.01445094225347443
2022-08-08,-0.002903020666232048,-0.00149705107554432,-0.005318530347408812,-0.006468967651437452,-0.009154556714023543,-0.06298399035791391,0.0038007062335094766,-0.0011609467781820149,0.002878250489698253,0.005652951791230931
2022-08-09,0.00030319591688621195,0.013037114113183756,-0.00011731897762246035,0.0012704295326340098,0.007063335982056218,-0.03973469142931585,-0.002340260292281182,-0.003970983600320999,0.0012298994097414973,0.01843727533028572
2022-08-10,0.026194652532619767,0.0026381265666004516,0.002879180482110888,0.009516336128566394,0.02430012884806798,0.05917140620538075,0.009452917514087389,0.021003879122643898,0.0008560903022896138,0.009493374306485558
2022-08-11,-0.004431790524561108,0.02438718098649595,-0.02068318777077871,-0.006755673353675773,-0.007400657361104845,-0.008564780466069344,-0.007108833747501819,0.0,-0.00903805909172839,0.02892780252816518
2022-08-12,0.021425574562707883,0.0014407406903846898,-0.011008572719551024,0.007592569272300231,0.0170371213701348,0.04274846723081582,0.009706745692478425,0.016928922151993486,0.020343289383572216,0.008691998554130942
2022-08-15,0.006333640620920233,-0.019017525111891698,0.004779030199782763,0.012558770384395457,0.005344606246024286,0.017264811415058423,0.012886225436275378,0.004120883159028699,0.0017288459005773138,-0.017872392142391558
2022-08-16,-0.0009238688619576108,-0.0025509786834351234,0.008910870263651338,0.008217079084295698,-0.0025899017369979127,-0.00803939370246698,0.009221824638989906,0.0019586367389836656,0.0027173379939036124,-0.009315135581253187
2022-08-17,0.00878460076284715,0.008247353168629346,5.968233464215267e-05,-0.0023066632612183113,-0.002636496932096888,-0.028815184928944082,-0.004602403303983538,-0.007097801311162111,-0.0020509018327301565,0.008090508781670058
2022-08-18,-0.002291587450143684,0.017532594115601263,-0.004833367464686322,0.005240573361312784,-0.003947426706930379,0.023888806884476255,0.0035516137588245122,0.0029062002258317676,0.00040368794149969744,0.023644463539796545
2022-08-19,-0.015101790104922852,-0.008363648069331542,0.015230387333641016,-0.0007666916154562831,-0.013854259747737352,-0.04921933391528743,-0.00026723858590282923,-0.013437946500116427,0.005685892174755791,-0.0031786749331503827
2022-08-22,-0.023029614851513447,-0.005009655803000612,-0.00350823213218987,-0.014884215549340718,-0.029354917124883917,-0.045660841974644484,-0.002671289477740535,-0.020822560978771887,-0.006839189029812398,-0.0007441110422000685
2022-08-23,-0.0020290877026896137,0.03244106829830962,-0.008711375213775074,0.0010903283198508973,-0.0047164075796590765,0.008629689788836714,-0.019286410855030134,-0.002419224756112892,-0.016104424018186014,0.04244242081900307
2022-08-24,0.0017940609166497978,0.007407673182834085,-0.003310896849103351,0.00140039066164932,-0.0023513892290387695,0.0023864353133202787,-0.004301823001487404,0.003201158385081504,0.0012318584513890674,0.005918468376078012
2022-08-25,0.014922620186388569,0.00876280659448736,0.009360789677232084,0.004816659395876721,0.011095220960026131,0.04012331453970108,-0.0008229681796483312,0.01411771353138036,0.009525228984048395,0.005173327283539919
2022-08-26,-0.03769924632771704,-0.007350223645422038,-0.017112233280386913,-0.024122414797838276,-0.03858688904289875,-0.09227956474206112,-0.023404246905861292,-0.03384922756304454,-0.02274861089442437,-0.012311967479019637
2022-08-29,-0.013689915082589543,0.007465995945259429,-0.007730853307845509,-0.006021288930674107,-0.010668144704125249,-0.02822896250724294,-0.004216745368290753,-0.006612095807118079,0.0009826627944073962,0.022989669848926253
2022-08-30,-0.015305698363000775,-0.0243576044584064,-0.0034973055343878734,-0.009245989558357648,-0.008521035551851797,-0.021074551054892643,-0.010656974068992353,-0.010977942246522931,-0.013081116538097626,-0.038054480336979224
2022-08-31,-0.010635040898661297,-0.01593831386737321,-0.006710322072419728,-0.007079690750887657,-0.005703818326653787,-0.024178908129843357,-0.015979202177986207,-0.007608962009519438,-0.00671352244121548,-0.0074757278417294515
2022-09-01,0.004706849365990529,-0.01594344115416213,0.024792488323498008,0.004699547293102402,-0.004092316920549566,-0.0766530608003807,0.012324014491903679,0.0031378789740192925,0.008992450856244671,-0.01799349675343931
2022-09-02,-0.013611195654430697,0.014851606776670634,-0.015725125890000746,-0.013709633652937758,-0.01666679055951037,-0.02080784336382735,-0.0177598343836044,-0.010544474059049125,-0.014599261444476652,0.018323195105075074
2022-09-06,-0.00821508521446268,-0.004624546919389627,0.002703369412404122,0.0004903797969419976,-0.010973783123721326,-0.013336230726489817,-0.011154967350170075,-0.0037732903540033114,0.002575685801096572,-0.006695353418760819
2022-09-07,0.009254085615128416,-0.01279304961650718,0.00545418742135384,0.018470196722905285,0.019111587227796267,0.01879504576247104,0.015114410038326032,0.01796506200299408,0.007726956892954329,-0.00853079197061457
2022-09-08,-0.009618017070946339,0.005415556282824419,0.008045300355598917,-0.003049367210844145,0.0016660594428887787,0.020125313872008332,0.0013074979564766664,0.006536220669297599,0.011175179890549725,0.008179545738068894
2022-09-09,0.01883978574392886,0.025777492793457757,0.0019350528226016461,0.0032196709305900573,0.022976912903301727,0.0283775148358425,0.015232769611012387,0.0155352405886926,-0.0028902780643818016,0.016752550450178427
2022-09-12,0.03850813532818065,0.01581563759598037,-0.00042272550989341795,0.00288834903316304,0.008280975464847629,0.008201843524247687,0.008145357415656251,0.010747790978189897,0.013178243310089321,0.011502521390085008
2022-09-13,-0.05867956382314887,-0.019015615665148422,-0.02602032076642824,-0.03248005022148037,-0.05497848757945445,-0.09472611180837531,-0.02069457980743228,-0.04348244680584379,-0.032545715108858175,-0.02335829326579375
2022-09-14,0.009555356108853497,0.024214607438634017,0.02064106109864161,0.005292023333931306,0.0009128062102299328,-0.0002283977717930652,0.002388047731278098,0.003815730151196739,-0.008152428288193514,0.024546424663127286
2022-09-15,-0.018929830941975867,-0.016230798640685773,0.0025508744069362432,-0.013587438636924132,-0.027119176862571925,-0.015158313193155748,-0.007724819145484063,-0.011353256256345423,0.025776269592018952,-0.029077315333844722
2022-09-16,-0.010960328917999806,-0.025962089099855423,0.015265170523808047,0.00016790961052048914,-0.002608172423240851,0.02080589349344142,0.006111590952396773,-0.007628852418214316,-0.0036140661462540358,-0.017083442382851644
2022-09-19,0.025082910743132292,0.002876471679551962,-0.007875951355630129,0.007557812643904205,-0.0008990142865529238,0.013941361226052162,-0.002097121856951878,0.007754857554990391,0.004855796158086845,-0.00010726727937271363
2022-09-20,0.015665659209579186,-0.003951550067505583,-0.007878321261104326,-0.0015000962729273537,-0.008465649806120523,-0.015393840206347598,-0.003551238362215825,-0.011478491835328342,-0.0014328915657899621,-0.00815439318222444
2022-09-21,-0.02026758209229651,-0.00812654818744074,-0.010244233861250951,-0.008347178909598796,-0.01443590568611719,0.006451224829357338,-0.01287261131778994,-0.01744379450404354,-0.02050476933607681,-0.016118853077005668
2022-09-22,-0.00637534427364661,-0.0007743300806424269,0.017760961597684366,-0.002357026881009361,0.0084955032290841,-0.052786398812641466,0.0035366489831094583,-0.008399868042125558,0.010506240978634507,-0.004178015062783813
2022-09-23,-0.01512372728260769,-0.06533654780732523,0.0032493023463395776,-0.011137200800205194,-0.01269814297471239,-0.003582497374149507,-0.004625162596326171,-0.016754754058864285,-0.007440304467640879,-0.05321839509274384
2022-09-26,0.002260178423283188,-0.0263174711703954,-0.006118100989938036,-0.012457528179490751,-0.0019753126597215065,-0.02301067766634779,0.0009587391586454164,-0.009892820659883284,-0.010221680314887127,-0.020641184817311142
2022-09-27,0.00656637598582499,0.00042556601383147985,-0.00458640909299024,-0.025747382823808285,-0.004379898265206239,0.015129294215938671,-0.027485063469834925,-0.0025526142249541195,1.9663200957698024e-05,0.020957372150408604
2022-09-28,-0.012651527659367057,0.033754140965273516,0.008609179728551464,0.010642063587427364,0.01971153958167804,0.026021207668575075,0.0,0.019676330230869343,0.010956635887163335,0.036388934383889904
2022-09-29,-0.049119090792154374,-0.006928361835937258,-0.011000173317225248,-0.007195375924481273,-0.014809043446471826,-0.0405151074401604,-0.024852343438851565,-0.020889084950364567,-0.009942883532516489,-0.00202571953888675
2022-09-30,-0.030039502407126828,-0.007598186831761611,-0.007111222955413554,-0.009722465435748728,-0.019368481149494854,-0.006628503386032936,-0.01903657811632864,-0.015463547614675055,-0.007448497148055511,-0.015448839283347726
2022-10-03,0.030752638684753864,0.056100689310049745,-0.0009795494197625265,0.011246045881202038,0.03366265904315435,0.03072733780964998,0.017901008384638484,0.02640148989806268,0.02073101549094436,0.05280033921250871
2022-10-04,0.025623052356136933,0.03888503422167444,0.01482845298534885,0.002294698907073567,0.03381229348487924,0.052349804154333546,0.012372588675328311,0.030986497881881903,0.014859210181921378,0.0364447641710941
2022-10-05,0.0020532109201585325,0.0057094254908922615,-0.003079110935090834,-0.009510390374814603,0.001285778539411364,0.0031899152991192725,-0.006917600497907239,-0.0023281988430771117,0.00745456943030165,0.04041154800180902
2022-10-06,-0.006625526623938338,0.018229811056620138,-0.019381177512728054,-0.021514916361689895,-0.009670930819355328,-0.005980863754730836,-0.021052713032500114,-0.0103159016368074,-0.015064581457152393,0.029660925332431365
2022-10-07,-0.03671860696498275,-0.008611143196317061,-0.010561291611797863,-0.009449393309385101,-0.05085290604568793,-0.08027412730594996,-0.01747316221746109,-0.02789392202918617,-0.02750744121320048,-0.010092079322270187
2022-10-10,0.002355325245252171,-0.01805894296639854,0.0013107331674742095,-0.0022015697068510365,-0.021303016599328317,-0.03362037427821163,-0.004103940960083818,-0.007635486221816534,-0.011865015245931088,-0.021676730480088113
2022-10-11,-0.010254708990351524,0.0001909302908758015,0.014463136377682373,0.0016549379876107384,-0.016750236850644584,-0.007197973560270299,0.0037976552749330317,-0.006332720200244668,0.001904431541506879,-0.008498607841933792
2022-10-12,-0.004605230415300587,0.0029905194291595105,-0.00024586151411176704,0.012114439858291748,0.001508322899789194,-0.007422784842715302,0.0016099415630634883,-0.0032986608718502675,0.00030012469240014994,0.00438783912502827
2022-10-13,0.03361337267636677,0.04846480261989572,0.015120542023747463,0.013238845289569756,0.03760806095757219,0.03999996009580986,0.015108962464890574,0.02639128843163774,0.019901664415478137,0.03494874626367217
2022-10-14,-0.0322402371560665,-0.031098651323189896,-0.004177729857028134,-0.015929713209033802,-0.024248675296757782,-0.06128754647095691,-0.00973810019543675,-0.02278871907767177,0.006314746348025979,-0.026308107883881493
2022-10-17,0.029122786050249205,0.007306007330536435,0.01295109609350864,0.012913762249389782,0.039245689339094,0.05887564942576806,0.018068522404744325,0.025696854115355272,0.017052196844671075,0.014416795752622003
2022-10-18,0.009409489843241081,0.008741193631140565,-0.003481368947708452,0.013467455758925384,0.0040837901134089805,0.006645703204698039,0.008088644679285828,0.011749662653353088,0.0006323894026607491,0.001788791078511931
2022-10-19,0.0007649025430469525,0.032448102730078476,-0.007951282792201808,-0.008504539249510001,-0.008469696739749288,0.00701925209358456,0.009269974646369805,-0.007086456287198617,-0.003619161100460455,0.029662788957143693
2022-10-20,-0.0032670971294211926,0.005714181124835571,0.0025503063445622143,-0.015725392508571523,-0.0013955241540806185,0.01186610234705654,-0.012880226663633976,-0.008385167097763935,0.0010761434646313628,0.001348909107954821
2022-10-21,0.027059298067343196,0.02503573294699213,0.021803322449306828,0.01597663130683613,0.025280491164589858,0.022306245121415325,0.012520890509582383,0.02430125000219352,0.024669511611271178,0.01857009688569078
2022-10-24,0.01480268973245269,-0.0003463698032855067,0.013455265034883368,0.02877062493999305,0.021187791322868188,0.010668801556901197,0.006144032628592422,0.012236613882650849,0.014745323374167008,0.006990458680636413
2022-10-25,0.019337598081653695,0.010396747779847226,-0.001578892387589681,0.023970772780034677,0.01379170446934963,0.05254391920322021,0.011517214206020698,0.0159684910604021,-0.0025478911866201326,-0.006754344493213771
2022-10-26,-0.019627119121368497,0.0123475179783894,0.008786525407852963,0.007463964897703734,-0.07715609217105313,-0.02752424537638054,0.0070304411150654555,-0.007534187468909326,0.005460973107005218,0.011900299184716134
2022-10-27,-0.03046526960721818,0.004574169821399243,0.0005806202244900138,0.002357280267624162,-0.01975626196871949,0.02171197788777013,0.0007588031313812138,-0.005339985661561686,-0.00252230374068807,0.0038267144578489898
2022-10-28,0.07555237672300219,0.011691580463490947,0.014856950491804355,0.020661828684529926,0.04022059446126347,0.04993948938312398,0.02532593077787304,0.023790668979456253,0.01742330326434227,0.029288708644144013
2022-10-31,-0.015410266597961408,0.005111924512232635,-0.005146580812174784,-0.0149770491692921,-0.015856107999998925,-0.024360235931389473,-0.004067246030277416,-0.007223104241116496,0.007093046125073776,0.0009937501468573195
2022-11-01,-0.017542853099790867,0.007296838822542728,-0.005058314548315734,-0.003508744203171821,-0.017059561824335545,0.003408005146468218,0.0015592530203498711,-0.004375987401114778,-0.014122426319482684,0.009926934003681387
2022-11-02,-0.0373048291658713,-0.020414925536190176,-0.01536796132629803,-0.013916866861428345,-0.03536838216676663,-0.023923679046850888,-0.014383234186541749,-0.025096309877285505,-0.0070890681820032775,-0.02055222507471377
2022-11-03,-0.042405160833413946,0.014733934720727149,0.0017019637159940704,-0.0005101857476039751,-0.026578853664221636,0.015280910870646869,-0.00684500922160336,-0.010296682536446,0.0003312773791586121,0.01359365855800676
2022-11-04,-0.001947415091862581,0.012642882411154854,0.00445144497341432,0.008166123915918089,0.033325635405882625,0.05476492408612921,0.01825338178455671,0.014392940133537424,-0.010007316677321798,0.010891116063268313
2022-11-07,0.0039025419732681144,0.01193975584414475,0.00874737196924591,0.0038813145867198084,0.02926942622171813,0.010243099453878024,0.015322967461550485,0.009565782335365203,0.01272863187029838,0.011842075902732896
2022-11-08,0.0041748945134010285,-0.0014545108413678287,0.004971815104885202,0.0018487489449352523,0.004388547509839302,0.021047472783739973,0.002270789909345261,0.005395321472503545,0.014733019162179284,0.0031680708706147698
2022-11-09,-0.033189995168913966,-0.03998073554948034,-0.00799600371056064,-0.013925781021012829,-0.01905013047469417,-0.05656762380009128,-0.0024119982523712613,-0.020601965570000824,-0.022402996753264404,-0.04473695481368001
2022-11-10,0.08897477014159749,0.018940127253137096,0.011713627214676947,0.035902452406511465,0.08226803260871307,0.14329256084418374,0.034437373399714755,0.05495388665124046,0.006492309091184589,0.014692382846597685
2022-11-11,0.019268460135506427,0.028461108605713603,-0.02991912945089048,0.0072273452864577425,0.016997353370762136,0.036634950283900736,-0.0014874729180653912,0.009678724353147095,-0.04059383328639643,0.03122167515268326
2022-11-14,-0.009485532663135787,0.00048262672478527335,0.01571623280379031,-0.009621580667705354,-0.022500151572352967,-0.001959857297561096,7.089777591051671e-05,-0.008506706218896154,-0.015955403940705493,0.0029193516498793315
2022-11-15,0.011869499241274672,0.008040914778155939,0.002792395027914063,-0.0016465493079041993,0.001738836062009863,0.022767606116389283,-0.0034758930039836544,0.008528974624218977,-0.020905325201071134,0.006703773153178938
2022-11-16,-0.008331231236914927,-0.016272358531208897,0.006206780182825833,-0.0018145497926349563,0.0018234899217985934,-0.045361666996130534,0.008897533213648723,-0.007628750348996016,0.01691807240125498,-0.01068961354952136
2022-11-17,0.012971450294184672,0.0028327779008157083,0.008070987740583346,0.0031395743006183974,-0.0002068361221044812,-0.014644925088637906,-0.006138160607842669,-0.0030598289434083936,0.007409519860293923,0.0013285265040581251
2022-11-18,0.0037818370511308874,-0.005975402805786345,0.0076632564296776895,0.007082937099745612,-0.0019032730049058921,-0.017095130433276484,0.012068348129322448,0.004540435526897424,0.02850704901124579,-0.008667942881367297
2022-11-21,-0.02168025099205373,-0.00956344631443462,0.005140846647723851,0.015374496687136974,0.0034407646293976857,-0.005970381872891117,0.012695563055668435,-0.003636235278040134,-0.024169939040260546,-0.009903577773691663
2022-11-22,0.014661094488305437,0.02565664376571486,0.004830539714580029,0.0043492608109707565,0.012311550458412146,0.04707186055792856,0.008588115411293451,0.013457115666759112,0.011408163768376944,0.028926625704159825
2022-11-23,0.005926261167149116,-0.00887626655214968,0.0010742935294150158,0.004490741961923117,0.010406895651547066,0.029991020231423304,0.0056998445454925495,0.006301549963531716,0.0126553061067598,-0.004992143255013182
2022-11-25,-0.01959345038783622,-0.002931037008111703,0.0012993414111222013,0.0009579997194439915,-0.0003635839719559053,-0.015073441705526824,0.0018437601677949722,-0.00022380538794919413,0.014932643446208482,-0.003520733004251708
2022-11-28,-0.026264423682383686,-0.0290691254894061,0.0005077906045101166,0.000159513805726208,-0.02315241389687628,-0.027228041302246986,-0.0008181192660550174,-0.01595693559130129,-0.009951112518627347,-0.030032684437859447
2022-11-29,-0.02114825437514467,0.014970016061446767,-0.006992611750877842,-0.0035087440328620545,-0.0059148697817928975,-0.011878500612179654,-0.0076398512269096885,-0.0017175192633779313,-0.008022409300256106,0.006647868965900416
2022-11-30,0.04859411815464232,0.01259446187409985,0.010846887263265215,0.02530630264659317,0.061623555515796014,0.08237936875085472,0.025295672681300285,0.03150062700609069,0.03742436516582659,0.007237103691233759
2022-12-01,0.0018913157034867734,-0.0044733680077405635,0.004157213347216748,0.0028296134907861425,-0.0017638689013066422,0.012527258155702325,0.0006034958767695553,-0.000735894548363869,-0.019807889374454324,-0.004849843415095423
2022-12-02,-0.003371407364299639,-0.008000234280494012,0.0007832360442523445,0.008778793051750888,0.0012958017870603467,-0.015115202252805382,0.009112026393502504,-0.0011536481821657896,0.0016811401842984353,-0.008484042333015362
2022-12-05,-0.007983025257918164,-0.02469222647330227,-0.0005588814962415034,-0.013675119383875667,-0.0189004997057296,-0.015761642034428536,-0.010092287150135992,-0.017989268403534542,-0.0020886813580237584,-0.027398328141320927
2022-12-06,-0.025369950443271727,-0.025770299392799068,-0.01499084302067255,-0.0004727980479100058,-0.020303735304728843,-0.03750799850847941,0.0012744821210235457,-0.014414637203239322,0.007999340482180761,-0.027795947764468476
2022-12-07,-0.013785194027957859,0.002965016476472293,0.0060763084914274845,0.0015763166114974858,-0.003059761707100206,0.008319235374796508,0.006430799670023468,-0.0017013521996884773,0.006656309593608523,-0.002214046440756734
2022-12-08,0.012133233918620645,0.005912297814596679,0.00016952119563473644,0.004249429761695511,0.01239920432707331,0.06507471316708702,0.007188660308054429,0.007833865711520227,0.009228375682989842,0.007428704280435294
2022-12-09,-0.003435119984439794,-0.03192332823498645,-0.008239508397459683,-0.010500086789083651,-0.008003018369656445,-0.009785176158444875,-0.002643607956109073,-0.007470181660408248,-0.015914968625166392,-0.008427566342671056
2022-12-12,0.016389928124461717,0.010416650262534466,0.011949577687017543,0.013145585142601446,0.028888964485138002,0.03140979432649704,0.010270227844759505,0.014417233306823762,0.012351875447004224,0.024628064536347027
2022-12-13,0.006782537795083421,0.022267898470718528,0.0077034951269741025,0.0003126248110081331,0.017464739888704006,0.03062463595634446,-0.001508209905916491,0.007569804908952982,-0.01399648920577723,0.010934330664657432
2022-12-14,-0.015536004475157794,-0.006915232599859489,0.0030689895959357116,0.0,0.0011677046025593274,-0.02202291174873683,0.003941061899505938,-0.006393371581042917,0.00026042733758568914,-0.007365829511484456
2022-12-15,-0.04685398726180079,-0.007485773039631161,-0.012627841783877991,-0.013752250565418178,-0.03191820507326415,-0.04085131678168197,-0.011318921042109631,-0.02446195853171418,-0.019838061225759374,-0.009581038621853333
2022-12-16,-0.01457896505513867,-0.013563953367265458,-0.010254348015916737,-0.005704332026285952,-0.017348657419822167,-0.022474905345317042,-0.004433849131101453,-0.011806118955021483,-0.007542751888985122,-0.0070184350590687394
2022-12-19,-0.01590977523410475,0.006875493356111484,-0.0010813266557074819,0.0014343319494778406,-0.01732798695648563,-0.01913005340121887,-0.0002661867848327004,-0.008479516897037076,-0.0001909096915430064,0.004489046516890971
2022-12-20,-0.0005285911667949339,0.01642307858826375,0.0010824971887724022,-0.0007956499264202277,0.005614433736413238,-0.010397414618077194,0.00039905086975644544,0.001368621069760101,-0.006474259929246329,0.014452837478633684
2022-12-21,0.023809504260816627,0.011756612232515229,0.011442011969927224,0.016085290330161817,0.01087671496572451,0.025862694939375208,0.009172160513480021,0.014952314279481627,0.0140904480850923,0.012840789048564671
2022-12-22,-0.02377271041091311,-0.014997115065717437,-0.003657977792255629,-0.007210127573436309,-0.025528730961586032,-0.0704199188702257,0.002304888679971473,-0.014266306930161399,-0.0008530258666329393,-0.02017385167487651
2022-12-23,-0.002797962399901155,0.030915628369596826,0.0025415822368597407,0.00757822540466524,0.00226697654653063,-0.008670744443902367,0.0028252875563412605,0.005752377417121535,0.008006246358620572,0.026445048843277696
2022-12-27,-0.013878606282257788,0.012570809418666729,-0.00028178792006894327,0.00611094376205501,-0.0074142473741536374,-0.07135343566720764,0.00871469878901765,-0.003943595901320984,0.0012797761182006262,0.013893848442203094
2022-12-28,-0.030684972213197104,-0.014752630512819498,-0.004339556895767038,-0.009967195944781904,-0.010254878541042123,-0.00601937957159393,-0.01292632545329353,-0.012427748591163912,-0.00665424045535723,-0.016426096375570798
2022-12-29,0.028324287255895975,0.007571624729648896,0.005094577360559294,0.005977712754863251,0.02762965950272278,0.04039615985718381,0.0041457452797055705,0.01800044061822148,0.002705964045907727,0.0075659536278933626
2022-12-30,0.002469001738250487,0.006560931990220897,-0.005125010232696292,-0.005316680729369305,-0.004937484445830087,0.0007532852899334586,-0.0067501243264045385,-0.0026342525749469825,0.0005663575943004595,0.010073471861431038
2023-01-03,-0.0374048778658459,-0.03064222298454644,0.008717817074525458,-0.010375803718576604,-0.0010007989901706926,-0.020459954099162347,6.59439183610111e-05,-0.004209846018981556,-0.021766326362460786,-0.03436101798402802
2023-01-04,0.010314282187077861,-0.010632915447287505,0.010887225091211317,-0.0004766364147263946,-0.0437430435903563,0.030317980413546497,0.00435467584817828,0.007720117982470853,-0.027263538233633033,0.0029103971927544325
2023-01-05,-0.010604726114421315,0.01800884263456859,-0.007383559352075353,-0.011442913457037296,-0.029637858676800688,-0.03281580692470243,-0.012415838406202973,-0.011413368099189247,-0.02882069632934836,0.022374237605774727
2023-01-06,0.0367939964544477,0.0075323664390893885,0.008109534199472135,0.01929241838164386,0.011785315267472285,0.04164035973741642,0.023812822714440962,0.022932283924813168,8.162249515963893e-05,0.012086697803197044
2023-01-09,0.004089306292848427,-0.007816001840493025,-0.0259083803232647,-0.01246053719463247,0.009736363084552613,0.051753001753220396,-0.012214040029886575,-0.000567214787882353,0.00012249042981005154,-0.018637353787075206
2023-01-10,0.004456095051915021,0.004909123127791348,-0.002391900728418883,-0.007666650381673579,0.007617263087750903,0.0179806961280764,-0.0009866999137467802,0.007013114483763516,-0.008284459281654,0.014935048102213466
2023-01-11,0.021112493053031534,-0.004771624299986454,-0.0015988740530145096,-0.0019313683625341582,0.030238236076265856,0.005782822900012308,-0.008097800596548299,0.012647836672524226,0.015226019483189912,0.011626900108471894
2023-01-12,-0.000599367548664631,0.010730523022014937,-0.005032003079547986,-0.012901205424272866,0.011621423430510092,0.0318728807353128,-0.005641955447548752,0.003640581427870382,0.0046007751329684154,0.016611292612319195
2023-01-13,0.010118822948514294,0.002710899235266906,-0.0032757945263613975,0.0035942805031743408,0.003018623905437723,0.023499749806826786,0.0071424672544257994,0.003879593897299749,-0.012306609851615913,-0.0006182259210280039
2023-01-17,0.008756668258439237,0.01650154230744061,-0.006169561540808721,0.004069769203665974,0.004681716855611029,0.047517839041905985,-0.0029161704158693347,-0.0018319872143727212,-0.009171226051591708,-0.001944392525453309
2023-01-18,-0.005370145534094539,-0.018062223271532063,-0.015084709796432172,-0.030317823187895,-0.01888908687196167,-0.01835973561756099,-0.026788120911432456,-0.015787745202387016,-0.018223813976997127,-0.020543800775461363
2023-01-19,0.0004438073552432975,0.009987115293689675,-0.0013547332130364742,-0.0015047667215458693,-0.016453987970131645,-0.03521908660332851,-0.021148355326478296,-0.00727988927022416,0.017050143153639175,0.006418973040266618
2023-01-20,0.01922071164206196,0.010614363355467837,-0.004660016308362214,0.006028137827379432,0.03574356466299822,0.06406204373195101,0.003862143003311669,0.018628785950780324,0.004872484480052064,0.0182357888319975
2023-01-23,0.02350040339209536,-0.0013263883519625264,-0.0025484552562954343,0.0024967442190610978,0.009824345659342537,0.07590121257543103,-0.013429590289256277,0.011998658798434647,-0.0018696084542739744,-0.00520521754519454
2023-01-24,0.010062958510021813,0.0009408542706845768,0.0,0.005312808409458913,-0.0022260156661456643,0.003751163679437175,0.005458995416814716,-0.0010732410541470783,0.011918204036075242,0.00931175274081375
2023-01-25,-0.004700512446657368,-0.009677486057974805,0.007129865763589871,0.006275859009075235,-0.005908221442764372,0.0030107122296119115,-0.0007051678985784404,0.00037498524622070484,0.0018307781684521185,-0.0052717817090086605
2023-01-26,0.014803459544320718,0.048637488848385146,-0.003657600421486995,-0.0019694753539574172,0.030713606002558347,0.024789095279192708,-0.004021974855843546,0.010990395143058773,-4.0667107746639175e-05,0.04019073481791824
2023-01-27,0.013683999934462454,-0.044411483877342395,-0.0039081037210647596,-0.005262275052995258,0.0006451925215631427,0.02843149965348757,-0.004108937667962831,0.0022973217206117003,-0.013056397421773003,-0.018257465364591163
2023-01-30,-0.02007781745331272,-0.02925611747502066,-0.037032434160464645,0.0024796814951442148,-0.021961545999043652,-0.05907192719581156,0.003129924519252647,-0.012546595989035625,-0.0005347469564629392,-0.01773195029281982
2023-01-31,0.009020810836649407,-0.001033153662066022,0.00876544027776971,0.011213779867773166,0.021012614293026255,0.019570171305588246,0.009715737455125328,0.01470324378673915,0.027583829693359707,0.021574482061979205
2023-02-01,0.007900626948189604,-0.015285487483114313,0.00917888440821435,0.00016317110239083554,0.019934547228636745,0.07196574427754476,0.005688912480799058,0.010627888384401762,-0.004387184674169542,-0.010947341974195668
2023-02-02,0.03706262986378661,-0.01371390576334408,0.0037591923736797206,-0.01712058198362032,0.046884543391528144,0.036575357807572484,-0.007123404380539822,0.014557058108120025,-0.052655868315034104,-0.03128823932601221
2023-02-03,0.02440009367041518,0.0026033410343360153,-0.005617925904719434,-0.0074651005985542085,-0.023620675196025398,-0.028052842188090565,0.003094935666737131,-0.010629199802429934,0.0025273469768434254,0.006927597615797643
2023-02-06,-0.017928789645746068,0.001121132711469519,-0.007593637267748643,0.005682655881997567,-0.006115878225000038,-0.0005210207077418483,-0.008484901068893325,-0.006111295280818552,0.006821793190292524,-0.0016975222471389273
2023-02-07,0.019244355699445714,0.026232221001019074,0.00024489463995269745,-0.001661912819749256,0.042022262118492026,0.05140108979189795,-0.00975941956457882,0.013078688470970379,0.0034509331888472605,0.028550938259326752
2023-02-08,-0.017652625989414417,-0.02349366347862447,0.0012852010623363164,-0.00582651866073447,-0.0031021550387760888,0.0014431086797310755,-0.010355603529345503,-0.010934801833093033,0.013294544304505163,-0.008701684113425312
2023-02-09,-0.006911595116276037,-0.009176389808673191,-0.013507919744822794,-0.001674577186616899,-0.01166001472769651,0.005944729357875822,-0.010968953817160454,-0.008669279170701372,0.005194536665923621,0.0037745316526300865
2023-02-10,0.0024562852504086408,0.020956891555327095,0.00464698671562469,0.0,-0.00197209633697748,-0.04799231634109147,0.008828575388500015,0.0023337443342981157,0.017540626171685725,0.04215133713572894
2023-02-13,0.01880685627325107,-0.00558249367725927,0.00370010183670888,0.016437503849657142,0.03124261865621958,0.024594523773031396,0.013091566285313494,0.011738778046377796,0.002225664446907638,-0.003889875813013588
2023-02-14,-0.004224950836304031,0.007660617967173655,-0.004362316300021374,-0.016666662012409517,0.0031327379268819566,0.05429606484936067,-0.0056402586149627565,-0.00046007370456513375,-0.0050875822415069605,-0.011714764802351674
2023-02-15,0.013903229196154276,-0.010538007903403535,-0.016477558498852907,0.0,-0.007992876974434737,-0.009011527272001052,-0.0022976649630163104,0.0032473677448867644,-0.00320584386964895,-0.003006300728721656
2023-02-16,-0.010429221610834594,-0.014437242862634259,-0.0070900226283862056,-0.006209126057839631,-0.026622519481742324,-0.03347376325227047,-0.013097034132944607,-0.013768724773373986,-0.007938825227058244,-0.0029291727280348345
2023-02-17,-0.007546660481523859,-0.022333055224552756,0.020876580101390152,0.015197442879210099,-0.01560196819152082,-0.027906626789962252,0.0209273538571364,-0.00249829487602915,0.02406887644362743,-0.03845177593144966
2023-02-21,-0.026679721461595363,-0.011359930088773895,-0.01490095793964974,-0.005322460128697748,-0.02088641357353005,-0.0342714569306235,-0.0007141646679807989,-0.020060944960356153,-0.015568711114556155,-0.0009884006455911365
2023-02-22,0.0028959615986643428,-0.004037200712010303,-0.0013924930277106062,0.003009965820315097,-0.004590995421333455,0.004792894802770675,0.0042170609191174435,-0.0013779970395975116,-0.004925523289466938,-0.01295306118497841
2023-02-23,0.0032903772774492968,0.009853376884796816,-0.0003165157402766905,0.0018337820919800407,0.012961851057093243,0.14021397724167262,-0.0032028895388104273,0.005319308248879828,0.005727148579594221,0.009204303962986105
2023-02-24,-0.01800510766279051,0.0029641386086234345,-0.011158690980275332,-0.004160173143409773,-0.02178444773631749,-0.015973833622325073,-0.005640766531053831,-0.010682456699777854,-0.014968687897930044,9.041846232848982e-05
2023-02-27,0.008247328610928362,0.0025245696648603655,-0.002179780225218808,-0.0003343427718295322,0.003771728281046327,0.009233098614037871,-0.0008619130832366872,0.0034059424435988195,-0.0020853300150105447,-0.0018059781402212094
2023-02-28,-0.0034478370101986844,-0.012590417049108793,-0.015228608659132226,-0.005182101297095398,-0.0029580239191254742,-0.012126998153729751,-0.011355438020402286,-0.003695863428710533,-0.015269484333460093,-0.005789108804756582
2023-03-01,-0.014245939562992804,0.00796154551332795,-0.004501905776850834,-0.010922592552938704,-0.012629437788585274,-0.02231219151107644,0.0007270665741490046,-0.0038361067141291505,-0.0015126900173098035,0.008916390408748143
2023-03-02,0.004129060765563075,0.0031470785034795057,-0.0007867438122153292,0.014610933010228866,0.01965338259651417,0.027138837043176656,0.016489741859345264,0.00777735599326812,0.0052187287079237255,0.004599119271229579
2023-03-03,0.035090103904290126,0.014764009445386916,0.010298464944337393,-0.004688646100306726,0.016646105144910273,0.02470623926403026,0.007289600668400675,0.01603783484897159,0.0017999902193031048,0.012657050458669383
2023-03-06,0.018539686174285697,0.007335172443322602,0.009998680585131536,0.015477858543911927,0.006188928776516667,-0.0140643655024284,-0.004256885052477899,0.0006926625151135735,0.004639053913742641,0.008864470311927608
2023-03-07,-0.014496651136303051,-0.012878750655868632,-0.00944953884981814,-0.005798665402777736,-0.010588908228934102,-0.011125329926011895,-0.019879007652594982,-0.01532855654422316,-0.01435157561383349,-0.01933036062001514
2023-03-08,0.008377241816178937,-0.006340115137616453,-0.007333309810286681,0.000499987803455948,-0.0017706887811823613,0.03834580301608104,0.00014561995416384477,0.0016319020666433204,-0.0069217424111529535,-0.0146046479437284
2023-03-09,-0.014914661294592513,-0.015215689050787962,-0.011244910394194507,-0.009660120419086482,-0.005439402934901971,-0.03080933315038248,-0.00734131270400773,-0.018449636268472847,-0.012090748200051293,-0.007728623855538852
2023-03-10,-0.01387874428488245,-0.005233187547660445,0.0024464510814636853,-0.004204464284253029,-0.014782995556620437,-0.02009712402971986,0.00453984068318003,-0.014429612996783359,-0.006324890120161575,-0.01237043869890564
2023-03-13,0.013265877103664225,-0.006012405417668898,0.009564018534768737,0.010133362333636375,0.02144102261001768,4.344344749207529e-05,0.006924510657980054,-0.0014251425514716365,0.007277365833469052,-0.011504964791697825
2023-03-14,0.014089372804198863,0.012916570553854312,0.005618727732958684,0.003678342231331344,0.027055700595704613,0.047766242462327746,0.012378985791037689,0.016529887305069657,0.0019410088892928279,0.0037543658736463037
2023-03-15,0.002621376504948536,-0.04329444426500162,0.002793721523800974,0.006663365535571231,0.017830554895444717,0.00685712887791512,0.014158010815950028,-0.006254066088061561,0.0018296081731654645,-0.04974738219926522
2023-03-16,0.018694000462017968,0.0031858475888058013,-0.002073281758229961,0.005502735545456439,0.04053663233768434,0.0541932865857222,0.007473827456740079,0.017545031923386967,0.014159023995108821,-0.0058060053822373
2023-03-17,-0.005454005169474363,-0.012638331967714245,-0.010712167504021153,-0.004643431914643892,0.011694233986697,0.007204144388498257,0.0002797910799654524,-0.01169252045623037,-0.005338646160276683,-0.011778679850156792
2023-03-20,0.015483811506484146,0.01470392629938555,0.009909276740191375,0.009663438898251497,-0.025766685299287717,0.0068027564674402186,0.015392043076943862,0.009615604894710028,0.015889291916617365,0.02614174084452414
2023-03-21,0.011944047958892368,0.030599053615129934,0.0,-0.004620513859393771,0.0056936938097353895,0.011544540453599428,-0.007234874778576317,0.013130338661541119,0.006583284988560756,0.04480244222659202
2023-03-22,-0.009103275513821174,-0.02033780675385244,-0.018454699187530843,-0.004476095715280515,-0.005442470458247972,0.01026744317444428,-0.0006247077666273748,-0.017046345326719337,-0.009539870881256407,-0.0228886119395878
2023-03-23,0.006969353614123319,-0.00993125249947635,0.0005295887582759118,-0.0021649094082177855,0.019721635216322086,0.02731600093584552,-0.0013888492130125218,0.0027032479518467323,-0.011797616376622022,-0.011282188097201051
2023-03-24,0.008305575451669434,0.009966378957741995,0.010057637658779983,0.016355219587165237,0.010480713513896234,-0.015152047653416156,0.020376915550534003,0.006562153533383075,0.012938708833947432,0.0011604501223632102
2023-03-27,-0.012293378451403325,0.010188207880084788,0.004258261071550251,0.007389040980673611,-0.014934016959654905,-0.009260832079570847,-0.005248146464438719,0.001869678912854722,0.012416328002438304,0.021925787367250482
2023-03-28,-0.003980130184587205,0.011671527538960724,-0.009654413864647715,0.0011410243240819185,-0.004160951758243381,-0.004560849568181369,0.0028091348666565708,-0.0022446079810725106,-0.019340126375913202,0.012476596230550863
2023-03-29,0.019790589253723567,0.008589761915828165,0.009814185809768894,0.0071637930786980775,0.019184043418674523,0.021734111810210566,0.0030747661480059474,0.014534888860920026,-0.012675118628804216,0.017176907607063807
2023-03-30,0.009889938534350051,0.009511405905194836,0.0007827275850780246,-0.0001615335534035367,0.012619501715681603,0.014786571696630668,0.004359175863600573,0.005855257143481785,0.007436924958313718,0.004864218648037433
2023-03-31,0.015644220314077195,0.004741848427295192,0.010232904363834283,0.0029101101789299477,0.01496235273655655,0.014388594657944065,0.008409827027068717,0.014094559244955063,0.005382239130330868,0.0015526421683877967
2023-04-03,0.007701765191437726,0.04161553211631941,0.011935306423399794,0.005964828992239379,-0.0037113451769290595,0.006768235963006353,0.005514737923437929,0.0038104829909897386,0.045705658239407754,0.05900040200764889
2023-04-04,-0.0032496876609307,-0.0053546125629039265,0.010455917413112914,-0.003044865508571748,-0.0001740723724691362,-0.01830867977419426,0.004815930079432373,-0.005548032738104891,-0.00190201014493252,-0.009558096629253776
2023-04-05,-0.011290220433904152,0.004969216733495596,0.04492398742277004,0.009484082052795051,-0.009889293808136856,-0.020835492985947224,0.0068561478888908844,-0.0026181372994082963,0.03239730770274152,0.01712735586384939
2023-04-06,0.0054956959764145275,-0.013126888937304626,-0.0027775920105218566,0.000636730185918033,0.02553293116213151,0.005803251157344036,0.006346395744440514,0.003900618740084294,0.007030167769493945,-0.016582548758439453
2023-04-10,-0.015972218628217183,0.00381751512270756,-0.005025723543240268,-0.0023868869475467402,-0.0075789728650439425,0.02004672649448791,-0.00827723128135005,0.0010263589874126566,0.0046215117487178325,-0.004432897795271007
2023-04-11,-0.007590993814597047,0.005526173382053745,-0.000304122493759551,-0.001754616374316731,-0.022668653106556635,-0.014866663515765488,-0.001987639969673105,0.0002686491280159409,0.011238810213678452,0.007071781020927315
2023-04-12,-0.004353284465878793,0.003545605790997719,-0.0021308330904619144,0.0017577004643325456,0.0023337900992528304,-0.024807579373420485,0.0027215368992326017,-0.004075991220536035,0.00042232857025270576,-0.0010403307759211389
2023-04-13,0.03410358036737193,0.013367079360232514,0.013360093445410559,0.007337791077354883,0.022399288074968604,-0.0012077849650790062,0.004633601892755079,0.013282856644400987,0.009670164950319915,0.00468629003244958
2023-04-14,-0.0021140153254647354,0.0020339971431997395,-0.0016253526320175737,-0.001583601339083529,-0.012765469296993404,0.011147548892720183,-0.005073409648578497,-0.0024427919758124306,-0.027440460568687652,0.0024186320348305035
2023-04-17,0.00012088797988973887,-0.008814683995591266,-0.0010252273521591526,0.006502870638988023,0.009296101659494571,0.009118817191589912,0.0003313148081995898,0.003588251096636963,-0.012583180961734053,-0.011633015387753076
2023-04-18,0.007504838920061596,-0.0023404655768156646,-0.028128283724758507,0.0015757331406576203,-0.001489079290220019,0.024627904797309474,0.0010591477801178417,0.0006522692240453765,-0.0017216222561182715,0.019529187757208355
2023-04-19,0.006968206226961149,0.0009385465283364702,0.009440579410467498,0.0018880106239074212,0.00027761022005146074,0.009542079785020086,0.0001983800949350023,-0.00016902503412741243,-0.03623539190843139,-0.0031638909478641786
2023-04-20,-0.005846130013332118,-0.0048629797205295144,0.006460214443602341,0.004396902593136742,-0.008112174198358413,-0.02960865214387598,0.003665987104534585,-0.005457084259788525,0.0025915059193286627,-0.007977999436309613
2023-04-21,-0.009781043600776251,-0.004297967135142189,-0.005440496708711828,0.0014071196341174375,-0.0012234951780765169,0.000553408504184727,0.03460389004471032,0.0007770349055102876,-0.007467295517799344,0.003199678899193925
2023-04-24,0.0018786909648662586,0.013954488968245915,0.006085009210443415,-0.0015611528329686486,-0.013962915145969368,-0.002839301337495659,0.0017941215927022025,0.0010430069515541263,0.010582419316471636,0.018877395340951342
2023-04-25,-0.009435818906500248,-0.014520473448529136,0.009164271316480788,-0.001563725148091999,-0.022536021601016087,-0.029620743630875968,0.0002557074247935276,-0.01587375705628946,0.006094974233162409,-0.014213166842267921
2023-04-26,-6.1022770007967964e-05,-0.017811850937753393,-0.015498374283971272,-0.004698522642290648,0.07243492304985133,0.027247486647530295,-0.011573806230759764,-0.004235609404106722,-0.018234709716369424,-0.009182882945566462
2023-04-27,0.028395107283630372,0.005844085462560988,0.0023369590061665946,0.002045611528044722,0.03202777342312024,0.010016542386648508,0.01222702860867142,0.019908152750601316,0.015571023362332514,0.011953293605200921
2023-04-28,0.007541152860632172,0.009763348340899869,0.0042942535532704,0.007380696378543661,0.007971547076856433,0.019209563469109403,-0.0005751659363284478,0.008535319130827057,0.0033028997651767256,0.01292473866646926
2023-05-01,-0.0005304412460301888,-0.00794863112612354,-0.000610651308774246,0.0023384057804547442,-0.005532946971602892,0.0418393378847568,0.0012148553442319354,-0.0010099561557331826,0.007336102292986091,-0.031012281409783404
2023-05-02,-0.006191339214802527,-0.0430519400893038,0.008740716290494,-0.004510301116386839,-0.0004907878405109312,-0.024213392808327128,-0.0008943552777787023,-0.011239278071068948,-0.004660116507838596,-0.03985357310787618
2023-05-03,-0.0064675532034208505,-0.020057470297508817,-0.013088525032904808,-0.005624016003812682,-0.0033069100365472615,-0.014462856671308644,-0.0012786271684850359,-0.006863899793702832,-0.00800580311023058,-0.019709360739043613
2023-05-04,-0.009913455050700737,-0.003889484245916619,-0.004543310537789225,0.0010997271526274055,0.003317881973746273,-0.008632440393531948,-0.004608291499884176,-0.007083083650939903,-0.004413333673023545,-0.01751130926407496
2023-05-05,0.0469272800100633,0.02554107229730196,0.003391984062270481,0.0047079106815430816,0.017157203444213565,0.04056311017176051,0.00334386228595851,0.018512529319208992,0.0143655759085346,0.024896309834293806
2023-05-08,-0.00040339840167102903,-0.003932484707003914,-0.0022743087898197123,-0.001561884457931595,-0.006438061287005525,0.01642265975848911,-0.004678734129412887,0.00026652877135324715,-0.003358523522212442,0.003956522943919127
2023-05-09,-0.009971149705576221,-0.0028826741118949117,-0.007762662259315878,-0.008291607088632635,-0.005345936447230026,-0.019896440034392393,-0.010238390755403337,-0.004385267559327111,-0.0045470947684815854,0.00027491781898625334
2023-05-10,0.010421019883275928,-0.012757814137811185,0.0037253407046169418,0.0017351741890223593,0.017296373079927152,0.010990007800646406,0.0020819838293022475,0.004672523711374943,-0.0006321130981190581,-0.012827557059973516
2023-05-11,0.0010945679576634948,-0.005537989035538482,-0.004082945741906263,0.005669384174995518,-0.007044316338423062,-0.01062829946679189,0.0023373249959464104,-0.001744182061555688,-0.002673149331709368,-0.0180989386960988
2023-05-12,-0.005417453150502571,0.0025604751231917966,-0.0013045066718506693,0.003914888357372082,-0.003676169200096724,-0.008328015354301832,0.010169044229525026,-0.0013101907194245088,0.005053549331390128,-9.472960808498687e-05
2023-05-15,-0.0028974670027139826,0.003703145563961119,-0.007650021135249929,-0.002651724468990313,0.001586120206895858,0.02163010562926715,0.0003205934121197629,0.0034500680249409665,-0.008895974592208478,0.0019069959859150387
2023-05-16,0.0,-0.0234733810939749,-0.00131628020371366,-0.011260476998291802,0.007367780382558697,0.008980219791536292,-0.001730692194864769,-0.006682723226651199,-0.014665381842790537,-0.024269525397802805
2023-05-17,0.0036031340702178394,0.014331395352148002,-0.0021964460668545405,-0.0011073399156990016,0.009451438926591393,0.033033304949765085,-0.004237619072006593,0.012139015210756332,0.010610289836551656,0.02243479949126237
2023-05-18,0.01366613791808291,-0.0012323889696247425,-0.0032077739756354307,-0.005542371990009065,0.014394919515080762,0.0497049064293591,-0.016443361949724844,0.0096332720942236,-0.01150949765742515,0.009063114726662436
2023-05-19,0.0006285427345860128,0.007921821212835578,0.002713336836758451,0.0004777482054358906,-0.000565220990324411,-0.013068959956105797,0.004195962197993008,-0.0014552299506770394,-0.0008557237292271536,0.00463267189100125
2023-05-22,-0.005480990288308507,-0.01797335867415739,-0.005389390769480307,-0.021009212542272504,0.008921371793760846,-0.0028146856385193875,-0.026179842797920627,0.00040618676829140554,0.0037593386816769936,-0.012139987022805498
2023-05-23,-0.01515490382673268,0.02892945469000674,-0.0003826438524294762,-0.0017882084858061864,-0.018431966820864565,-0.01565320917731916,-0.010794078223841486,-0.011222768806316119,-0.002455292321429936,0.013622931506186653
2023-05-24,0.0016321377730992292,0.0026776790975233666,-0.0009563385361944787,-0.00846910183716476,-0.004472505905372515,-0.0048878316714005,-0.00826827505689165,-0.0072449212915167704,0.0028992640371541256,0.011184305177111664
2023-05-25,0.006692323047820414,-0.01723139162067533,-0.014362424612526903,-0.007720150492763422,0.038457882393739595,0.24369631772540146,-0.006423781288240171,0.008659946904468807,-0.00650958104648125,-0.017938620909039193
2023-05-26,0.014104677015910339,-0.0031056091957576415,-0.00038830854738303167,-0.002482899442746267,0.021385251700607233,0.02543458319888736,6.868873659016117e-05,0.012950663474598834,0.0079966839111556,-0.006530312700851915
2023-05-30,0.010659612883332725,-0.0062304557333351385,0.00012927065238943491,-0.007965542359814615,-0.005046452229124254,0.029913169245965765,-0.015268423088070082,0.00038106369304746757,-0.003468212391582459,-0.00885974234603959
2023-05-31,-0.000282051801187011,-0.01632706920542537,0.004469942308289898,-0.0020073227493487833,-0.008514061103771953,-0.0567674049643736,-0.0047491973065058035,-0.005545262868599576,0.015400632821858329,-0.01787771595592791
2023-06-01,0.016022565621732987,0.010224372484555655,-0.0033534887088150223,0.005698959456605479,0.012758898009295638,0.05117083865067351,0.010245820395601957,0.009501039442507908,0.013114761985231427,0.011548238140501876
2023-06-02,0.004775412066373885,0.026945353528618377,0.015723933683127633,0.019333250669243185,0.008479272039968677,-0.011139144877221674,0.01778264978230082,0.014461289492240237,0.01205355255502849,0.02321981777824833
2023-06-05,-0.007571236654417057,-0.004799860657784816,0.008600500557896629,-0.006703619914938064,0.0016102306649841136,-0.003966669864496564,-0.003958438662232777,-0.0019165066172380785,-0.002782252885170644,-0.004444031180548258
2023-06-06,-0.0020600981730263257,0.0018006128296086388,-0.0008844129037388626,-0.007242800549545847,-0.006727490733833497,-0.013198252788971132,-0.009935767007783647,0.002177536644827782,-0.02131718684261341,0.00816796584816415
2023-06-07,-0.007756295730747875,0.02593220913491323,0.002149340014787393,-0.0014924184474559565,-0.03086779849593113,-0.030401489532067782,0.0021457196412240087,-0.0034577992500548493,-0.0111573491995689,0.02242105364356517
2023-06-08,0.015464959442669457,-0.0036912920345393285,0.01097654728582298,0.0024908029370920293,0.005813505854417533,0.027618569133472715,0.011325770655381984,0.006048776924470145,0.016800373400154944,-0.0031327677104769913
2023-06-09,0.0021599406626846562,-0.002386223033081114,-0.0015602430167095394,0.0016566645051649953,0.0047039099234289505,0.006751501185494835,0.00081937608272864,0.0017942613421626508,0.006914993128705804,-0.007394295900150505
2023-06-12,0.015638836862416516,-0.009631262088666603,-0.0006870884209206896,-0.004299814902928412,0.015483895020811156,0.018364850532781363,-0.007846463909848778,0.009071870884221678,-0.0020865742310851587,-0.009032586801170583
2023-06-13,-0.0026117290146143723,0.007500113898199379,0.0052532106049567595,0.003986183740024352,0.0073528297337976944,0.03900503076183015,-0.002407203532286961,0.006592739059900987,-0.002598469880287446,0.00018790622536246637
2023-06-14,0.003491424006198951,-0.008958390495647506,0.005101419650257455,0.006782493812139467,0.00912378677521919,0.048144918507936785,0.009375752097453338,0.0011909349144894055,-0.06401255392130112,-0.012025482301742718
2023-06-15,0.011198468728106592,0.007575166424194313,0.013431477650165169,0.013741753275113844,0.03189660888431045,-0.008000539757754388,0.013864109371270805,0.012397651683216271,0.017271602618553095,0.006941596735672517
2023-06-16,-0.005859847773389104,-0.006444262158618375,0.0030539454407592093,0.007185944304916703,-0.01657586732916405,0.0009141995659478486,0.007342592138634529,-0.0034062534638480413,-0.015883549127572616,-0.007177053119145738
2023-06-20,0.00048672252414938555,-0.022764900388835496,-0.0006087874714114649,-0.006648268958245329,-0.012502620188036606,0.026140741046462246,-0.009227986469709015,-0.005188148969131445,0.023773667606828308,-0.022924106806201383
2023-06-21,-0.005675248814833722,0.007808595617695868,-0.0015231494875327378,0.0027749291473804227,-0.013282104155583063,-0.017416913322005678,0.00863899298331372,-0.00512369232196086,0.015679803777780554,0.01119555862597621
2023-06-22,0.016525160175199227,-0.01446260181732717,0.010617332808513735,0.006837035096603827,0.01843764367312839,-0.00046448035028801016,0.003412634564780914,0.0036097097061593697,0.004824451960497633,-0.005487733978756015
2023-06-23,-0.0017111820005598632,-0.008451393738716062,-0.0008452298215584353,-0.010509182043617393,-0.013805833856584626,-0.01896584087668829,-0.009936684649750949,-0.007560070623939152,-0.004279310621164378,-0.008712398033877022
2023-06-26,-0.007553097081445581,0.017574788341358172,-0.011179656742658417,0.0003267382676690467,-0.019163037720248632,-0.037361674322273664,0.001010480093329491,-0.0040855955446138514,0.004318706011432916,0.018457168653279288
2023-06-27,0.01505905968838439,-0.003116476189737427,-0.002077854079760688,-0.0021233432586489354,0.018167870699353106,0.03061616211500162,0.009487895815850633,0.010963086724515847,0.007305843666465028,0.002492914126524415
2023-06-28,0.006328045906368374,0.009053765621086507,-0.0020208799441461256,-0.009330682981657956,0.003825755167169209,-0.018124902281329902,-0.00019992802591062286,0.0005045283727309613,-0.016806147326301146,0.00813018492492179
2023-06-29,0.0017963869174764113,0.00852046733824574,0.0069954699002445775,-0.00826154608796248,-0.002381879447711288,-0.007174451367807588,-0.004067050103008452,0.0039412780350402965,0.004194371443967393,0.012333942916805007
2023-06-30,0.02310255533456984,0.007104526476085171,0.008653397041930688,0.003332105468285329,0.0163856029199414,0.03625478994913811,0.015798800698530124,0.01180069784703952,0.008815386876891873,0.00515453242523467
2023-07-03,-0.007784691937873123,-0.0008898334084855852,-0.013110334253099043,0.005978106201439237,-0.007488107616950401,0.0026237719393829018,0.005008454011055985,0.0011507281680360748,-0.005742459295013935,0.0019580216329972977
2023-07-05,-0.005871443422569178,-0.005724917404825947,-0.003305856074794722,0.007428191636985826,0.0004733226622379849,-0.0022630165581764006,-0.0017048223175472055,-0.0014872392290253833,-0.013936570164243545,-0.0051180781624737826
2023-07-06,0.002508886312934999,-0.021943703182535357,-0.0074317741284074534,-0.007701137135911917,0.00922676487953722,-0.005057181986926729,-0.0016422447431468923,-0.007830787228407465,-0.003947131393841508,-0.03732111505948821
2023-07-07,-0.0058914208412420566,0.008765195434628392,-0.014542173726093677,-0.01321012706686897,-0.01186744759573033,0.009500353589775967,-0.020988314606938063,-0.0025246641262238745,-0.016575753527181658,0.002331801935080202
2023-07-10,-0.010855805867683865,0.006678915611387115,0.001632784881324012,-0.007529979246276963,-0.015983810438728208,-0.007599384977413304,0.00040335783110512224,0.0025310541879335346,0.0031846525261425285,0.014831339895208018
2023-07-11,-0.002810042089924969,0.018486379836300637,-0.005517067114675589,0.0035406045099026784,0.0019287199266506683,0.005334125910054999,-0.00523997481704408,0.006368614939907591,-0.0003454913034781626,0.012226581227408051
2023-07-12,0.008985653442499908,0.009612937784390319,-0.0034671125132712532,0.005376351989970551,0.014227124719452089,0.0353025764513748,0.005200023609947424,0.008045897930127222,-0.0241740471434303,0.004907104381820959
2023-07-13,0.004057456995921305,-0.01334257507523462,0.00461789865066331,0.008522822423327359,0.01619190935384207,0.047264520794350284,0.0006719255248865963,0.007936721564614668,-0.008744772922960276,-0.018311625198712433
2023-07-14,0.000787277594079594,-0.024951033030212066,0.006674455384073186,0.00911347818633268,0.007529484227276395,-0.011048982464447854,0.007384879076049566,-0.0006225339096017635,0.07240629662412301,-0.03443654454086975
2023-07-17,0.01730550837679501,-0.0009113386125737533,-0.0050038536058979455,-0.0014777362186797482,0.001419285543330373,0.021816955457903964,-0.007064188098985902,0.0034721451061374697,0.008143024327514015,0.004359202569733656
2023-07-18,-0.0013404519953718053,0.002020223903635765,-6.313626407750128e-05,-0.003946758671593997,0.03979978350088831,0.022233598600568394,0.0018792665484754778,0.007430435704876226,0.032887046417786614,-0.004537446956910607
2023-07-19,0.007071857322353381,0.006113765679671701,-0.0020115876495575558,0.017665444310084544,-0.012267406822602966,-0.008780096730588549,0.006833153848431639,0.0022237857265106076,0.007400052215521757,0.006935974756210772
2023-07-20,-0.010097229021656329,0.011054352862697625,0.0607282143860266,0.012167419693137171,-0.023121559681859916,-0.0330735099586692,0.008108687525685498,-0.006634425064858784,0.0010720435954953977,0.017614765336065874
2023-07-21,-0.006161681694461629,0.014642193490651101,0.010749617572334946,0.0008013656943754999,-0.00893708305417984,-0.02660351420938689,0.01574123509130887,0.0,0.004541499935375892,0.004641832095584775
2023-07-24,0.004219886833385589,0.01972393775256087,0.005229472117588285,0.0003203163016707311,0.0038978477279472123,0.006838236467517911,0.003204064369797921,0.004467341192920804,0.0042446926299331,0.015689452063768927
2023-07-25,0.004513775725631719,0.004572992627318584,0.007657224567138021,-0.00336211076353099,0.017009241551524834,0.023917521109654505,0.002346562859082635,0.0027301359697822214,0.004423010926283943,0.0015164710512527435
2023-07-26,0.004544876994322156,-0.00750505610899066,0.0019141063610124132,0.012851356697205274,-0.03763739894927265,-0.004969712233797496,0.0010403917688679432,0.00015343284072066865,-0.005734494121577227,-0.005582966095587838
2023-07-27,-0.006580951325573348,-0.010412750916949376,0.00561611612509294,-0.009674862856393629,-0.020872039552298993,0.009856707154786815,-0.011887871174843467,-0.006629771474381596,-0.005452838961833906,0.0031400525557128134
2023-07-28,0.01350782688091412,-0.004948036346688056,0.004548368305353323,0.0006406326033414622,0.023131063653168082,0.01851858791083205,0.028269043006384775,0.009790334234380138,-0.004591900027230089,-0.011951987879124326
2023-07-31,0.003166204189474664,0.030150580715428754,-0.03983273017737288,-0.008802858699969662,-0.007240416562148244,-0.0004495804038865403,-0.0007033281292823101,0.00190393367547248,0.006879876872704971,0.029569878107218228
2023-08-01,-0.004275963720231979,-0.008310137949368968,0.00811803092242358,-0.0025833640532252344,0.0012501630940657815,-0.004750486385221686,-0.00032000605148452266,-0.0028615100807442007,-0.003218894700586561,-0.005781416495802105
2023-08-02,-0.015490027378801119,-0.015834983088542254,0.006039223196534049,0.0030757410336137436,-0.026282782423902473,-0.04812165721948547,0.0021760824956245095,-0.013910732595831754,0.00011864924610516248,-0.012474339905413023
2023-08-03,-0.007321775859655544,-0.0003753653254139344,0.0042965737686486705,-0.005164562641631565,-0.002564990898050179,0.005556759021164259,0.0026183675053317312,-0.002865940285978974,0.00011889209524285071,0.017380547634759047
2023-08-04,-0.04801994349956906,-0.0022547726056296735,-0.009376553433626977,-0.015087681537874986,0.003428463881778532,0.003706644940249415,-0.010955382285646853,-0.004522815605686459,-0.004218786828244836,0.0028006471619976825
2023-08-07,-0.01725377896944935,0.003640741615806853,0.024018112629911936,0.00790638352137174,0.007108650161811836,0.01649529107417469,0.010561508074076631,0.008728562671913798,0.01593296210017714,-0.0020480405861424966
2023-08-08,0.005311848779451456,-0.0015009330885523697,0.0004621312631751806,-0.004412471199735535,-0.012299026735553942,-0.016579806117289708,0.0010833429004946105,-0.004348726313410212,-0.009554759604213703,0.004943952151606812
2023-08-09,-0.008954461715126039,0.001315466842698454,-0.0006352211213860315,0.0022982276062681883,-0.011715857285740983,-0.047241673452775745,-0.0012732716595986737,-0.006685170977103638,-0.007413036519591798,0.01698689275669052
2023-08-10,-0.001234586232566115,0.0060676747616290605,-0.005200287277426607,-0.0022929578671977424,0.0021724183530182906,-0.003900809325871335,-0.004971490368296583,0.0003588757141628207,0.0027283740308852167,0.005111507064734067
2023-08-11,0.0003375009161297182,0.020643079097641737,0.009757856757913075,0.0041037873321772,-0.005945722140854648,-0.03616612460941715,0.00582920983209112,-0.0005829460642049478,0.008997406045879286,0.015528428397440397
2023-08-14,0.00939312656889979,-0.0007312540601054351,-0.00235845689972225,-0.004740812168827158,0.0094390484441087,0.07093377355876362,-0.007833275441108789,0.005519893709153623,0.005747796603505773,0.0008046337977265505
2023-08-15,-0.011200216012345665,-0.029201903306298016,-0.0028827789297476425,-0.006734539295215725,-0.006727845786892117,0.004274201262570054,-0.0064190579276494075,-0.011648761418682319,-0.00829849449777198,-0.02567317228627297
2023-08-16,-0.00495913034316231,-0.00383065612163469,-0.0031801284012595854,0.00016537579375208722,-0.0024282424651251855,-0.010332445997651596,-0.010207274353821849,-0.007338228919069101,-0.006177436636720213,-0.01682695858773675
2023-08-17,-0.014555199783952588,0.01673876038675637,0.009397110599832503,0.0021494609433874157,-0.0109863807874504,-0.003265500492246498,-0.00717974960547807,-0.007619873130607413,-0.019064232136292825,0.01937181852423242
2023-08-18,0.0028160533958747624,0.00719885361092909,-0.008735151281319187,0.005609583004978269,-0.00126217536859341,-0.001038158154175406,0.002826839166095496,0.00048130103023402704,0.009069725004299478,0.01512904649748581
2023-08-21,0.007736900914641964,-0.003356329160064009,-0.0297987046619117,-0.008531544276784153,0.017062575845928407,0.08471339946681389,-0.005047770331754187,0.0065062308259808965,-0.0015249868076899764,-0.012086362918996452
2023-08-22,0.007904919869506477,-0.008231561677200738,-0.007947321996120027,-0.006122816818432741,0.0018019672298807965,-0.027657800232239405,0.0003954907741305913,-0.002708703093032061,-0.010729715373796966,-0.005611312134393365
2023-08-23,0.02194879576265807,0.0013206662377305278,-0.008974866621475619,0.0034964608029801614,0.014079386016302431,0.031707316052514534,0.00935240523746872,0.01113788516317471,-0.005890101964133421,-0.008788247379057257
2023-08-24,-0.026170445778602724,-0.008226047787318058,0.0034036209797807526,-0.00265472433633962,-0.021498480641586326,0.0009973908029454748,-0.00463303572775442,-0.01385900056035183,-0.0027378567724889447,-0.007466178831346593
2023-08-25,0.012643123125354094,0.007471255319645653,0.014337958600596057,0.004658254958078034,0.009407144152919322,-0.024277482505513426,0.006555606337566022,0.007049725178177146,0.00208965362714042,0.017865798184575787
2023-08-28,0.00884607255850578,0.006850149938973704,-0.011789733409678482,0.002814974716079055,0.0022291029441148247,0.017753902694111368,0.0015634038949696727,0.006341519924355943,0.004416131681306723,0.008406444696217985
2023-08-29,0.02181042849594128,-0.0015606375107896087,0.00012178180263844318,-0.000990711367090169,0.014550310027239721,0.04161415507208743,0.0005849989015163093,0.014454542696834327,0.003155077764532388,0.005954415412953384
2023-08-30,0.019172297736757216,0.001375357588684789,-0.003529833361393453,-0.0004958813609353685,0.001157396420946366,0.009839254979485457,0.001104816915900697,0.00411887070880157,-0.002637969190051437,0.009744130861510936
2023-08-31,0.0011724128731231964,0.005743537476507132,-0.012520580569236106,-0.010583706267232706,-0.0031328206146840065,0.0018472898760135692,0.0019475630859613347,-0.0014633606725770187,-0.03041516939076061,0.0027958639802894147
2023-09-01,0.008463432431703222,0.019863569489920074,-0.007422101074467613,-0.008691320943306824,0.0027458618758240405,-0.017141071119081697,0.0011017734615532682,0.0018652396366587443,-0.00071334309448845,0.020955056175548492
2023-09-05,0.0012665840546119966,0.013146556313039959,0.0012461122102715994,-0.008261691540191407,0.014878676808494307,0.0008040738692145499,-0.01339738915493316,-0.0043219139621852865,0.009595986141529123,8.7987145918067e-05
2023-09-06,-0.0357934474428957,0.0010213468076112342,-0.01661675660768014,-0.000680201124747537,-0.0020086475022703665,-0.03054986192928988,-0.001968004331169393,-0.006722653997183303,-0.008048968305514048,0.00863215015033858
2023-09-07,-0.02924926662682148,5.97939322022345e-05,0.012784105327674933,-0.007655521861035797,-0.008922159025195664,-0.017424210555551323,0.009530560473148153,-0.0030700897216985323,0.01650103674496073,-0.004890233471755989
2023-09-08,0.003491805765269307,0.0034208111194833357,0.0033119890822357334,0.0,0.01321566380408079,-0.014467699922672717,-0.004296912839014677,0.0015060549819017055,-0.004472713152600338,0.014567706155414806
2023-09-11,0.006622402269160332,-0.020632833486846414,0.01307920124619133,0.00942908314531743,0.010979094797056055,-0.00864570980981505,0.011900841366529136,0.006576646870672942,-0.002891165774122184,-0.012542182516168787
2023-09-12,-0.01706077502660097,0.018624940388587863,0.005655861590277311,-0.009850530882443254,-0.018257636136878586,-0.0068174779527464535,-0.01757675866822883,-0.005485500099279839,0.0010846695079587132,0.029169533666454805
2023-09-13,-0.01185453392362934,-0.003657063973792285,0.002506351546659902,0.002401366646997749,0.012930723842220493,0.013706489597501648,0.006972193988437736,0.0011658959489537768,-0.0001250470440707918,-0.008936870800784535
2023-09-14,0.008782384354909967,0.006197513338572991,-0.0015243513566354228,0.008278732268988342,0.007855751821803203,0.002110504815476366,0.010974053640094628,0.008622406978120223,0.007836139615186477,0.017863140473162842
2023-09-15,-0.004153989795314561,-0.004365293288047467,-0.013985599456624476,-0.008894922583638887,-0.025036951420168818,-0.03687944261435172,-0.008399845894355273,-0.012048317343959836,0.006410085161472345,-0.015356021960123423
2023-09-18,0.01691350235446132,0.00432407702280857,0.006317562896543949,0.006213317503285687,-0.0035127249191818644,0.001503304867928934,0.0037797255688336584,0.000586503123567006,-0.001314955936533413,0.00805495222324959
2023-09-19,0.006180735549899952,-0.0001193710621778532,-0.0016615550897719489,-0.002058411403325633,-0.001246150660126344,-0.010144072128206338,-0.0029213683074307273,-0.0020738997647606894,-0.011109744476275774,-0.0026352038862608174
2023-09-20,-0.01999212868232403,-0.003050376807331112,0.00437742987370604,0.004468865593252103,-0.023976832174980034,-0.02943472895989141,-0.0008465979555223324,-0.009193334898152217,0.023863153853808994,-0.007926357005053064
2023-09-21,-0.008889408186366632,-0.00899857842460472,-0.007673296997497747,-0.015400360782703681,-0.003865682194217235,-0.02893047662874737,-0.008665964210908483,-0.016528288661974977,0.01830817987370148,-0.014089321172057412
2023-09-22,0.004944535332101818,0.006598438200411172,-0.007175493612447292,0.0010426201146940262,-0.007886440563207753,0.014457331765486359,-0.00368067835970165,-0.0022485745369164034,0.009897311374454487,0.0015684051646280839
2023-09-25,0.007380266589532614,0.01461403556719354,-0.0014953748976469505,-0.010416418460188703,0.001671720835994206,0.014708058350580089,-0.006069431948448334,0.0042051361330319725,0.00825930516792428,0.0112232904000098
2023-09-26,-0.023398462204991866,-0.00539408580832057,-0.007737244457614367,-0.008245699552159147,-0.01700581632218301,-0.007365920398347714,-0.008894121061494342,-0.014691325801432509,-0.009465397819953258,0.0015487130272473504
2023-09-27,-0.00889738778007132,0.019308773798075274,-0.012011220440775738,-0.010259999953197485,0.002082505654184441,0.013289946918087603,-0.013260467537339005,0.0003991290463143393,-0.003402925657250533,0.03255726382590507
2023-09-28,0.0015253285317760046,-0.0026309760559221074,-0.0014638621079572367,-0.002502260206097673,0.0027175175083395953,0.014622840172786145,-0.006786970773404621,0.005797472109528634,0.012645755660938729,-0.006073274599145639
2023-09-29,0.003046735102333553,-0.011548385825600138,-0.007203139148298732,0.0030460068362936354,0.0067274243650543575,0.00951537581880646,-0.003280084014563811,-0.0024267961311514874,-0.011586007791712594,-0.015819709867887943
2023-10-02,0.014835425421933834,-0.012335314299313116,-0.0038521856336247717,-0.008931781157367591,0.019160918503008606,0.029494709522332574,-0.0045932370632445485,-0.00039770894247748156,0.020587408548522257,-0.01658454339963933
2023-10-03,-0.007769585708359061,0.0023417706203652244,0.0012246560097828318,-0.010814672599791741,-0.026134336573598538,-0.02824790193652693,0.0020661619940607334,-0.01338602180173254,-0.009911157171207385,0.0017296570861500271
2023-10-04,0.007308342764421605,-0.02330320621207893,0.001158758912363389,0.002915557749097575,0.017773333792233004,0.012041300215922757,0.0032992471283532776,0.007281911043239608,0.0022572673663017184,-0.03738233048667672
2023-10-05,0.007198105845914071,0.005274861294287891,0.010416547054783232,-0.048328688862086744,0.0012540420891358206,0.014690826275779001,-0.014866060767656397,-0.0003768611981554981,0.010986463494903509,-0.022511207774745134
2023-10-06,0.014750583231622594,-0.010189161213450038,0.003181811294325154,0.01450935031586531,0.02473687215976894,0.02403334953407965,0.002016890944924521,0.011873000609228468,0.01662041299894379,-0.016698738295889415
2023-10-09,0.008451107632680088,0.027676904091975096,0.005709367785408093,-0.004892398962847877,0.007822660453270736,-0.010685828572421174,-0.005066572755932031,0.006401976391678721,0.0032394222742053724,0.034991097945084704
2023-10-10,-0.003352200304996611,-0.0010798241875886738,-0.0011351617391670565,0.0217471061539809,-0.004335598438008792,0.011596373273723648,0.009905197144465028,0.005204839800025729,-0.00431149925755403,-0.004237308268475237
2023-10-11,0.007904093442440141,-0.03266472428693745,-0.013766373953410294,-0.0059226976553437005,0.012272011941280025,0.022009685967530723,-0.01229464491723753,0.004096257027888184,-0.00020990389026409595,-0.03585349192849574
2023-10-12,0.005061207498421316,0.0008069844552502925,0.0009605801128895752,-0.016756601904264756,-0.0037905976373588945,0.002969609695842257,0.002237874255023531,-0.006096313461938063,0.0026902547851281877,-0.00018766992120922144
2023-10-13,-0.01029290257783444,0.017552570174223847,0.003326279480035055,0.0015149587795473263,-0.010357552982099616,-0.03161135816021465,0.009558858094076639,-0.004980947856252582,0.026373002887013053,0.03193391773093146
2023-10-16,-0.0007267591922467398,0.008167691735202043,0.004335191714400111,0.01020981935379206,0.014982060374544304,0.013946203393874423,0.009537967501636935,0.010521422987217477,-0.0025397865563761,0.0007281188964936014
2023-10-17,-0.008784688500458326,0.013240567968058725,-0.009141093849487247,0.01197833709438334,-0.0017436781825711511,-0.04679468061970504,0.0013007120567618546,-4.589631226759039e-05,-0.002565103072360797,0.013096832503170841
2023-10-18,-0.007394901983531099,0.007936100256592749,-0.02152588414421308,-0.00036997118445136756,-0.005872450851915123,-0.03964707244388077,0.025775986939778228,-0.013325092853804454,-0.0010992767583463126,0.01400491035139062
2023-10-19,-0.002161007919682767,0.0010656592056985659,-0.0026845117335876356,0.0055503979560915795,0.0036654620644742675,-0.0022510990796071884,-0.005627390353167727,-0.008786158331933747,-0.008263921545826558,0.00061968473326246
2023-10-20,-0.014704168975797405,-0.013423944536402832,0.004464120458194554,0.004047880574972851,-0.014034827900822222,-0.01695937036894135,-0.00134914512081874,-0.012288197822774571,-0.0086527091933577,-0.017165006438746078
2023-10-23,0.0006941171560002068,-0.0368639426469064,-0.010522947328741261,-0.008979235012418263,0.008111908745822127,0.038369582250722845,0.0006752067987072508,-0.0017332295409103748,-0.010360026089584196,-0.014674185795852779
2023-10-24,0.0025432117797667964,-0.02508105345910272,-0.0010568341046788277,0.028846071524014638,0.0036744454750894384,0.01600937547161263,0.011812465685102191,0.007539317059869877,0.006576370963327305,-0.009684845276584753
2023-10-25,-0.013491584030116854,-0.004979124198294049,0.0022485310745026243,0.008626828910390127,0.030678137785465465,-0.04314877588267019,0.004669867923524418,-0.014352118612905196,0.009923917107168112,0.001845113855726943
2023-10-26,-0.024605540120775427,-0.007185516614341192,-0.016956132611053998,-0.0060583626789418865,-0.03751435743479048,-0.03477824166736798,-0.005312044622351575,-0.011974539126637818,-0.003489383154884451,-0.009116750691847031
2023-10-27,0.00796933075176165,-0.06720519684018467,-0.02281850609475622,-0.009680916258981154,0.005855579114778076,0.0043147280765052365,-0.017623593380661218,-0.004532891023922403,-0.007002591877154685,-0.019051990563567434
2023-10-30,0.01230534788683113,0.012054069806328283,0.00982126258320526,0.0164736676361521,0.022740393831091055,0.016321223403356733,0.01427011628443764,0.011955797315381655,0.010158858712186358,0.0031263889514123733
2023-10-31,0.0028185155291930997,-0.0024640349038156373,0.008909726170854393,0.0060551248720417394,0.002371641883738951,-0.009256530490478254,0.005158990734440705,0.006280319826460712,0.010509547987786583,-0.00028332419074228454
2023-11-01,0.018738739912576907,-0.012008642541747938,0.0023595524028967585,-0.000885048491055862,0.02354265815994716,0.03788647487307095,-0.0027993830529429164,0.01066469332251252,-0.007394044635771535,-0.001983910433434155
2023-11-02,0.020693315740067053,0.03319888698240603,0.01042429235214204,0.01151655490117931,0.006501637006932182,0.027902894067552753,0.012231654519867297,0.0191643412765532,0.00852141703592002,0.03284738351260175
2023-11-03,-0.0051812434496977255,-0.007730341596530299,0.007321513080419617,-0.0061305904173564185,0.012861641369539711,0.03445500847315497,-0.00904636281257809,0.00912352756858259,-0.009755007599082655,-0.012189456821758649
2023-11-06,0.014605467634054792,-0.004132631301835832,0.0023787713774761077,0.004053474239437138,0.010572449390288785,0.01657608416432277,0.005797262136100656,0.002300489870728173,0.004821978111561709,-0.017721429189027194
2023-11-07,0.014450567053024388,-0.017618953014453154,-0.005273589672824208,0.0036862619547723963,0.011219565168731016,0.004458935739633851,-0.002318954208291424,0.002845828267884487,0.008191706021769773,-0.01567951725718797
2023-11-08,0.005884905468601653,-0.01391873329842852,-0.003644526515080959,-0.0015740655991764996,0.007405570481062496,0.013469699434383253,-0.003851714442251075,0.0007324840304177016,-0.002045339162140669,-0.012282809172619813
2023-11-09,-0.002624506268137816,-0.0032302760447816548,-0.019488045096128226,-0.007531973741206399,-0.0069108203171267535,0.008073123715931274,0.0022668243587959935,-0.007798612756973133,0.004229523658969336,0.0002913630246748067
2023-11-10,0.0232200291620539,0.007115357385009569,-0.0011531532420755441,0.0010590321985188833,0.02489675543758718,0.029499355419971174,0.007050083126086459,0.015604641193150304,0.004100134507949438,0.007672924773130196
2023-11-13,-0.008583694540217457,0.007345562080985246,0.0025807181879768937,0.003702363447196433,-0.008088185875219311,0.005896355182418711,0.0069349435320678054,-0.0009531094371517668,0.00251285205634999,0.010505988424690305
2023-11-14,0.014285753651810618,0.0072917005326016415,0.00020317520052914873,0.0029861545339873174,0.00979035568477249,0.021308225382018264,-0.002230288658892854,0.0194007709739088,-0.003888917065565045,0.0038503711692376985
2023-11-15,0.003040856946023407,0.003515832358946369,0.00772032108598486,0.0019263925186931985,0.0004060566510908359,-0.015466431212894816,-0.004601501631204208,0.0021170155644787414,-0.0037928853221110836,-0.006040786076384919
2023-11-16,0.009042220338437712,-0.01582778513976346,0.008736625754027116,-0.0010487786865972515,0.017583372354381455,0.01210936791540096,0.009311868036932847,0.001223162206681394,0.002618721440780236,-0.01157650073191796
2023-11-17,-0.0001053386952222235,0.018974344425303213,-0.002065296096460334,0.0019247795932419987,-0.016801018243529864,-0.003678302472137185,-0.01151623378924127,0.0012436824695458704,-0.006539336987478661,0.024399895372616998
2023-11-20,0.009278184709994752,-0.0005536754451577197,0.008815764854063213,0.0024450855671653837,0.020521754988239715,0.022536514338081126,-0.0052954104089703025,0.007697696229948647,-0.002218819494318458,-0.004382687641416472
2023-11-21,-0.004230869240911317,-0.002354865016654717,0.00807123865790782,0.010975507521975736,-0.01157800338437387,-0.009224771361411421,-0.004391927196654266,-0.002179493691767731,0.00839089438027485,-0.00038282916783827226
2023-11-22,0.0035145051653140413,0.002013205364149062,-0.001985018844490427,0.006720732106080263,0.012812711525402865,-0.02458743360473903,0.009424303243074306,0.00386090356884794,0.007728070375486729,-0.004307803016493694
2023-11-24,-0.007004312691684111,0.003949181537829194,0.011139063455083642,0.002567499013384822,-0.0011116956940935285,-0.019295547040843797,0.0023837885428856787,0.0006151910994585119,0.006142338310561657,0.005384060855811779
2023-11-27,-0.0009477254710540395,-0.0037266929432933082,-0.00799999139473584,-0.001878043757120862,0.003126383747717121,0.009753961124305599,-0.0009248423583870791,-0.001800830441085144,-0.006415602132307741,-0.005833404481113136
2023-11-28,0.003214281648868278,0.007966200166135362,0.002313532189825107,0.002052707079944316,0.010802856274903405,-0.008726984014564731,0.006942630129424199,0.0009901426080394238,-0.005629237287128386,-0.0005769873430379047
2023-11-29,-0.005409862160320356,-0.010995819141815466,0.003165650431790734,-0.005974727236877753,-0.010060232628958388,0.006670852299482055,-0.007616897355867458,-0.0007035020790052693,-0.010267870854003491,-0.015014640051949302
2023-11-30,0.0030629150473167055,-0.002153942817977539,0.01676419141451513,0.011597656912795795,0.000158570458167695,-0.028458697658658827,0.015814014190040027,0.003937496923179573,0.033627684723573914,0.003908606296813888
2023-12-01,0.006791326508644113,0.008426250893307285,0.024052873939683028,0.0034223331785394606,-0.01161247977438784,-0.00010688330965635817,-0.005601569341532664,0.005915932849248184,-0.007131340634097816,0.00243322665929524
2023-12-04,-0.009464669317555074,0.0004141649571911543,0.0031568840891178507,-0.001193748751557533,-0.014338619156642363,-0.026836544302432985,-0.003930513736751573,-0.005249483508577346,0.0020469836757817106,-0.0054373845177571045
2023-12-05,0.021063201171240387,-0.01387428795813117,-0.002076904095474008,0.0015366842128998748,0.009156339756469123,0.0232938381700436,-0.034854653662964696,-0.00019705641536482688,0.003611243888941962,-0.019427773417476146
2023-12-06,-0.005687128243971995,-0.002310187896549354,-0.0121729408675475,-0.0010228842917905379,-0.009986150088808432,-0.02282792648016818,-0.0007494572221267148,-0.00402977182231945,-0.0013267054219081587,-0.01324174819269408
2023-12-07,0.010139526307507918,-0.0007716869820418859,-0.007789650324572239,0.0023891272035965194,0.005829933572111701,0.02402048110164201,-0.0010230384499316791,0.007630496052002167,-0.002292720054441366,-0.006961982225729968
2023-12-08,0.007412398172462309,0.013270373386469636,-0.00630616831951869,-0.00221320762265631,0.00884211338502916,0.019529675093995058,-0.009214983042038716,0.004299040685961764,0.002735958033848851,0.011481300331340094
2023-12-11,-0.012927425788650138,0.0002774195209966912,0.004144393235293142,0.007336551741607966,-0.007829462842036672,-0.018502947032884798,0.004615920817473862,0.003889531169030347,-0.011077557422066509,0.0007032219389258021
2023-12-12,0.007920091652845684,-0.012816189940752842,6.463764411757111e-05,0.006436317187001661,0.00829535707513851,0.022090349217677607,0.0008231568713061854,0.004567349426657374,0.0037521559385018666,-0.015759907920611438
2023-12-13,0.01669156557182827,0.0148071001576211,0.00464303126937482,0.008583036012500544,-2.7007099044462635e-05,0.00904358265751637,0.018089496825610007,0.013790063422416399,0.0060288079485042445,0.00887296667873394
2023-12-14,0.0007575439269069673,0.036788441231276,0.006932359741014249,-0.014850727617491732,-0.022544473167847134,0.005448276262151497,-0.02638303558806898,0.0032093653866887006,-0.02690285682391047,0.02689061236174095
2023-12-15,-0.002725732486566934,-0.003868234184033925,-0.010900721183029982,-0.007452479079346874,0.013117464350807406,0.011168596190440638,-0.004839023079962201,-0.001646461952551359,-0.005840292553872528,-0.006694359623362622
2023-12-18,-0.00850330359452578,0.0022093444486512848,0.001804564282144705,0.007167241633803112,0.005178680505572464,0.024279087807155486,0.015351237392098538,0.005625020765432698,-0.00860448310436046,0.007433124879948627
2023-12-19,0.0053602618401726865,0.013094868121024561,0.006562147063771118,-0.0032192835410714826,0.0016370489839885316,-0.009445522097561443,0.0,0.006080946509705365,-0.004766916029251056,0.013182393149888672
2023-12-20,-0.010713983482471767,-0.009166579465568203,-0.020388666690990265,-0.020737664197691186,-0.007072838762213651,-0.030098415154390046,-0.015461310071748002,-0.013857262627366751,-0.015475729214449063,-0.01670051516469595
2023-12-21,-0.0007697933684188696,0.0030617688455447656,0.010243294430312355,0.006596007967150541,0.00787894848749815,0.018270352800650036,0.0024321215180498346,0.009481878761340878,0.007656076431618919,0.004542298977424197
2023-12-22,-0.005547590642076106,0.0022558450066809677,0.004004116837239335,0.005690651537237024,0.0027839888037459737,-0.0032659243061899934,0.007070618945609786,0.002009663437074538,0.0008271232530665529,0.001769313408939599
2023-12-26,-0.00284095981431165,0.009003744613095055,0.004373920619650695,0.004115250068355447,0.00021361593980206983,0.009195024487822057,0.004543117543438724,0.004222601411330462,-0.0005380302377077095,0.002257008769935398
2023-12-27,0.0005179007903841626,-0.0032807176579620068,0.0013450602104336795,0.002561507629404325,-0.001574707428593447,0.0028004837742079403,0.0008220300916308432,0.0018080348792433032,0.005307312744594395,-0.00469952729597134
2023-12-28,0.0022264837639178747,-0.01408739437442652,0.0014712522987334609,0.0006812489713503567,0.0032346388545221316,0.0021247530716934637,-0.002259259650386536,0.0003777782220157899,0.0040360640100838285,-0.014459927458181587
2023-12-29,-0.005424224947018663,-0.00407293065966996,0.0010218578473579765,0.003063882391147743,0.0020251515381874974,0.0,0.005558022735185464,-0.0028949201685946058,0.0029909025003682643,-0.00209610666431026
2024-01-02,-0.035786705177710765,0.0021454859519423053,0.0206073962704576,0.015102663634576352,-0.01374847669813517,-0.02734136896753503,0.01501321833732594,-0.005596515401413593,0.024445932049804053,0.02380480765794668
2024-01-03,-0.007487490992259094,0.019065945444191268,0.006251013251717508,0.0023404020752624266,-0.0007281238421216196,-0.012435590709004352,-0.006051097741942124,-0.008166614663216887,0.004987668096267495,0.008401853257089087
2024-01-04,-0.01270015210399944,-0.010962750312195735,-0.0021121007188540375,-0.0033357127769829686,-0.007177581554097312,0.009018539255481572,0.00547892081143031,-0.003221075305737564,0.006254298724329255,-0.008719346442937925
2024-01-05,-0.004013074409289441,-0.0017260412231315803,0.003112664674820076,-0.001505947094403326,-0.0005162821227295833,0.022896618998119678,-0.008274217064518474,0.0013696686415112236,-0.014741142555251718,0.0030297739680220648
2024-01-08,0.024174868187411658,-0.005984055682680789,0.0024825066506439786,0.007373794707165704,0.01887162763886363,0.0642809535473694,0.008614510106157214,0.014275917445046193,-0.0016003753975856183,-0.01666192536332345
2024-01-09,-0.0022634156045030496,-0.02541801540097066,0.000619064380055212,-0.001829664985584678,0.002935692094164777,0.01697516350232342,0.004102888498393353,-0.0015170617781710138,0.0034483203409623187,-0.012386032255875867
2024-01-10,0.00567133401625175,-0.008236080553291614,0.001484794707594883,0.0033331467230517386,0.01857408544195205,0.022770008894248184,0.004286484105959554,0.0056553985717209265,-0.001356125391555607,-0.009832172646754067
2024-01-11,-0.003222308896751902,0.005398045043762734,-0.004448084100235117,-0.006478391293853081,0.004859327243223577,0.008684352057730438,0.0038015452635264957,-0.000440607070651744,0.0037945483751036235,-0.00020293533871940106
2024-01-12,0.0017780448873185861,0.013697873238163183,0.007694765578533547,0.009697327521122068,0.009983708288584303,-0.00204297326080638,0.0005979937283158154,0.0006927160276115618,-0.033668151988305195,0.012972603041253805
2024-01-16,-0.012317152355517114,-0.02430942358921695,-0.011515378890179173,-0.006623651304590417,0.00463346257408026,0.03056113771221214,-0.005378618151452463,-0.003671240950010146,-0.004525176214988491,-0.022611263831391448
2024-01-17,-0.005173500898637551,-0.003967007742562645,-0.0005605205309422434,0.0,-0.0020498809410974816,-0.0058351046636442305,0.0010014834926117544,-0.0055586288622798685,0.011152629100168454,-0.007267938294228005
2024-01-18,0.03257063877393995,-0.009083096937632651,0.004861727870436816,0.0028338049618865657,0.011297224136658457,0.01880359582832858,-0.005765080546314083,0.008892743767643818,-0.01638276420086171,-0.0018560584529341284
2024-01-19,0.015533033353019032,0.002961474859474178,0.0029153578540459524,-0.005485318909791759,0.012187029658354387,0.04174616786544427,-0.003847804510352937,0.012466215601009356,-0.024751104703437332,0.001549420236971466
2024-01-22,0.012163309773617126,0.0017577026258754902,0.004886335700728717,-0.00434563667066401,-0.005418179227394404,0.0027399324633048394,0.0019652011875406217,0.002114256523492175,0.018726621446769842,-0.0013406166751201987
2024-01-23,0.0066532415958802105,-0.002807068068408247,-0.016372283006519717,0.004700310618447112,0.006027600183755366,0.0036712555278792802,0.041390316383922876,0.0029164787062068154,0.004931948757578963,0.011257923479957022
2024-01-24,-0.003483909540267005,0.01991667182737511,-0.005318886862437755,-0.015705850854823122,0.009175225635133621,0.024869123982766972,-0.012079339485713603,0.0010932628914375186,-0.004442201091440889,0.01726068890357535
2024-01-25,-0.0016966725541771588,0.02518633819680094,0.003774748860888355,0.004243629178072972,0.005738475771373874,0.004155722156446773,0.02300803944688612,0.005438906348074424,-0.03863755697553095,0.02540165690626317
2024-01-26,-0.009012694178362701,0.0038364769385310638,-0.0003761684584957514,0.0035497684061045476,-0.002321897149108021,-0.009510312229089601,0.0033414916443847975,-0.0012704629601297812,0.01986208048338689,0.008518499429191584
2024-01-29,-0.003585929049866765,-0.00040225435401930465,-0.0008776796018992172,0.006063634310681243,0.014334192615207852,0.02349628750417243,0.00012824352735707478,0.007919372812505543,0.0026628992421844355,0.0012621129889711646
2024-01-30,-0.019245883502370442,0.006975973531371471,-0.003702277095476325,0.0028462089308656235,-0.0027578962538671314,0.004946661738990388,0.00851686791775097,-0.0007734921111419713,-0.0018433018024713865,0.016678084672004934
2024-01-31,-0.01935750132309355,-0.01791895444993319,0.0008186910345375775,-0.006844694781265259,-0.02694643468991509,-0.01986488036376055,-0.0022223317420289046,-0.016317325635504476,0.016143480216956885,-0.019456345629439653
2024-02-01,0.01334047221922563,0.0031203340174423833,-0.003398236505409602,0.025046144219809552,0.015594386021032358,0.024379585119918445,0.012981925647980841,0.013088245442933077,-0.008988837970010821,-0.00408521790677796
2024-02-02,-0.005405075072322352,0.02941377627027153,-0.011050800243757153,-0.007215387463972989,0.018425999328602227,0.04970886143642739,-0.00684739189292316,0.010527424521186157,0.0060929717532425265,-0.0041020563311179314
2024-02-05,0.009846689594587898,0.000591039278249772,-0.005172203584971835,-0.008258947413204543,-0.013545202396906597,0.04794452896184609,0.0007589384392416854,-0.0036412592956026613,-0.01424849080801438,-0.00411887121174348
2024-02-06,0.008631630202244889,0.00013135113076168103,0.014505873355199483,-0.001665599780206084,-0.0003944321791008454,-0.015995615211433,0.004740541051415859,0.002903381627711532,0.015329232559203598,0.00689306862204031
2024-02-07,0.0005812290883882021,-0.001444115707487481,-0.0005062486106184316,0.0008340182560293563,0.021110256413797712,0.027497969754182616,0.0010065165070964888,0.008340367966470197,0.017075666787183197,-0.00029331839663326864
2024-02-08,-0.005754736057749565,0.012686526205032633,-0.010001034192308245,-0.0026670582718493208,0.0001449394928334513,-0.0065336758793040906,-0.0030164108737948947,0.0004415611268668851,0.0013477989318007033,0.017120125769791272
2024-02-09,0.004094036818470759,-0.01960270459622726,0.0023016686861987434,-0.004512760723462184,0.015551504248650927,0.035783975658783884,-0.007690527894815169,0.005779462489611031,-0.0035958119250493192,-0.02116014473046257
2024-02-12,-0.009002033285823496,0.006885448187283316,0.0069532954694333515,0.002350549857204287,-0.012578769421603964,0.0015939021666389053,-0.001969125642956815,-0.0004389554866645051,-0.0011189728729670279,0.013756742790638876
2024-02-13,-0.011274321932383868,-0.009731610991329354,-0.008742587900793741,-0.005862766070069081,-0.02152855989224367,-0.0016607624739405358,-0.005346744962984484,-0.013772926717276479,-0.001526343415080511,-0.008609235073465116
2024-02-14,-0.004809704463912823,0.0027225596748794434,-0.004665229426547901,-0.0010107851403321488,0.009665223540595846,0.024567593651837916,-0.004095370117717878,0.009087539027314628,0.0001742539480382721,-0.00493372117987545
2024-02-15,-0.001574828323040789,0.03400702302340641,0.013997458646122451,0.0018552462448557794,-0.007155278142811139,-0.016806637517262524,0.008867007667543003,0.006899793709901791,0.0076216282084802245,0.028659237142646177
2024-02-16,-0.00843032654313125,0.0011008870787005964,-0.0011483273269911054,-0.0001684029175477164,-0.0061491333836525275,-0.0006196791196116935,0.003184688239117106,-0.004979973581171526,0.001286473275461164,0.0
2024-02-20,-0.004113882451202255,-0.004074415819273036,0.0083677282975827,0.022057661230481918,-0.003142967437440136,-0.04353190026526632,0.006348742296613974,-0.005505318392340253,-0.0009395148800135367,-0.009447525094122389
2024-02-21,0.0041859671928756725,0.009350770197447789,0.00519447571303111,0.008896160314668222,-0.0015146082290732332,-0.028508887527001314,0.011923512662489255,0.0009057560569587508,0.0017463747434800503,0.020437988644975702
2024-02-22,0.011243831712689278,-6.436882907057129e-05,0.011154711642963111,-0.0014696194158531073,0.02354670723896679,0.16400885410159205,0.0009975821366008386,0.02069548839377333,0.008678602548456427,-0.0008584577198802457
2024-02-23,-0.010034041142444217,-0.004954018688035577,0.00866314255952938,0.0008176494232354781,-0.0031823294642626676,0.0035523029731110434,0.002927204190442678,0.0006896579493562704,0.0014055296679555962,-0.008781996773333134
2024-02-26,-0.007451337056707974,-0.0013578029491319032,-0.0064879267786521755,-0.008006498322879474,-0.006823372022441765,0.003489206944823131,-0.005030267067122174,-0.0036625170438527865,-0.0036415556148290396,0.003948447450214054
2024-02-27,0.008114443065503796,-0.014826903160898852,0.001181499792941354,-0.00609443074295879,-0.00014744007456279906,-0.004943781397505287,-0.005741957046713209,0.0018576239189489474,-0.022652834698668745,-0.002110477194114724
2024-02-28,-0.006625413144226822,0.001182953031181988,0.0035409232856589146,0.0009942009138192986,0.0005889327734915906,-0.013189127057332328,0.004708104193483109,-0.001321516892271557,-0.029488415605637086,0.002787840527721519
2024-02-29,-0.003693252506250966,-0.0021662949281942012,-0.0010521900790800842,-0.006291257283842722,0.014519905110288,0.01865749967302688,-0.006935280765171137,0.0035949057285806774,-0.009392502496590294,0.0019170347301438184
2024-03-01,-0.006030188287986515,0.0052628312295923685,0.004585444225880142,-0.008163974292165976,0.004496632686736612,0.04003180765008563,-0.0005661085057033777,0.009388268828250945,-0.008245473864660902,0.012629210601257324
2024-03-04,-0.025381500128246137,-0.02571805737252153,-0.014063792129542452,0.004703468592790028,-0.001395857150982116,0.035950848542874336,0.0044694320208011895,-0.0010723989436863812,-0.015647732280468007,-0.013983445559724417
2024-03-05,-0.028440619638915643,0.004768966771601324,0.0008134995084576602,-0.0048486980468473995,-0.029571986416030427,0.008576480673148978,-0.0015040974853018918,-0.009994191635525618,-0.018096164946338034,0.01226529768212603
2024-03-06,-0.005878278345530008,-0.008423046928789035,-0.003938301637186781,0.0005039834607427629,-0.0013908145774397251,0.03182732444713765,0.00156930744547501,0.005067315538935135,-0.0011623608429027765,0.01069677496701349
2024-03-07,-0.0007096263867650832,0.007011395696689293,-0.002949619228464484,-0.0018472151102346679,0.01753350280511956,0.04474633039008613,0.0065800895882182076,0.009926451587278562,0.013076622558251705,0.005619521212977263
2024-03-08,0.010236746886374437,0.003414529321839277,0.004091511642777768,0.0013459718203581161,-0.0071370346476412605,-0.05547693225288419,-0.0016808664365479675,-0.006002269881385414,-0.0006919988116417253,0.009406753108148092
2024-03-11,0.01183145277804476,0.014144237191372255,0.010719480063271503,0.012096705564717425,-0.004185004952808935,-0.02003920140068871,0.007483434549692358,-0.0008598013296785556,0.026396914426187745,0.0059051018710023495
2024-03-12,0.002778681820323037,-0.0007236399886638711,0.009365618490593697,0.004316196159119157,0.026599558446024796,0.07157179579708006,0.0023522025655804413,0.010757472427785908,0.0004089438289858194,-0.006420850965410341
2024-03-13,-0.012122535310760907,0.013167693707797135,-0.010077520387979044,0.010247890207045085,-0.00043347808774618635,-0.011152121775981239,0.002285055083200316,-0.0015677118281638425,-0.0027587674535153317,0.011170648271109807
2024-03-14,0.010927160071326991,0.01176156026343289,-0.011732032590259456,-0.00222653932068706,0.024379708647018772,-0.03239148789749591,-0.004929216483447796,-0.0019768221201301728,0.002049274705500981,0.01771212288795687
2024-03-15,-0.0021964995871318616,-0.0009633810610388815,-0.006469327599362695,-0.010247813652246807,-0.020695343321365134,-0.0012166420644260656,-0.0007428128790042399,-0.006866463700680225,0.00372181510543923,-0.0017943654140836207
2024-03-18,0.006372496457070609,-0.0008999867468074685,-0.008977047609167177,0.004174984745469956,0.0021613081764608744,0.00703588471743255,-0.001053664652329589,0.005943155234570563,-0.007681111270354868,0.009256858939193258
2024-03-19,0.01358499029263327,0.007785702889367974,-0.00350860794961827,0.0016629694872571932,0.009800715340380517,0.010660841168603996,0.0038457652026877565,0.005557088734734483,0.012873385313658003,0.007034748230525079
2024-03-20,0.014709172357413314,-0.013216673090783226,-0.0028807394102785544,0.008633611698850352,0.009064797885551146,0.010894961193721464,0.0009888679306120363,0.009249220596904362,0.0018448069253733657,-0.0008842944055451607
2024-03-21,-0.04085755995497986,0.002005838722137554,-6.428035012406852e-05,-0.004608940923443772,0.009735904463114675,0.01176242154608298,-0.0008024727273020504,0.003304792319186678,-0.005139405139950037,0.0044251673003563585
2024-03-22,0.00531037327747641,-0.0012914395111327526,-0.0033386119778192613,0.00033077765652111957,-0.0014673504225041212,0.03121349423564146,-0.0012357044230481007,-0.0018958133302060531,-0.003294818147269951,0.0
2024-03-25,-0.008300459716255038,0.011702895911796407,-6.439494447252336e-05,-0.0014879399911065239,-0.013714454328392356,0.007561866463791533,-0.009093150169819486,-0.0027627133218163236,-0.008549782048728916,0.010221111486711676
2024-03-26,-0.006672601676891432,-0.007669015755820574,0.003543313528340253,0.002317857730366857,-0.0028615756562431205,-0.025694192657452986,0.002247273131481542,-0.0018469716653164436,0.013233662285448311,-0.007501053971583294
2024-03-27,0.021212694433655477,0.006955661106758049,0.014059248465653429,0.008093809122160955,-0.0005216389966502533,-0.02496730917678902,0.01283091794897473,0.008403682680015567,0.0016047612584673132,0.010369993006552392
2024-03-28,-0.01055912684184468,0.008890252762004058,0.0014560016342013427,0.0024577356471138234,-0.00168480878691335,0.0011744618193207934,-0.0022138287635490306,-0.00019103899513839284,0.0032448235071285136,0.011046453771081488
2024-04-01,-0.008455752694376373,0.008495080535164234,-0.002591819507928861,-0.008172543987128966,0.009150964452797616,7.739360662850636e-05,-0.010292818092108136,-0.0017399314476956862,-0.010107147507332881,0.006452127566366039
2024-04-02,-0.006998642637498054,0.00440029063003089,-0.0003167710566595039,-0.00873420011508974,-0.007372303406522396,-0.010081618986168106,-6.21457148447524e-05,-0.006358016551406331,-0.06444751569856577,0.019574331977137538
2024-04-03,0.004797259532973053,0.004130636284415123,-0.021999753934366484,-0.005320192379238753,-0.0023489506610573363,-0.005455215288341253,-0.027526982005361744,0.0010985957521607581,0.0034922208315826264,0.00016766706870030568
2024-04-04,-0.004892544973694957,0.0015581288474513233,-0.011409314801556159,-0.008858490341490666,-0.006112537245065663,-0.03438489912758391,-0.004483013888571308,-0.012206150055177223,-0.009483587137230298,0.003520555875649256
2024-04-05,0.004501861983189137,0.005663054031151971,-0.0007212384548203055,0.0035414177568611205,0.01828274473170044,0.024480869572102604,0.004181484592242102,0.010446673974453757,0.0007906018846726148,0.013782072390988276
2024-04-08,-0.006663410045691154,-0.0020419541800690277,-0.0052497391956489725,-0.004032954184407078,-0.0021854368768371435,-0.009942547665707457,-0.0003845157462384341,0.0005594956353900393,0.0005704805544151093,-0.006756176520287038
2024-04-09,0.00724242276191589,0.004526557612479332,0.004617710154032784,0.007592426095198501,0.003980316292638397,-0.0204170418541727,0.003973603775953016,0.0011567319533956066,0.008157812009907506,0.0052261103849409185
2024-04-10,-0.011139093101911968,0.004135690096717104,-0.013723602843690896,-0.013395840305401086,-0.007084560527124584,0.01974142278356239,0.003702137014042428,-0.010013105546115453,-0.021034469170863157,0.008417150931184558
2024-04-11,0.04327082679231786,-0.004795037260792556,-0.009387654188778627,0.002206408854307451,0.011033290477530544,0.04109646536364031,-0.008903668073145798,0.007546924360555707,-0.018509192545371422,-0.0033551437730087175
2024-04-12,0.008626723189674168,-0.018098695401088438,-0.008535520683830788,-0.01303994198835412,-0.014090978688140354,-0.026816310302814395,-0.0032724245574039523,-0.013803149534362014,-0.00570492148828361,-0.01165942719492219
2024-04-15,-0.02186351559171218,-0.00861850189279234,0.00047432341043163184,-0.0024021028086318452,-0.01957809599122884,-0.024777296048297814,0.0007724237782651411,-0.012528045539618837,0.014640410177644059,-0.0057322354367176365
2024-04-16,-0.01916739104437115,-0.008312588791044129,-0.02127508900102426,-0.001375995299417676,0.0022723771607064958,0.01644170143563639,0.0032166476437072156,-0.0018238497618979777,0.0521956750000685,-0.00827202085161971
2024-04-17,-0.00814731313184991,0.0007677371230279117,0.002215433900229824,0.007750585842058788,-0.006609026161287224,-0.03866612880409681,0.006476449625790082,-0.005918175894986888,0.021540261892496027,-0.0005055707586620883
2024-04-18,-0.005714307731204293,0.0074809557375801194,0.0067003200819215625,0.006836539251217744,-0.01838099849756225,0.007568203595471834,0.008572982130772733,-0.0020577684122999873,0.029624708047243153,-0.0009274639551891672
2024-04-19,-0.012212667937331778,0.015421768848088657,0.014889533537392197,0.02138834440489168,-0.012738859863477447,-0.10004598863146585,0.005404114234106139,-0.008728335232320639,0.0161199401874923,0.01147502767095765
2024-04-22,0.005090952295019768,0.011999873672286832,0.008180701891102204,0.006315570807343018,0.0046101145382344555,0.043543244310452645,0.015176303521562629,0.009209134257071705,-0.019755310692081474,0.00567235411636724
2024-04-23,0.006391584226688618,0.005743621006859989,0.0029503445998999567,0.0014863313158095526,0.016485493931689854,0.03653266860030269,0.00597995224919079,0.01186657486605891,-0.010280297644141179,0.0038985131694122543
2024-04-24,0.012702444370304322,0.004421303447965208,-0.006886528163966954,0.015006649007996531,0.003655787862208326,-0.033316040292321936,0.006811161537036314,-0.00047452846368123414,0.0023035870697352134,0.00016531059050506336
2024-04-25,0.005147310651002934,0.010454129976100734,-0.011512853586526428,0.0030869188072328857,-0.024495246802854642,0.03708727411619073,-0.00030749020634723845,-0.0037990221536245983,0.013461964738632037,0.00231301584018917
2024-04-26,-0.0034729032266258564,0.00369070217498102,-0.004631676899896742,0.0,0.018243770996188458,0.061755927262879595,-0.007751615019466751,0.009474079381681655,0.003017150181743755,-0.027775536364241793
2024-04-29,0.024807968714596784,0.0026525011038174284,0.0046532291538787796,0.004859009894439215,-0.010016747822607308,0.0002507025857210188,0.002294170081788227,0.0035413652375824167,-0.012758781678746778,0.014242055764500439
2024-04-30,-0.018270807143562662,-0.030421501059566203,-0.015188728913506422,-0.004352034816803241,-0.0321194384272504,-0.015440296880083748,0.0095259876330831,-0.01584116572162686,-0.010899037680777823,-0.011450945028022241
2024-05-01,-0.006047109947067031,-0.01016924416252174,0.045577054402171635,0.0025903979797452514,0.014409426014972526,-0.03889982425089922,0.0012256376472681296,-0.00324715015108501,0.0008474524591433052,-0.018939633840782677
2024-05-02,0.022031834330612066,0.006890827762748852,-0.008334463153208627,0.0009688730082570984,0.0073428537461543986,0.03342933709912055,0.0026925864634965713,0.009353261752962139,0.018301659752713695,0.001809851230908377
2024-05-03,0.05981626567192899,-0.002986448024649424,-0.004335660903232674,0.002903543061597569,0.022169823544343048,0.03463183068783815,0.0037841802910538735,0.012395458196682974,-0.0010547287613158485,-0.0020647656107360968
2024-05-06,-0.009106753526999078,0.012792414393268059,-0.004622405064119484,0.002895333245068299,0.016918232678293288,0.03774111917843603,-0.00012156564732135333,0.010326734245154512,0.0039191890255414474,0.00646547726147273
2024-05-07,0.003797194367837209,0.002279843467505316,0.0009422076827783066,0.004330265966440372,-0.010156046433219212,-0.01721293186608286,0.008027165441994999,0.0011035448306213613,0.013309578990130522,-0.004967924603031415
2024-05-08,0.00186403881215913,-0.0007991900769984683,0.0015466822958680737,0.0036730139740739354,0.0029314349784630434,-0.0015679504116481446,-0.004162686576354768,9.648176106846762e-05,0.004491407623674393,-0.00017208502357612954
2024-05-09,0.010014324732449564,0.017903513568281904,0.0060421900750298185,0.0004773777396054335,0.004335815170617874,-0.018415705615151157,0.005876502079197987,0.005761926346433022,0.007591255758240045,0.01971589487203751
2024-05-10,-0.006890279909845254,0.002236233930017484,0.00040045860441151326,0.006043317114936775,0.005869224540258733,0.012743889957357535,0.004878411953768147,0.0012882290294196075,0.011399740635602118,-0.004052687573584346
2024-05-13,0.01764550728773484,-0.007779539816357373,0.008738579253796619,0.005058447395543064,-0.002459449371754019,0.005797041309977935,-0.005873623440815545,0.00013430746360176826,-0.0020866157485905923,-0.000423753832305529
2024-05-14,0.006173489777870911,-0.005591593009656726,0.0010580712979428863,-0.007549514430892468,0.0068646017593501085,0.010586295879437158,-0.00066331807112463,0.004587921279681995,0.004181894982916212,0.006070273207919863
2024-05-15,0.012217765888137944,-0.0034229086258138475,0.008521548859823369,0.00047542185710236495,0.017483840552765306,0.035837784808151696,0.004524621075691293,0.012383129209720067,0.007141701553679658,0.007733620269399388
2024-05-16,0.0006325289256039479,-0.0020443871708527572,0.01054559003180322,0.003009660212023979,-0.0049399295771551666,-0.002863773032883543,0.008107867486262466,-0.002057521388343031,0.007187700677939057,-0.005987618301477093
2024-05-17,0.00015809307644731874,0.009808214316297192,0.0023333368859597137,-0.0045799485195151535,-0.0018527333578518546,-0.019924013834574872,-0.001310715543551666,0.0014376621237919274,0.00644573873968568,0.015016602477792018
2024-05-20,0.006162142514835711,-0.009405621794879027,-0.013885313826600298,-0.007298177853683696,0.012208263083569815,0.02488151903558755,-0.0019685570155248966,0.0011521723456615618,-0.014105072187649781,-0.008107742225796022
2024-05-21,0.006857294778035872,-0.007260717698898023,-0.00019814713214583168,0.0054339068556719106,0.008698946180308198,0.006393558221979623,0.00621615361345107,0.002452466390780561,0.012218870880298827,-0.006909899371916994
2024-05-22,-0.007538332787494828,-0.015002803577816248,0.0149429984513485,0.0014306380186359657,0.0034495419419244833,-0.004570928147034858,-0.003207680648930955,-0.0028792783967770408,-0.004202079759107691,-0.020110381662555188
2024-05-23,-0.02105829217519728,-0.003998187493961525,-0.024755543505580957,-0.01444430171419031,-0.008176180235818231,0.09319671153382703,-0.01382521892480415,-0.007304397781730754,-0.008669749194959775,-0.01705910875853811
2024-05-24,0.01658828154996117,0.0051612377143015475,-0.018236674156052457,-0.0014496627512491367,0.007400414287886958,0.025722736617560527,-0.0009669616697647321,0.006616514364125026,-0.016756016953663355,-0.0007928908403845858
2024-05-28,5.257783707257602e-05,0.008177417844169366,-0.017622515292263108,-0.002903140895521683,0.00037211610916143556,0.06980418274382205,-0.013427582406038363,0.0006988699333558834,-0.008835680395719692,0.012696176579644947
2024-05-29,0.00157887237081078,-0.01345560840542892,0.0004154295965959065,-0.0019411282580109601,-0.002672563180561971,0.008112287625387848,-0.008950919531815482,-0.007002511477218976,-0.037642879576879396,-0.010708623416329943
2024-05-30,0.005255366437170617,0.008667775931827215,0.005815611765706885,0.004376016535735827,-0.03378611502073858,-0.037666008934035045,0.005752970071025043,-0.00663375672329336,-0.006333622278570816,0.0031681421144793553
2024-05-31,0.005018457654405006,0.025527623963591983,0.009567833954043925,0.015491372077291565,0.0011092367600420427,-0.007846146557355604,0.01205577958027293,0.0091083935595071,0.02848536310849914,0.028686676275372802
2024-06-03,0.009258838218467957,-0.029821223803156327,0.007295355993244712,0.0,-0.003878288350216197,0.04895422737077837,0.0006685812970732563,0.0008152402260612757,0.004178799060631011,-0.023963778674226055
2024-06-04,0.0016491965213860649,-0.008446537525471864,0.0004059815933148414,0.016049539166782534,0.006166604925158303,0.012495779956988917,0.014333307454187816,0.0011177709187168983,0.01618279314848614,-0.015552742964448862
2024-06-05,0.007820924050424338,-0.00736575108306714,-0.012381565731838351,-0.00031276286955561616,0.019083379721954286,0.05155570952579969,-0.00574789972378531,0.01188529850617015,-0.0046884402148393844,0.003994083353676459
2024-06-06,-0.007096566596955345,0.006129892903550482,0.0030828899662194154,0.003598312041617646,0.0012027939207477356,-0.011777114803493527,0.01457376088834117,-1.8874710841720876e-05,-0.00238508655282621,0.00751417460322501
2024-06-07,0.012392072100134266,0.0009618295225386486,0.004507491455873369,-0.0037412483957174336,-0.0015782627762617185,-0.0009091681976323152,-0.008369458271621166,-0.0012157418997532643,-0.022374159883066125,-0.010704678181980398
2024-06-10,-0.019147758292158423,0.004228664793128445,0.00034005579462426105,-0.005007063863938455,0.009484326365786888,0.007461470280686333,0.0017359471201412457,0.0030898885966279543,0.008783483658235225,0.002926814957661117
2024-06-11,0.07264900217324088,-0.0015948711336489785,-0.0025149208170945903,-0.000629032589339662,0.01124185080461415,-0.007144030161744586,0.000776724482282054,0.002408104637113828,0.0024647589921309443,-0.008047461267580491
2024-06-12,0.028578537892804956,-0.01450580751639663,-0.009198775374651413,-0.010542911710341274,0.019367652559298953,0.035480959923872346,-0.01373299035521569,0.008212993608445407,-0.006347918201886182,-0.011054479330602551
2024-06-13,0.005491108497031272,-0.008948263061885231,0.000275324525317755,0.0017494204349208786,0.0011788572576323375,0.03522361793279605,0.007446542953223112,0.0020137416563510424,0.008578782556765807,-0.008023202311124078
2024-06-14,-0.008168477066532231,-0.001766599631717325,0.0006186712358624558,0.0007198363289586673,0.002242063068658595,0.017514089383387832,0.002283362646531506,0.0006082700460166013,-0.0003618822752408102,-0.008451397468001276
2024-06-17,0.019671597054327083,0.004063637805513665,0.0028171417773092955,0.001119061870237248,0.013105217993762075,-0.006824461625933864,0.00425694444174618,0.007958943634686966,-0.01169651819714923,-0.006873776739982351
2024-06-18,-0.010984506175637176,0.0009140464363797118,-0.002055467753355855,0.00015983465398416996,-0.00452745449818015,0.035119921398215626,0.006328364607276926,0.002540720150261855,-0.016720154960955136,0.009413000401866656
2024-06-20,-0.021512879925240758,0.02158734948672092,0.014623924314400183,-0.007185156873045551,-0.0014338819776307243,-0.03540343262971002,-0.005280105898159193,-0.002716558424119553,0.007213393110113486,0.021576042006811846
2024-06-21,-0.010444468504045346,-0.008682270328437491,0.006563779516544743,0.009488533679324007,0.00915414962035932,-0.032191401002373055,0.0035188825535625856,-0.0013407223559952497,-0.00398324309920417,-0.00877027589034829
2024-06-24,0.0031325651176845604,0.02595309220476061,0.0024875319409871643,0.019117600709593452,-0.00469113425933898,-0.06684056970674557,0.001129080604280519,-0.0032505104166534737,0.015313160037169427,0.029703898126791417
2024-06-25,0.004468290973167921,-0.005335460159052952,-0.012942555315082371,-0.002032295831584374,0.0073266824905762196,0.0675641068775783,-0.009498164259552633,0.003850753763464221,-0.011184267197425268,0.0028058035086044875
2024-06-26,0.019993312692295095,-0.015840098960107074,-0.0025137859947526042,0.003289474100284906,0.002683375567960944,0.002458594179411744,0.0035959909551113167,0.001248041728148408,-0.0009493624175048732,0.0003497619339341007
2024-06-27,0.003985917536174943,0.0023728270222422854,-0.0069473547583770445,-0.0021858346492613645,0.0015258653997234362,-0.019066471772263838,-0.004956728524342369,0.0015765763702069169,0.004958300686608741,0.004282907606122155
2024-06-28,-0.01625403994908403,0.0006395135146801678,0.0024691877665989903,-0.004068155438713084,-0.01302847004563501,-0.003629303769674519,-0.010202819544046893,-0.003935065191992049,0.04691224473481381,0.0019146752415679646
2024-07-01,0.029104432403866287,0.0006393173021979059,0.001915834968811092,-0.0058131705445980675,0.021881535623839987,0.0061518038796262164,-0.013339931044293096,0.0020581385390028295,-0.028688646634165815,-0.0013900037211137528
2024-07-02,0.0162398676128237,0.0014693735221185111,-0.002799827652014586,-0.0020542648246402173,0.0055831313083394285,-0.013113447899349762,0.007251757032435968,0.00672966152911969,0.007257557379231949,-0.006784858719409592
2024-07-03,0.005811143935984919,-0.0002551037448402793,-0.002328275962134918,0.0028503201511407283,0.003244216643400355,0.04573258251358814,-0.0004269334827946558,0.00446263401814706,-0.016758821441577143,0.00507970182091122
2024-07-05,0.021620366289037518,-0.01531479679132075,0.00542241327708104,0.006789844362025121,0.014736328142737953,-0.019098964926651307,0.008423250330720666,0.005766257097071348,-0.003837587384377117,-0.012112247701439482
2024-07-08,0.006538815239573781,0.00012956873858538387,-0.00682687890214273,-0.012547068524933369,-0.0028231993063354555,0.018834847090761775,0.007929245585081457,0.001154097016245137,0.0027253473594492927,-0.010496589492329456
2024-07-09,0.0037748473401364446,-0.008747395230377375,0.010791878028333146,-0.004288447023500841,-0.014370237384024986,0.024805287718995706,-0.005164407270917271,0.0009725096949979584,0.005660515602188054,-0.011053637897547652
2024-07-10,0.018803661096089108,0.014054024809055266,0.01618499293611575,0.0022332543918652803,0.01460153908023476,0.026868457749827046,0.006881491893907077,0.009895392941378534,0.017923020709742943,0.008833517709188055
2024-07-11,-0.02322081988710145,0.000837905781935655,0.001806903909760127,0.004297384260116166,-0.024772151584838475,-0.05566674328839538,-0.007553913300074266,-0.008622786297442286,0.006847069515942161,0.011883472264291095
2024-07-12,0.013050838952069821,0.0021254990737336055,0.0012024299311628184,0.009508616441824547,-0.0025291985029185504,0.014442782552675837,0.006463678789722316,0.0063076263231880425,0.014216045942962774,0.00017661048438966098
2024-07-15,0.016743268788159904,0.015746562950040177,-0.0042701478949507266,-0.004552497471996708,0.0009040475949484428,-0.006190325943810415,-0.012184255726035209,0.0027499528880754465,0.0075068285457837725,0.01712718499799548
2024-07-16,0.001791957838201963,-0.00170836787927664,0.011860086901107625,0.0135624275092312,-0.009780746607711333,-0.016194088931743567,0.014400341159412466,0.005930226787752568,0.06500191979434966,0.007204327376776343
2024-07-17,-0.02529605750854602,0.021930549485185136,0.03688491498852642,0.014625731195470504,-0.013347437174009547,-0.06623935100110345,0.014914624404051668,-0.014021126594645938,0.04447313281026499,0.013788359711835119
2024-07-18,-0.020534783667068957,0.0045900356395733866,-0.007408428873451389,-0.0003066012575729804,-0.00710226359404631,0.026273439761312023,-0.005901739225969704,-0.007684978589016733,-0.015594498703623505,0.009860528315058126
2024-07-19,0.000579924625589312,-0.01741093517425707,-0.004696818256585855,0.00153397192264082,-0.0074028065766374995,-0.026096356593765524,0.003147582308786756,-0.006640415674623368,0.0017543377287385642,-0.022979767136878104
2024-07-22,-0.0015603672616408826,-0.013572144881354276,-0.0029091048037761524,-0.007964523349605401,0.013337560748408528,0.047570662948823284,0.0017264862610295584,0.010309853262503,-0.012028217228747029,-0.006892503381289772
2024-07-23,0.00468827999410637,-0.01847256872771652,-0.012253573906703896,0.0029335583718337332,0.004312061462516503,-0.007689909495181002,-0.009687879554498458,-0.0015687322354536182,-0.006857354519009484,-0.016135886926376353
2024-07-24,-0.028754181112728316,0.0063601990118438145,0.025795945642690166,0.013084988563555111,-0.035854723435217006,-0.0680315490745198,0.008282276099260466,-0.022662311331685947,0.009103934639811184,0.014107970618709054
2024-07-25,-0.004804624022782145,0.015928082641042618,0.021499838328044252,0.003950642096672841,-0.02448119828216777,-0.017242891212805755,-0.0065475061825629455,-0.005210539336304998,-0.000125139598526669,0.021041783638270584
2024-07-26,0.002160991113448807,0.0019043166092256314,0.006264000298632499,0.014832919291209778,0.0164196165046957,0.00694685496348213,0.013241335708860102,0.011199902707423659,0.017938844599037163,-0.0008515501278851811
2024-07-29,0.0012846048734906912,-0.00785602506548877,-0.01294825553532497,-0.0032812655525465972,0.0034331093258834766,-0.013001960510631738,0.004848827914224918,0.0005875723850159442,-0.005212976986217366,-0.010483257229832565
2024-07-30,0.0025660546081753832,0.018965483755628787,0.017469732937292592,0.012718973521546495,-0.008928188777381774,-0.07043644488906375,-0.0484315266749169,-0.005066326870009408,0.01690330725992384,0.017829381860214433
2024-07-31,0.014990787577857656,0.005640062934232581,-0.021570613417697504,-0.01388900322769504,-0.010805989699953611,0.1281211310822934,-0.005813416133429894,0.016254615253643134,-0.0002949300831787127,0.0035541967782093398
2024-08-01,-0.01675070665527678,-0.048918701001575804,0.01843533671952069,0.01827997007179083,-0.002964126621443186,-0.06674073974423766,0.030666893203280532,-0.014161096725278322,-0.005883718048773301,-0.013829121065780492
2024-08-02,0.006869406976909964,-0.02666765109859448,0.02102505532975396,0.020159102720729738,-0.02066588180983553,-0.017763923660632952,0.026495382482719876,-0.018618373566652413,0.029785122065311143,-0.0005985455593694455
2024-08-05,-0.04816702160769748,-0.026186293175273878,-0.017607070495285093,-0.01774161030559429,-0.03265680671564941,-0.0635778823002735,-0.011876812934941028,-0.029123696231264207,-0.03368768682423373,-0.018052648766694768
2024-08-06,-0.009748225629656382,-0.009885434520011338,-0.014139465512800098,-0.0007340932045806214,0.01128677096122166,0.037829765825552863,0.00017833384632659488,0.00921960836620439,-0.0028247470426363552,-0.005314959987131607
2024-08-07,0.012498301074166607,-0.005724894769362887,-0.0004404906391167751,0.006024912003700367,-0.0029528811146544154,-0.051223041348517184,0.011482230394798787,-0.006683984946629917,-0.0039940927288772965,0.013314545138590095
2024-08-08,0.016633276293891663,0.014605705130733782,0.008307354851744941,0.003943918207309549,0.010692056511454773,0.06126772174422057,0.00499934215443143,0.023117240661508554,0.0002825609474375046,0.019104420176389914
2024-08-09,0.013735776108509068,0.0034602864182693427,0.0024964290289730684,-0.0007274817266036404,0.0082693790502959,-0.002095663172632767,-0.0019313913105110103,0.004409693130006165,-0.013209967828725966,0.008143094330234302
2024-08-12,0.007130066923381806,0.0002071327960795344,-0.0046070990408152435,-0.007425668654667539,0.001945626291644631,0.04076368623788951,-0.021871714898829775,0.0005255223572662171,0.011686715527491787,0.0012622012040437447
2024-08-13,0.01719303512501158,-0.005999418497975917,-0.009319472072341628,0.004253983912257953,0.017698820375805058,0.06530918783150597,0.0028775232272748585,0.016445611346070477,0.01583253623754821,-0.009579760132873094
2024-08-14,0.0020337303827382414,0.003607495621635426,0.0005681276513092026,0.0017531015436564878,0.006883753497206158,0.01670389390362481,0.009026277401353866,0.003154779942889041,0.009455988494337486,0.009248059688822918
2024-08-15,0.01353049989090005,0.014723102757283169,0.0038491925235195623,0.0010204898633929815,0.01182378346496571,0.040481081659700324,-0.0052133138665294565,0.017140277998652476,-0.00010365518359634063,0.006186661749866262
2024-08-16,0.005918521493608608,0.003201823933534742,0.0018856968835652133,0.007720268790270879,-0.006080179738446767,0.013999557629131187,-0.0001784825435249271,0.002241880427621412,-0.003329538124770326,-0.004716687015268506
2024-08-19,-0.0007079616647938103,0.008170806672204822,0.0015057384430698928,-0.0028907651224741038,0.007312160890904362,0.04350629143681606,0.003156664184475577,0.00956143118372177,0.001904054067796146,0.003046442396399618
2024-08-20,0.002744767580504792,-0.014574866336798276,0.0033201688674833196,0.005798642929085496,0.007757558692572664,-0.021153852710565357,0.011816018933934469,-0.0016260605567995912,0.0032309389934377375,-0.033324878322853246
2024-08-21,-0.0004855401145110738,0.00435429750602534,0.007929512753277024,0.0027384613987975204,-0.0015536261035989929,0.009823218578879578,-0.0014672906920600859,0.00343645955089511,-0.004443271937260018,-0.006371180271990351
2024-08-22,-0.008259753392300673,0.0028213254427456036,0.005699240107988279,-0.003449448557148793,-0.02025285964048895,-0.037042794669866375,-5.886873039739893e-05,-0.007848402853028458,0.001124253420285326,0.007729436294141134
2024-08-23,0.010288174603870104,0.012969103823433192,0.01096384184286614,0.006634628722733904,0.002984016865249961,0.045498433130795046,-0.005759536988160896,0.010625273593212858,0.01000507872576617,0.01385872321720405
2024-08-26,0.0014988911986753006,0.00596123709503682,0.002924605245200773,0.015045196449077647,-0.007917643971419919,-0.02249351404227584,0.006975166996559867,-0.0023838081109496256,0.004482314570193324,0.021406485388761
2024-08-27,0.003741518211471506,-0.010437776547509436,-0.0025709314139661377,0.009316804170317106,0.0008464010035587055,0.0145500779848311,-0.006457277296586295,0.0013730708321384455,0.00037444234680839017,-0.00951096577974686
2024-08-28,-0.006753463329221221,-0.006464662959301037,0.005952728144387409,0.0034966034011953973,-0.007829036857176286,-0.02096639522883792,-0.0011225215581326387,-0.005804963291456633,0.0020262109377122695,-0.009857294527752303
2024-08-29,0.014570134898927556,0.009725923596872743,0.0018910508317200314,0.00418116866995577,0.006137341901879756,-0.06384849324055974,0.0057376091894720815,8.908135634655423e-05,0.005148480734913141,0.013817353764541629
2024-08-30,-0.0034379069042265176,0.003595352888211778,0.009925185854468,0.005829061273564307,0.00973090735221116,0.015137260075535952,0.008880725158032288,0.009545962780737938,-0.002315926680455438,-0.0016082655833695725
2024-09-03,-0.027205212861720285,-0.022237259048498492,0.007838014811527794,0.0074515998666029315,-0.018459074021437205,-0.09524998146644648,0.017371993048912016,-0.02057870115071847,0.014367928633359117,-0.020942913178088496
2024-09-04,-0.008618762157690196,-0.017903902694027196,0.0011965368604593962,-0.006163736854777668,-0.0013188490676541154,-0.016574086804137522,0.007907270623125795,-0.00204683084696089,0.00918686119397738,-0.012211033297326868
2024-09-05,0.00692777741232975,-0.008024430771786606,-0.014161235900822744,-0.019156535104085215,-0.0012472666147974598,0.00941528609717035,-0.0024443576291690583,-0.00243218058308603,-0.014383179076360553,-0.00780285614862164
2024-09-06,-0.00701505565775673,-0.01681662503348591,-0.0036971496450899366,-0.0004215016919634218,-0.016381394844915964,-0.04085427824125076,0.0006839458757614825,-0.016830203968230317,0.0023343513907618796,-0.004683181289613425
2024-09-09,0.00040768636387267243,0.012557564697898593,0.01356605587189641,0.009980351895173767,0.010007394512655532,0.03539807685176166,0.0026764985323832757,0.011196022254911231,-0.0046575088355950145,0.021040341006770102
2024-09-10,-0.0036215437069266887,-0.014754173451039687,0.0046216676964938586,-0.004175237473585169,0.020901166076213062,0.015309491517248697,0.009826263307779914,0.0043559163518611665,0.008298220022776803,-0.03643142373768704
2024-09-11,0.011585091506389311,-0.0025319204011026164,-0.015294468797301453,-0.006568830349813259,0.021342180595818716,0.08149874222088505,-0.021767254341983122,0.010258849578428375,-0.01549176389125173,-0.009926126908507138
2024-09-12,0.0004941426797115955,0.009646053492206264,-0.001092064966487838,0.0021104037554440236,0.009360905797186181,0.019161594136490212,-0.002587469823423727,0.008423348989226254,-0.002255296047937394,0.013762368711120354
2024-09-13,-0.001212077046253035,0.01005685701612169,0.005344799538864686,0.009399786286562462,0.008407587299178898,-0.0003357586632147802,0.003516624100280197,0.005222783247845975,0.010027011869943703,-0.0007192669595034173
2024-09-16,-0.027775144570015398,0.010525512321825525,0.008881331096724399,0.009662429842515863,0.001741770441855861,-0.01947938836881402,0.018152627800033905,0.0014768156945352828,-0.00520079861541245,0.014035037713255871
2024-09-17,0.0021725833217434154,0.009289804396008794,0.00047894834844397494,-0.00416068323969343,0.00883287224403606,-0.010190078211919196,-0.007673340962242037,0.00040873357753001827,-0.018976797352514785,0.013042402040364331
2024-09-18,0.01798971169573793,0.0038352484361712236,-0.005506708302753793,-0.0006965492552251096,-0.00997356736226973,-0.019205886278533923,-0.011143976265301059,-0.002965935955357324,0.004654267323624062,0.0035032061286994765
2024-09-19,0.03706558714741637,0.007154597113500305,-0.008004726878089952,-0.01574934200297351,0.018291138326827827,0.039693120658917724,-0.0136844309098888,0.017064492025055333,-0.006165398225618013,0.012393135927023735
2024-09-20,-0.002927465514640404,0.004759049187724074,-0.004004465116206668,0.014443588420417708,-0.00779590528593288,-0.015864918505927417,0.015623236762280168,-0.0017286027009622007,-0.0035869653305224958,-0.006293257611169167
2024-09-23,-0.007581022927789394,0.012767766925270596,-0.005726076274261138,0.0012562757815284264,-0.004043418212108407,0.002241210890217893,-0.0025831065350265803,0.0024986851621617845,-0.0027655277934326428,0.018131540098699217
2024-09-24,0.003974067552902971,-0.0006101379143398367,-0.0026957478535014623,-0.005576268446218613,-0.010011368476829485,0.039652687513934026,-0.003049757563411748,0.0028612688100160266,0.0031044228788321693,-0.0026415361485109257
2024-09-25,-0.004398159573496652,-0.023601237830198962,-0.013392289655969614,0.0016820139193398642,0.006850340213545136,0.021841567666319284,-0.005657084588818306,-0.0022053562014971995,0.0019471329402194204,-0.019478775353113376
2024-09-26,0.0050802033901387045,-0.013752802544360399,0.0049190712038276185,-0.0006996248762495272,-0.0018512865668300904,0.004291102015554049,0.005515096514422835,0.003964690509809632,-0.0026027981045667614,-0.01716494026463078
2024-09-27,0.0011866370960109673,0.02464965787643547,6.187141669644625e-05,0.005462309893250694,-0.00762799768055944,-0.021283381320518546,0.0019628520646812753,-0.0014503989358952696,0.012247529744625396,0.02677332088355877
2024-09-30,0.022872009194074838,0.012234617256436264,0.004089417831947273,0.0009750368012715338,0.005326880084040919,0.0003295081227370211,-0.0020166328597017724,0.004007197783506555,0.0048638386532684486,0.01208760221431815
2024-10-01,-0.029141532957444927,0.016500130800184643,-0.0004321005297854841,-0.0020872336899293575,-0.022333188513406932,-0.036561340179978585,-0.0009238796959119,-0.00895838840635721,-0.0023602946401647396,0.023118880859483992
2024-10-02,0.002519743152971543,0.008349841574681438,-0.005062184466864794,-0.0097618034950131,-0.008462424446578964,0.015811972426736265,-0.0064723937200358295,0.00042196417751982906,0.015446661208204926,0.013257759036878536
2024-10-03,-0.00489463160514958,0.0019875594068374802,-0.004157110576436307,-0.006900342639728607,-0.0014143313670020863,0.033655929519614824,-0.010470187492148786,-0.0018280686889555753,0.0007428276046983484,0.00872283827343745
2024-10-04,0.005007265930890625,-0.003371953044331355,-0.0013084022553012664,-0.004963209225050447,-0.001152336372580609,0.01684976900337909,-0.007288754487666638,0.009087314968778681,-0.002614873283305119,0.018355344758334002
2024-10-07,-0.022530782272209282,0.0025210023560320316,-0.004741397498839617,-0.016531307821432195,-0.01567075703767362,0.022414342575867385,-0.010421782418793435,-0.009040375451706217,-0.01292288425896182,0.004325827932738724
2024-10-08,0.018404049879838347,-0.01568289993347094,0.0010030923657777802,0.002463735727619598,0.012623770567230963,0.04047917008562485,0.006223213291940866,0.009457441677007017,-0.0033930091081016966,-0.026561319778308445
2024-10-09,0.016698246687502527,0.006050422545077927,0.0060116197548880645,0.005637247031336168,0.006631167337035393,-0.0018059932663959666,0.0066008446522183295,0.006926701053480588,0.016575339378446463,0.0004095983902685507
2024-10-10,-0.0021781901967309336,0.006481908087118793,-0.0008713870958086956,-0.004599726605558296,-0.0038806108650878413,0.016283462222810074,-0.0018905643797538785,-0.0017502523603367681,0.01096052461226682,0.00860029516080063
2024-10-11,-0.006505408532836432,0.005311296213585948,0.005918697199603029,0.004620981858757922,0.0011544250118920019,-7.425356743040457e-05,0.012666400209632389,0.005988234357958255,0.0005854966102407655,0.0038168156872606662
2024-10-14,0.01648000190247667,0.0023774722052951613,0.0008669162024683708,0.011067886804833282,0.006773636714567877,0.024258231137342934,0.008299896071275903,0.008178347889252757,0.012290149145116613,0.0038023029975322586
2024-10-15,0.011024618277751363,-0.026683367572211125,0.015470369023317998,0.0,-0.0009545079869361928,-0.04686013154773638,0.006144624405865606,-0.007769603150609483,-0.08112012997079376,-0.030061288114060947
2024-10-16,-0.008851884000882326,0.00676908370491236,0.0010969542061909365,0.0032699948555729996,-0.006256781412626422,0.03130674372703823,-0.006856057857660969,0.0043464140096862725,0.027054477825759538,0.0025757752088821917
2024-10-17,0.0015964143322970692,0.016607360322508535,0.0011565351946127844,-0.009494239110769298,0.0014418557235633678,0.008915319330109028,-0.0005802650104216323,8.579045798295937e-05,-0.009294110441062653,-0.0025691576363349178
2024-10-18,0.01227648639009038,-0.0029763001501955655,0.0039519817600541796,0.007725401463756665,0.0034557387449034582,0.007814422641110985,4.103755272599763e-05,0.0038464414079508735,0.0063246445534923534,-0.0028249852881437887
2024-10-21,0.00629789847412443,0.0008624109936794522,-0.013868683779158286,-0.014054677116097425,0.0014823996672037598,0.04137683655968494,-0.01015894809084128,-0.0016421736446260438,0.003265544849131885,0.0005831375399150129
2024-10-22,-0.0026219164836520648,0.0002649274701136406,0.0038076162562239446,0.0,0.020846410919326264,-0.0008351158283215199,0.0009436904007997793,-0.0005310730001248931,-0.0028173492778259535,0.005163268494202011
2024-10-23,-0.021622886098826455,-0.0029152817109171503,0.014744561421813351,-0.020734364148706663,-0.006806879994117332,-0.028066017478545646,-0.0007069354109353609,-0.009137365781024864,-0.009159923842599116,-0.0035625236493276313
2024-10-24,-0.0008233534729275016,-0.0001993329935752186,-0.01320389835638347,-0.010439463833628038,0.00030620780579226903,0.006090604017658929,0.00023565448596074567,0.0021628023642212835,-0.006783184868409897,-0.0056539301759747085
2024-10-25,0.0036431692992595632,0.002392800557675656,-0.0170464338315941,-0.0056463599735021575,0.008052140507378569,0.00804784385484969,-0.008253609449783927,-0.0003456198650340081,0.006686669037906379,-0.0008363172682926967
2024-10-28,0.008599370511064741,-0.001790398286239614,0.004475339852253235,-0.0037359398165363045,-0.0036435930345497525,-0.007206504695678739,0.006420107752735715,0.0030916456720186947,0.0012044552333618785,-0.004937556481756866
2024-10-29,0.001156874150284759,-0.013418335083125288,-0.009343933088754586,-0.01664913298020565,0.012564859909558468,0.005195029207424984,-0.012581178042436525,0.001618272212904115,-0.00550206234469941,-0.013624992616391385
2024-10-30,-0.015278040481307209,-0.003164464857950966,0.0032481451542336615,0.0054911283254597265,0.0013426689800917213,-0.013522072664613694,-0.006041804760751335,-0.0030252091843017137,0.001476564003305203,-0.005030598789417362
2024-10-31,-0.018209428065136146,0.005201001633271529,-0.004669877716964144,-0.009253572148329559,-0.0605275857396933,-0.04722271577640458,-0.005897862310367485,-0.01960308625965801,0.002735499271283137,0.0007713568074125821
2024-11-01,-0.013279615577432402,0.028557837910430983,0.0016891238152723087,-0.004593558629225392,0.009892953436043017,0.01988561048511084,-0.0004843481964353913,0.004220478802908323,0.005420793719710604,-0.015670551413726308
2024-11-04,-0.0040376045849588316,0.005879665396594014,-0.011803027568657365,0.0015382933831857848,-0.0046543695202961866,0.004800484348791212,-0.0001212184568968322,-0.002154001685066964,-0.01724936017670775,0.03183998372202912
2024-11-05,0.006486287433985716,-0.0036371116474358534,0.0006952479337796191,0.003993395110112541,0.0073447043256171796,0.028372114862492248,0.004119211565526415,0.012091705572932376,0.016601993845434926,0.0029507841501905663
2024-11-06,-0.003266859579526993,0.028094877960222142,-0.002968237280027819,-0.025547018992017057,0.021192831962980163,0.04074042599115346,-0.028414546521586592,0.024865706520764697,0.05230745787116997,0.01714871155199038
2024-11-07,0.02137196726353663,-0.0060234265555360045,-0.007283856817819068,-0.0006279965732135517,0.012494682381412492,0.022457206850262645,0.014653938830114566,0.007732061978746874,0.014680959762572776,0.0012394901825993898
2024-11-08,-0.0011881298656151174,0.001020524558429603,-0.008039144542000609,0.00408422785328888,-0.00679310344576789,-0.00839620857712009,0.02631406197245134,0.0043319212565438026,0.01711127811283797,-0.00033001924278364125
2024-11-11,-0.012028520619233762,-0.002740060029539304,-0.0027658999556388064,-0.008760876520517158,-0.010720898913462396,-0.016053442738621526,-0.010017204809403935,0.000952677373292854,0.015329559966771322,-0.005284520184332564
2024-11-12,0.0,-0.007731728147313266,-0.015479958416588335,-0.0025252127301859106,0.012009274800190317,0.020858907840033858,-0.0011443534301865954,-0.0031062323344024367,-0.016921405656513233,-0.0009961156988921305
2024-11-13,0.0039690871962352325,0.022087736648651157,0.003930865076980705,-0.003164633863530164,0.00512962033919484,-0.0136218369872938,0.004462076883962496,0.0004857686482722112,-0.014316527720312666,0.009306193364054582
2024-11-14,0.013770445194280612,0.019405453504462544,-0.008940375600996697,-0.007142888058664143,0.003974647541107101,0.0033500174224310175,0.0030016147014724215,-0.006430310763933411,-0.020994652567033478,0.000664021669195991
2024-11-15,-0.014109245028521178,-0.002348676168845043,0.014025297544449034,-0.012949581345207184,-0.02785270903901138,-0.032570250018275404,0.014723404336872914,-0.012808537191168923,-0.001551024567632675,-0.010368220984453558
2024-11-18,0.013422275081188761,0.00607047159863594,0.004999895401855081,0.0019436689332843482,0.0018314336918336949,-0.012889164636947559,0.00713693605928567,0.004097410127560819,-0.0043563622033472305,0.008381464364045632
2024-11-19,0.0011402383381653447,-0.007215735377628096,-0.011436334283703165,0.011800800190268967,0.004882634949881393,0.048947717364517196,5.860371446275714e-05,0.0036554745910837294,-0.02145357970428663,-0.013963958771684437
2024-11-20,0.003154064412282276,0.010839525478950396,0.0007190590132277741,0.00639076069919553,-0.005505229912872389,-0.007618549024332788,0.0007614286016996985,0.00033882773833160407,0.040728009110314156,0.014245975665940547
2024-11-21,-0.0020960983788868015,0.0018597591722302464,0.015609662342676245,0.01222411378182997,-0.00431671070308326,0.005346563963976703,0.010884145076089036,0.005368247246335223,-0.005012534249456468,0.013381040355983753
2024-11-22,0.0059075169290669916,0.004516298728810764,-0.0021221863559774956,0.002509433882759815,0.010003056023964785,-0.032181153402513485,0.020433981366798193,0.003099394453447868,-0.011079573105992724,-0.0011482188472909938
2024-11-25,0.013050799709615646,-0.012318236491501655,0.003931228345913418,0.007196539588338879,0.004292709643278991,-0.04177525283899508,0.006296859744329142,0.003392210018917652,0.02531865981965864,-0.014943674903985738
2024-11-26,0.009404476777311155,0.01353191327027048,-0.00012943376227214642,0.002640607934654593,0.021967807614599266,0.00661674325584527,0.010823605226912836,0.005221276438269529,0.0015845174153557018,-0.01667090961451989
2024-11-27,-0.0005531422228149951,-0.0025840990915010353,0.005694999557007474,-0.0018590568296390497,-0.011682361162067112,-0.011539769606429884,0.0002788517095537735,-0.003029777603372863,0.0026203264518436242,-0.002627660506262508
2024-11-29,0.010215949444352113,-0.0011105266586114437,-0.002509683738716628,0.00211122040015721,0.0011111080287555808,0.021501605049072836,-0.0005574586811090132,0.00621194507525491,0.002991553598790553,0.002549557179484685
2024-12-02,0.009522665181573187,0.0017292836620019791,-0.0013546261776431479,-0.006710345667949702,0.017758507861516115,0.002748551936289756,0.002454454248109972,0.0017924307507057868,-0.0027531255634012375,-0.000932433089040563
2024-12-03,0.012771687175992863,-0.001787783552611999,-0.015762342140075658,-0.0020425351520880763,0.0005104327393450347,0.011757913774784523,-0.023817474558663454,0.00046363585237330085,-0.005406748873981737,-0.001527390592443667
2024-12-04,0.0014837336091575448,-0.02223307870940927,-0.012404832191679649,-0.02062341528654177,0.01442497226242323,0.03479244724653863,-0.001767164366548002,0.0062098206881529006,0.00918663522453933,-0.02880941726015851
2024-12-05,0.00012335069785085473,0.0063794356845141564,-0.00631345046246079,0.011412959026593006,0.011887679630376402,-0.00048225476213414886,0.005253825165440373,-0.001645944326345794,-0.05209655998465745,0.004375151206216454
2024-12-06,-0.0008229737107759982,-0.025669887545792247,-0.0014046834692714727,-0.006198319271602082,0.0021464055660036507,-0.018061359129204924,-0.012554485660098202,0.0018959001428933142,-0.050693433079498695,-0.010541837779006635
2024-12-09,0.016101202208764542,0.011852442799046292,0.001942316635629382,0.0011194673909058483,0.005523200707967746,-0.02548452810140689,-0.017432062549209704,-0.005149775023360559,0.023926133636548608,-0.00589936688034165
2024-12-10,0.004133717309796614,-0.0005093953824830688,-0.002473170211164888,0.004952088508712205,-0.00603094676725402,-0.026943290274240583,0.008724002800695407,-0.0031090940537520373,0.008151830427997941,-0.0020372702665898412
2024-12-11,-0.005165986892405217,-0.005031780896020743,-0.01735585947518159,-0.0042918454935620964,0.012767048195183817,0.0313909878855001,-0.009577141695211844,0.00773053367569565,-0.05601656098114327,-0.0066566828045322435
2024-12-12,0.005963710615935813,-0.009602431385537735,-0.0027277026088508016,0.01915699635110868,0.0012694619772821714,-0.014140973589445771,0.001289343823361877,-0.005152435619933393,-0.03330648013494952,-0.0008933670167006191
2024-12-13,0.0006855702389931828,-0.005429640981159167,0.0025983834093143976,-0.011278092604502854,-0.005093939777762402,-0.022498990797227947,0.0012292078604829726,-0.0001985150947229064,0.009151448356142344,-0.008764230269674878
2024-12-16,0.011727720864164848,-0.029310205908967935,-0.01889221035759625,-0.009030474169722913,0.00965865422985801,-0.016759879554977708,0.0004674184359976241,0.004270055990104105,-0.042230249868979164,-0.02138205962670736
2024-12-17,0.009719587041880251,-0.008368980220348599,0.017796390318192357,0.013589141055958542,0.006355281292021564,-0.01219690084916969,-0.004732809559096496,-0.004120298593844662,-0.02603808493650206,-0.004240726463942246
2024-12-18,-0.02142178972731157,-0.027209693930626888,-0.01133813715322085,-0.008675034953301353,-0.03756106138985005,-0.01135037289796248,-0.007338733093321004,-0.029803258069540317,0.02924700928996926,-0.014721065160558933
2024-12-19,0.007014608986329218,-0.020335910770694965,-0.008083001475578389,-0.006364350115749096,-0.000823051426806054,0.013730184094926656,0.0006507238687540884,-0.00030725896108219075,-0.02095165772371832,-0.008550903596375004
2024-12-20,0.018815883872863592,0.012043944542549756,0.006198584379895067,0.0016012148993409525,-0.0009838401221645698,0.030762309782726316,-0.006679019730361779,0.012011119986430563,0.022238045109869597,0.0034120555039851563
2024-12-23,0.0030649801250572928,0.0008399803780583248,0.005537678113145761,-0.0027178282111917085,-0.0030921333959318398,0.036896788871652264,0.00029761340533096536,0.005988313217041075,0.012416755138853652,0.004061538582685431
2024-12-24,0.011478016014876635,0.006085230323344737,0.003992555810352405,0.007374135085932432,0.009373991446508745,0.003937958121885465,0.004937160254755213,0.011114992122683187,-0.0004739371792888969,0.0009406739686919074
2024-12-26,0.003175573645010754,0.0009733265541695957,-0.0018512482107290174,-0.004296626644911705,-0.0027770768507345833,-0.002068167912958385,0.00722151465488885,6.659178790080489e-05,0.00997818993014632,0.0008458410754499379
2024-12-27,-0.013241962407404051,0.00013899215993817826,-0.0036407725899868515,-0.00191776026260293,-0.017301560226901103,-0.020867713607091276,-0.0037023888683509476,-0.01052668635312315,-0.002269326616806122,-9.386945867195795e-05
2024-12-30,-0.013263392643370064,-0.006458282724997599,-0.011788983509301021,-0.00672540846879921,-0.013239506990677441,0.0035033532254495903,-0.014392858620179694,-0.011411586367528481,-0.004294253059848763,-0.006761795142254945
2024-12-31,-0.007057981394792079,0.01237142476991493,0.0089296896206279,0.00370787141862583,-0.007838345330439589,-0.023274261745943603,0.0033515860529635955,-0.0036382414606916935,-0.0038204768446897797,0.017114163880096678
2025-01-02,-0.026235799642565727,0.012910852705341203,-0.004148483882625564,-0.006745868872040095,-0.006927727658148086,0.029935005783648938,-0.009961197494353868,-0.002456701080395529,-0.0026686457431041033,-0.002416996506629965
2025-01-03,-0.00200950911552622,0.007770471012443547,0.0011803296642756145,-0.001455347213641267,0.011395680366477201,0.04453778216537496,-0.00512099778864028,0.01250340323286947,0.016828257048878026,0.0051254603449693015
2025-01-06,0.006738942640489798,-0.003990632182428122,-0.0036757594838300323,-0.015222661898926515,0.010629631074943635,0.03433240961951434,-0.027433052067145525,0.00576050990496646,0.0013059904807255496,-0.0011126459860133497
2025-01-07,-0.011387714951863415,0.01582241909142157,0.01788932525378817,0.0004932671682105205,-0.012808269165923702,-0.062169630329582226,0.004358832949718616,-0.011304045433904064,0.0011291276306002462,0.009374315028590985
2025-01-08,0.0020229888322238487,0.004746347898523684,-0.027080580739003546,0.014299788536737745,0.005184983725643244,-0.00021405552009168272,0.004959492760966855,0.0014610115160782478,0.019970863511284076,-0.016735543038297163
2025-01-10,-0.024103789970141398,0.018895381249305787,-0.001475930299342454,-0.01037102407639301,-0.013213658130698636,-0.029976370322259083,-0.02183832935753216,-0.015267533310024395,-0.0073020397519244495,-0.0036473439078044123
2025-01-13,-0.01034410835976085,0.014431253007330058,0.016964484685043857,0.009497244785006798,-0.004201012043230423,-0.01971898132557659,0.0017658439255696656,0.0015505849049237685,0.03927498625650605,0.0258119941977224
2025-01-14,-0.004778069347616931,0.009977533060501642,0.0019382698847383306,0.006326005508553445,-0.003643318376004623,-0.011033637137344954,0.005666080164758114,0.0013759502770052112,0.004804723481252937,0.0039344415723947535
2025-01-15,0.019675822460687886,0.009114203112556396,0.0015198468201795823,-0.004352031164912895,0.02559707908534814,0.034001515864091836,-0.0005633855895768036,0.01819002884394938,-0.0005885677276039614,0.016314343573792467
2025-01-16,-0.040400305201760967,0.006631616600795809,0.019314309969360677,0.007770841641985049,-0.004058077797836512,-0.01959797027832233,0.005324141859448295,-0.0019231016950377322,-0.060413700370786305,-0.0017040191243511416
2025-01-17,0.0075353816401564355,0.013113279082330731,-0.005007811389510564,0.007389470412230148,0.010481015092373758,0.030995050791199574,0.003925224322046228,0.010039795288152353,-0.001625545034592668,0.008983261824889066
2025-01-21,-0.03191585897303639,-0.020003617345321967,0.0076174380262619135,-0.004624372761494411,-0.0012353857550320146,0.022656151514774958,0.0036615663415706656,0.009153480443916395,0.02987687378980608,-0.007567753435560265
2025-01-22,0.005345038978352035,-0.011564813511495742,-0.019439587034078998,-0.010253121322555958,0.04130704115570594,0.04430887824759355,0.018674469839119467,0.005621641275482148,-0.010038468420326851,-0.017403715942532982
2025-01-23,-0.0007595467500303155,-0.0025573670426590756,0.009430561960138473,-0.004046707556113027,0.0011428636284240845,0.0010199494888094573,0.008558841231677716,0.005457955612408583,0.019337415130423086,0.005660643455137393
2025-01-24,-0.003934642921903153,-0.0023075836875827704,0.0012276613506680967,0.006338343143713399,-0.005932249435269266,-0.031245750648081327,-0.006194722585105117,-0.002919264959769352,0.005172139434437506,-0.01352719521000878
2025-01-27,0.03178035791339884,0.010150949790266983,0.04134307514781388,0.03149230075083587,-0.021393476452092886,-0.16968171201672888,0.0337558736294461,-0.014145356222404648,0.02067554237872593,0.013896679104535625
2025-01-28,0.0365439462721342,-0.0064873017886748485,-0.016417162897434445,-0.02364175701389737,0.02908691632370397,0.08925857438565088,-0.020452773981629035,0.008592211741529354,-0.0019134738506678683,-0.01933382229246161
2025-01-29,0.004616809098630714,-0.003328781776273826,0.005120417626958584,0.007536878032218475,-0.010890032081781742,-0.041010939378136047,0.00024082345342746336,-0.004482762232656312,-0.008074127319370517,0.005831159258885998
2025-01-30,-0.00739469985135166,0.004046440906454674,0.011379485115485366,0.019417422225701975,-0.061809126158054895,0.007679888855856465,0.007098608538319118,0.005367082266790391,0.013882493710737354,0.008282018539346625
2025-01-31,-0.006692219313426562,-0.04561166568535313,-0.00470989454379489,-0.008899229060314151,0.00016876298369972176,-0.036742847755514285,-0.008482223528305743,-0.005322013686878346,-0.005645657117124947,-0.02500674720094498
2025-02-03,-0.03385590878683009,0.0010056010923003011,-0.0018404325826480994,-0.002047942518680901,-0.009974456214362548,-0.028400100137797812,0.016687553591451687,-0.0067295534034903515,0.010488705684137622,0.0024335882603077064
2025-02-04,0.02100788126400066,0.025981001346463417,0.010667095228049206,-0.01073402732018025,0.003528625368363514,0.017058097176346765,-0.0037329209929963802,0.006708265932884538,-0.004980169971671389,0.02679984774600075
2025-02-05,-0.0014176192440016333,-0.0015011674744144221,0.007818116649159546,0.007180554302239628,0.0022310715920577096,0.05208583880697826,0.00523395340098598,0.004054629802519472,-0.010340100418003595,-0.0007274765312452747
2025-02-06,0.0032262255941553075,-0.00712470222902839,-0.007628365175578633,0.0038022252702458736,0.006121527221295109,0.03084203060037516,-0.0007690755547997696,0.003475526445625654,-0.018098859994213568,-0.013196105258350799
2025-02-07,-0.023968753310749213,0.004740041590774791,-0.0025403760908412343,0.007575709039105982,-0.014597598591102101,0.009014445058283194,-0.005388426247659006,-0.009153411562772051,-0.0056789332134301596,0.004242290587035402
2025-02-10,0.0011873911886950417,0.020639501755724377,0.007314472037757147,0.011121619534920857,0.006028060611596331,0.028727818962695606,-0.0026195641556842064,0.006791224284519393,0.01202972379080669,0.019101868534302957
2025-02-11,0.021831762511780095,0.01072094022320913,0.012253839743317396,0.04725015601588756,-0.0018922391526603466,-0.005764600074434356,0.011341109951507278,0.0007605411152529218,0.0010311537489813283,0.006307971276745317
2025-02-12,0.018270203159199028,-0.01613306588706287,-0.00557231684073789,0.016420112804308662,-0.005833156459574718,-0.012500053220851126,0.0008854191370568643,-0.0032215873014570517,-0.012211517674967975,-0.030086785200437505
2025-02-13,0.01967319998593453,0.006326705421247247,0.012817194954108935,0.011497738807767499,0.003667066451773726,0.03164535647593825,0.008491640955891055,0.010557604278849553,0.007167220769412452,0.007265972609650229
2025-02-14,0.012710761335482212,0.007588904884953118,-0.006995262643643252,-0.009064728460132288,-0.0051395058149550366,0.02631393464602727,-0.04753838612460659,-4.927878362037674e-05,-0.014439348495488447,0.0010173665035275725
2025-02-18,-0.0005315488610111441,0.005278790561428437,0.0005163681893571859,0.0026135810984484475,0.0029626820460606496,0.003961214175097982,0.015593255310393905,0.0029358976669520143,-0.04351415721135321,0.017553573261015032
2025-02-19,0.0016360910581458832,0.0068518756667013125,0.01871095079040086,0.014771801164480847,0.01252303400155963,-0.0012196759625940912,0.006407821942718606,0.0023548173146026308,0.020589899129013434,0.001452681975685044
2025-02-20,0.0039204553000191655,0.009921717246665906,0.011336910427158342,-0.00042802340088443636,0.005290711430345985,0.006320513218736723,0.00432452520213511,-0.004160245253420958,-0.016867490202542634,0.015412554826042424
2025-02-21,-0.0011389591287577217,-0.011776526699861734,0.01640793823512121,0.01870358608323741,-0.019032569729804938,-0.04053953976389957,0.01806102403888743,-0.01710400613660845,-0.0716531870840249,-0.011696390556059089
2025-02-24,0.006312366928012514,0.0061814704577907165,0.008872387124853054,-0.010651745172478022,-0.010313371424585327,-0.030870994283646036,0.001821035918905256,-0.004550509873166075,-0.010505744780286097,0.0052397163595014895
2025-02-25,-0.00024272402154590367,-0.009310227624221512,0.01435200888915511,0.012749605686948051,-0.015098974384675445,-0.028016674607737935,0.012372479258517144,-0.004973182941032439,0.019197640306783947,-0.013840124071215265
2025-02-26,-0.0270402460862893,-0.00818319510016452,-0.018122629049106664,-0.00965166902907355,0.004599281687047263,0.03672110394713757,-0.007819136385087355,0.0005047975617609168,-0.014435251848487152,-0.002460641786989015
2025-02-27,-0.012730768472310805,0.009862249220966124,0.00398560751230681,0.000988873375753485,-0.018012301064849856,-0.08478052227195931,0.003911115553719036,-0.015961702356043994,0.010720618041374141,0.006303673058529968
2025-02-28,0.019131794501018318,0.012446449791961633,0.007878875345941116,0.004797295347014341,0.011362228523666973,0.03970036914899344,0.010874054242478337,0.015605275017160691,0.013658977911501502,0.010712647594726787
2025-03-03,-0.015754294880166442,-0.034863251063595,0.013695349987391747,0.015587693082900422,-0.021411233616077663,-0.08693568825238496,0.010066770047033824,-0.01751987501654706,-0.01665395313109297,-0.03206678479051284
2025-03-04,-0.008822402413990682,-0.007120039698494063,-0.011119024787766385,-0.029452331603480375,0.00030897936065477083,0.016920938730529356,-0.013725266289832505,-0.011836974335409756,0.016186601606222206,-0.002041571828933497
2025-03-05,-0.0008052980890261852,-0.007828732942598893,-0.001813614514942774,-0.001567189448709927,0.03193431517976131,0.01129412598600199,0.00825722932556916,0.010747948385052775,0.0028866941495799825,-0.019527551073707627
2025-03-06,-0.0017391045202662658,0.014189999320317392,0.004299959093499783,0.005422332226401094,-0.010298630466277103,-0.05737431228014822,0.00028653595438399293,-0.017751050248379863,0.024664890852408083,0.020675264010243
2025-03-07,0.015892485800142353,0.022164096163161062,0.005186066299272651,0.013766661715009398,-0.009020240721967165,0.019173426499780266,0.007385753967281472,0.005604776840324233,0.011810042265796072,0.01300864001729285
2025-03-10,-0.048479590630734926,0.007867486811528046,0.006059066147896752,0.0002799159940010121,-0.03343416579797065,-0.050670045456219004,0.001761835318684124,-0.026635511651277977,-0.022711608433716335,0.025499890064377695
2025-03-11,-0.02918925720430887,-0.02214882987545086,-0.010971907285756144,-0.005738120295215365,0.0007629873011902877,0.016638679721860505,-0.01781470282224873,-0.008313000999340847,0.012119496778059347,-0.023613644193738792
2025-03-12,-0.017478761575147272,-0.009151210476692206,-0.01814794867407843,-0.015484378704430313,0.007412069612847461,0.06427592493873169,-0.027437549718195342,0.005306600218026203,-0.010143289670926925,-0.0002746867432058542
2025-03-13,-0.0336436351368844,0.006156976714159157,0.000859852223977775,-0.004575207433226924,-0.011741034835942021,-0.0013824634742628517,0.0013065759977528568,-0.013330547411436466,0.0008522468442171416,-0.004215204776115922
2025-03-14,0.018170488266351592,0.022199080538854554,-0.0011045468657696622,0.000723471032919587,0.02584694879891747,0.05269075080871022,-0.0036774068707730034,0.020655793553070456,0.01480721398903806,0.02972309134304507
2025-03-17,0.0023888932558169262,0.01082667149282246,0.00018437544537608375,0.013880875809003657,0.0003601597488127606,-0.0175885256660947,0.010656557517528586,0.00771144794455525,0.021221784630875984,0.016621869283470092
2025-03-18,-0.006121429375263054,0.013167828938464021,0.008658623838227353,-0.010553323830504113,-0.01332642502657011,-0.034301003041780964,-0.012075735729807247,-0.010808487898628982,0.009578753645232085,-0.00105487670604687
2025-03-19,0.011989248203646774,0.020148162794753732,-0.007670980759019397,-0.0014414249847453098,0.01121195594833524,0.0181062037527564,0.005127977399438155,0.010890956650734918,-0.001190885429455335,0.015575582369682595
2025-03-20,-0.005296316345952956,0.004388896828653177,0.00018397823462956708,0.006206606869773257,-0.002527041473406433,0.008594252057190221,-0.00605094206532375,-0.0028918080871890295,0.016096937207677575,0.004245646941742676
2025-03-21,0.019476753412553283,-0.00012139192295446133,0.003741976623290011,-0.014918860053285576,0.011426028960014323,-0.007002478113307897,-0.005132874129328502,0.0003298919546212975,0.010854600177567786,-0.0034511481628002327
2025-03-24,0.011270431174758455,0.0016388434115837125,-0.002078120238685477,0.004077420477241356,0.004651499834001704,0.031520908262874014,-0.0062391906790000284,0.01790848775160092,-0.0006770616707993948,0.002597393663801073
2025-03-25,0.013681842097235108,0.0055750813473534055,-0.013901597409522681,-0.0020304886133237776,0.0052916669280029804,-0.0059303958635675835,-0.016902988279249853,0.0024038215328545665,-0.005943959916991592,0.006822012780218989
2025-03-26,-0.00992177276045103,0.01223329102127857,0.004347436787399239,0.01758472396504107,-0.013133912343619047,-0.057419787793092314,0.02290429466029642,-0.011938228305225729,0.009290554556769415,0.014409393738983978
2025-03-27,0.010472665543175275,-0.007858562543403336,0.008718784358371812,0.010282904566778273,0.001564084720412806,-0.02048169079087525,0.012786876225300281,-0.002655735881150312,-0.004785911616929761,-0.0032128379161361353
2025-03-28,-0.026580389521724812,-0.003360340164798692,0.003555439433612806,-0.005230414455727139,-0.030160240331302934,-0.015794676608994918,-0.004030771311714032,-0.020138321487112032,0.00062053628139358,-0.0013571163760486282
2025-03-31,0.01941263066660781,0.0072249520446994175,0.01301069106300523,0.017763036970574797,-0.00900192586932591,-0.011762681519099982,0.014223654602347091,0.006712689237152292,0.01494075171700504,0.010192710971604901
2025-04-01,0.004771978062007687,0.0072927860699387725,-0.07591650974021957,0.0034908022512707415,0.01811435960956742,0.016331514647635936,0.0008216340666535871,0.002824443055722714,-0.0012028842952923613,0.0009249797097021784
2025-04-02,0.003136335832743198,-0.012106114401850054,0.013768317029799304,-0.007513714218746359,-0.00013078963881596462,0.0024511395138755443,-0.0062149034899037225,0.006328409324741324,0.00015298479303416102,-0.0031082927429630924
2025-04-03,-0.0924561245087091,-0.0621734356957222,0.028707673916206433,0.02593587351092852,-0.023630214648871828,-0.07806547074373227,0.017050257080450493,-0.04928069685329273,0.032951177148291766,-0.052582669333645415
2025-04-04,-0.07288731642094837,-0.08224440937954192,-0.04117133590122646,-0.04441098573392088,-0.035565911767431624,-0.07357568117034718,-0.05011897505599361,-0.05854299254528794,-0.02847698213720984,-0.07195595972090452
2025-04-07,-0.03673429969943298,-0.021845283613465383,-0.017097488811477657,-0.02230799763584057,-0.005502398306733047,0.035309092172852496,-0.021496292470938094,-0.0017811884523963872,-0.0006666078053156888,-0.013417652601821928
2025-04-08,-0.04981817733023208,-0.022975440438387174,-0.004116333092354263,0.0007313014831968889,-0.009221403680552576,-0.013723908369040472,-0.011483482159262093,-0.01566275431689801,0.05408808556843914,-0.02108021230562529
2025-04-09,0.15328843665210434,0.06645737006659069,0.006466656332860143,0.022361726467233112,0.10133684947503419,0.187227504566003,0.02481225858858238,0.10501950265487436,0.04596080586578011,0.049915668581942185
2025-04-10,-0.042393787772871616,-0.07566933271742682,-0.015102183897056976,0.011579873247959283,-0.023406510609056852,-0.059127169778110056,0.007639204380015752,-0.0438192832644565,0.02748483065847851,-0.05548209135105486
2025-04-11,0.04059450740721626,0.004815531776859006,0.020445044851602923,0.009468541853934198,0.01861804798107558,0.031235504378898327,0.020481769577878728,0.01784277787885369,0.008529506641587803,0.032122510826021466
2025-04-14,0.022053996592583225,-0.002285533135247486,0.017333451849818715,0.014279652570819756,-0.001647477695463806,-0.001983199247851286,0.013300561181780468,0.009701624027727895,-0.0207014934660138,0.0024238943321963635
2025-04-15,-0.0018764498574558308,-0.005764320515461052,-0.00479385924932485,-0.008143464392968869,-0.005363416292665346,0.013458518216612925,-0.003902302616351161,-0.0028009069165995104,-0.00591056349945096,-0.002804952411251671
2025-04-16,-0.038933307390746186,0.006094956308386523,0.001887719891283668,-0.0025048467426547205,-0.036606105366499664,-0.06871652057100175,-0.012346350720391142,-0.02222796326408627,0.002484290010117407,0.010572298315870254
2025-04-17,0.013949572360662854,0.018543159568558343,0.023130295557591385,0.01841514984534265,-0.010306440758366509,-0.028710828837132496,0.02548225385389924,0.0014267171117980926,-0.22379657706649225,0.026202047835911957
2025-04-21,-0.01939270154435291,-0.03002840145137564,-0.003492706757080799,-0.0031507571829092473,-0.023546659558688066,-0.04512762157929451,-0.02254479057937331,-0.02380276591259234,-0.06337672875284628,-0.014683868365495067
2025-04-22,0.03406499428742693,0.026695509375534998,0.005289338943207822,0.015528441610742405,0.021441257921457346,0.020431140205789733,0.012850777497609656,0.02601794197538787,0.004349530312604877,0.028002042572908836
2025-04-23,0.024331715299455325,-0.004515585679514267,-0.01502366919109377,-0.008119038314628901,0.020636895884483586,0.03862891293738202,-0.012806897971276321,0.015495243709833462,0.0018260083935217608,-0.008587381438858066
2025-04-24,0.01842611190677923,0.017486156861161506,-0.0028962546145765433,-0.010641242692425501,0.03448271036722739,0.0362184435452948,-0.037410158992746356,0.021049146580611966,-0.008668975974954751,0.011735022486323965
2025-04-25,0.004367135302645986,-0.002444794268288697,-0.0022590612148776223,-0.00841125354491068,0.011748008161110768,0.04303307785020882,0.009339851885219685,0.007225197278295514,-0.013223359344113339,-0.0005522732763145743
2025-04-28,0.004109347565487198,0.009875290500893419,0.004981330343276635,-0.0016689195083934294,-0.001760826875303434,-0.020538693171568978,0.005154630062330634,0.000381272763119167,0.0032486022740969567,0.0005525784506259512
2025-04-29,0.005091920419582063,-0.005710131817155406,0.0036047457832262264,0.0078005403752117175,0.007362759264015528,0.0026671088777265872,0.0025331228976956943,0.006299501905075555,-0.025642963777665395,-0.0024853394520519823
2025-04-30,0.006107658696214546,-0.02325933587693929,0.0025654834672159677,0.0027642892963293253,0.0030960933944506053,-0.0009173429822770807,0.001910636444763858,0.0003967183919115769,0.0054003663220598686,-0.025193865234535262
2025-05-01,0.0038588909727230725,0.0014700683788764213,-0.01183538959099284,-0.017367385398715074,0.07625353781859867,0.024697149669530294,-0.015931654496044834,0.007086980474864335,-0.02615192453053039,0.0014201591291276294
2025-05-02,-0.037361808129212304,0.01643917991161592,0.010747055959241747,0.005049859647306754,0.023225213810350143,0.025893738113919262,0.0033754243994399413,0.014844025683628859,-0.0018967636956768175,0.004064933787095493
2025-05-05,-0.03145845887412524,-0.02166068337449545,-0.0071738333768304186,0.0006978239317878554,0.002044703245095647,-0.005938849150802561,-0.010528270694025843,-0.005734107010600287,0.012227283189904181,-0.027680975225145787
2025-05-06,-0.0019106203280500056,0.0007380718854701485,-0.0034194234241495813,0.00027891288551074034,-0.006557113423069083,-0.002460037893001199,0.002644316481976716,-0.00835843551316362,-0.025443957055327093,0.013943967014492964
2025-05-07,-0.01138482578047606,0.0014010056481674749,0.018320637034958454,0.009481275247054333,9.23872940801207e-05,0.031002236780898418,0.0002511518325543083,0.00420552756227166,-0.008745040144393701,-0.0009550659926548244
2025-05-08,0.006318509532712513,0.009205426012103946,-0.010425866361145286,-0.01698898987472708,0.011122644430527906,0.002648250050777179,-0.0040178174736538175,0.006967872870209169,-0.014089923964943019,0.013956670841622332
2025-05-09,0.005266151122381713,0.01058101466941408,-0.00925085766621958,-0.009132895598848889,0.0012778802646800091,-0.006134396258082875,-0.0062400396663884194,-0.00127433074633454,-0.012734987776493956,0.011690388482895164
2025-05-12,0.06314602195962782,0.022600733732865308,-0.0005187807425152124,-0.014038716327691048,0.02400127112161443,0.05443625040959432,0.020550464642184796,0.033047433039141705,-0.004965322498073466,0.01723970194958868
2025-05-13,0.01015229643807336,0.005154692473383182,-0.036979448198255827,-0.008197841856198651,-0.00026711603989970634,0.056341476837431514,-0.013486813070809012,0.006604073855214221,-0.17787463785093838,0.0027483231116722795
2025-05-14,-0.002817740027887483,-0.004777036763140785,-0.014012343435618635,0.00290029362708788,0.008460522957258299,0.041637736299942496,-0.00447287381819006,0.0012779770394448775,-0.01082271329655593,-0.008952934543955515
2025-05-15,-0.0041445074093784395,0.00416468840370654,0.022205564809341105,0.03542502327760033,0.002256121922437071,-0.00376822141552402,0.027781294539509283,0.004884390469782174,-0.10928216566448057,0.010140400017518925
2025-05-16,-0.0008985115224214857,-0.001124799591343928,0.011496523967108985,0.0054462438846989425,0.0025158679238583836,0.004227631625322914,0.005356876636716468,0.006333938442399267,0.0640058893221529,-0.003591751717425651
2025-05-19,-0.011739086232723905,-0.013533517342030787,0.007665456340598453,-0.0009722921964113729,0.010126112209577265,0.0012554793916865759,0.009125540986334446,0.0010938196429841618,0.0821486315678408,-0.015898062508904687
2025-05-20,-0.009196290225973569,-0.008809317535030337,0.0076724170658470925,-0.0033364723752412617,-0.001525497481045357,-0.008777899530244881,0.00527995723052288,-0.003362153676216839,0.018012424531982152,-0.014276326836973219
2025-05-21,-0.02305911477177236,-0.012457364307867147,-0.0031237209697670965,0.0022317243881548876,-0.012222558293097041,-0.01919914509252596,-0.00126784775706279,-0.016850775346555102,-0.05783948327533728,-0.012291443847459282
2025-05-22,-0.003612234385890978,-0.0019916903250501994,-0.00372099709623408,-0.009881781518275345,0.005060052481264288,0.00781479967032861,-0.002417981915755263,0.00039470808698149895,-0.020826302768813365,-0.006656386579869
2025-05-23,-0.03024440545296725,0.009239425166672532,0.002162340057122236,0.00885574970661862,-0.010288878355429576,-0.011593859125610062,0.005029476047291537,-0.0068258512570531504,-0.00370780335335108,0.0005825884941983439
2025-05-27,0.02529834321109581,0.009447787129222451,0.010617264035816643,0.00013937549210774058,0.023346104889479857,0.03206648744166052,0.011455470220640418,0.02079079159745456,-0.00192854527810693,0.004755952734806446
2025-05-28,0.001048961697021067,-0.01313215024946035,-0.005350885563345287,-0.008776680467980968,-0.007228237481107569,-0.005092188504347228,-0.002384304391543246,-0.005785555836037348,0.010542396800022003,-0.013620600756535262
2025-05-29,-0.002345136061230768,0.013895033148614067,0.007544529964394142,0.004778504702268593,0.0028861287651551493,0.032490175169429536,0.0071701976505549325,0.003947442276660329,0.00020123610414946036,0.0056802004145311
2025-05-30,0.0045011768949494435,-0.00877385818860188,0.010613397770025568,0.008532771938449146,0.0036626838148996477,-0.02916867471202156,0.00789028861284713,-0.0011185059286688004,0.012543239594450695,-0.0037978407068818276
2025-06-02,0.0042320537763564925,0.008339345914863738,0.001224117492707455,-0.0013869371690942156,0.0034973016005170887,0.016650671844714582,-0.012419863030467382,0.005632816282124864,0.00930738073285231,0.007331436523833501
2025-06-03,0.007783765588379676,0.012405737581546727,-0.006306239754461318,-0.011666628440731963,0.002164620205638901,0.027951546130200455,-0.005542950917949652,0.005702662290135274,-0.011486033403841578,0.007278001362901465
2025-06-04,-0.0022136789123288203,-0.015621495106178496,-0.007771103147830027,0.0029510863379846874,0.0019439369823430752,0.004956805000453368,-0.005394038861003647,-0.0002684085986693896,-0.002788532204524463,-0.014450905412345172
2025-06-05,-0.010797848768936524,-0.0034215657126364096,0.0028715950336473117,-0.006445211111164029,0.00821345758738845,-0.013599160107292785,-0.018981618385978782,-0.0048327557623635276,-0.015114280035148253,-0.004594345340611428
2025-06-06,0.016398311888850436,0.024178350653380365,0.008915926649945671,0.006204889724091611,0.005773210875549717,0.01235795792544181,0.007493823147638912,0.010268925536670137,0.024945912832029737,0.023961419898999026
2025-06-09,-0.012112648419101313,0.003922706490596228,0.0012900036570449025,0.0058863454172384255,0.005038560888757981,0.006421187644235493,-0.008901363581140909,0.0009013320810069558,-9.876628524896347e-05,0.006713484940299885
2025-06-10,0.006056171467545557,0.01840012279172276,0.007859418314784206,0.008081576717731354,-0.0038709508659926506,0.009324836659214242,0.0017223629527745032,0.005669614593777128,0.001978851518793512,0.0214346398768106
2025-06-11,-0.01919371389939728,0.009975455066091321,-0.007606390295554322,-0.0038702452738865745,0.0036098781441584737,-0.007780617660295364,-0.00448273926379239,-0.0028518723853816486,0.022285115053541693,0.01949255492438917
2025-06-12,0.002112784221112385,0.0013123045433782732,0.009017153080261187,0.002358862645804871,0.013224213083885772,0.015192891441814238,0.006600296240681702,0.003974172050062563,0.0255666648206736,0.003842452532185625
2025-06-13,-0.013805157259944911,0.006484274135577284,0.0028087391782076754,-0.009898214574190711,-0.008165080732213226,-0.02089666262033618,-0.017771674159160034,-0.011180059785133145,-0.015604484015242615,0.021780664609304168
2025-06-16,0.010027938173407858,0.0008224049788843057,-0.011966974118164275,-0.0070402612003075404,0.008800750769422105,0.019159107377723306,0.003743561129126771,0.009514239842613348,-0.011756324552744113,0.003210896249341344
2025-06-17,-0.0140105964453483,0.01931107130928411,-0.018296597226889366,-0.012762231227176679,-0.002295768919517105,-0.003939580081545602,-0.014669494503658065,-0.0085450687006845,0.00393300528413576,0.013513376368945673
2025-06-18,0.0048047111226161565,-0.004433994204780745,-0.010828253243528763,-0.005889169348778034,0.004602103204535579,0.009436644684475581,-0.0031542043370907935,-0.0001508166576998926,-0.005406682031623644,-0.007105151575001578
2025-06-20,0.022484525012509637,0.009177401402689966,-0.00623640782577195,-0.005346047800316889,-0.005913730405531559,-0.011204227907487208,0.006708079830413549,-0.002348474253184407,-0.01689472863902941,0.013340350665852485
2025-06-23,0.0024875227541492073,-0.01798728829550078,0.010214427059883846,0.013073685371786548,0.018014263364494187,0.002224579264125559,0.012257953363886243,0.009877485739587577,-0.004403756078976251,-0.025806516706742166
2025-06-24,-0.005955301634066434,-0.022538471630866308,0.005749463859161752,0.0067394057807830254,0.008456709934241635,0.02587200731515149,-0.004160611139603199,0.011047186039507384,0.016429351838304074,-0.030427769011666328
2025-06-25,0.0062904828225489595,-0.002229134863545257,0.0005914216625781954,-0.008260924902216638,0.004407299220594574,0.043340310003842974,-0.008668026194615042,0.0005602827185173798,-0.01177924328099611,0.0002770012651081011
2025-06-26,-0.0027782426676479233,0.00844785836634343,-0.0017731135633841655,-0.002297866040291363,0.01052260593093246,0.00460106130962723,-0.0021386997207095693,0.007823912169541813,0.001986625243711293,0.014948768230563791
2025-06-27,0.0003979975434207361,-0.004500140553722276,0.0026313674848994495,0.012379391645003235,-0.0030354445834563926,0.01761070038597934,0.007753725572768655,0.004968221436231435,0.021445899003520896,-0.005545956881910397
2025-06-30,0.02034008166750545,-0.004172762379530459,0.002230715364085478,0.0059718348572477264,0.0029641143554672844,0.0015214217990842105,-0.003377859331113786,0.004781280167141189,0.009252467378699114,-0.014445030238361967
2025-07-01,0.01291618357444646,0.016621317934416124,0.02075298717239593,0.013003623440720702,-0.010775899254748311,-0.029685420899917325,0.011925710388282384,-0.0003235144031829007,0.045421084566853454,0.013357989097996237
2025-07-02,0.022230784557691008,0.016555538846247497,-0.0023087926109006673,-0.01060413034659069,-0.001951021044557688,0.025766382486490436,-0.00012418859283636063,0.004533165212595502,-0.05696947744591885,0.016569050815901987
2025-07-03,0.005225040243511225,0.0026355355754867915,0.002892644202149075,0.006205009037607789,0.01578124589910912,0.013290933350226908,-0.0022953216388612585,0.007881400243543668,0.003218866957608313,0.010355664575320223
2025-07-07,-0.01685785511830029,-0.0065377671641969615,-0.004743241977922086,-0.004765226524466759,-0.0022451880524594348,-0.006903408851184123,-0.0020517210709541933,-0.007451971921066947,-0.01568623627720911,-0.009714791187946603
2025-07-08,0.0002856639596571231,0.039620103450485056,0.003348905891785936,-0.010843667540999746,-0.002210129140515771,0.01112225481221052,-0.016261578145498445,-0.0005478347205516432,0.01313752471139984,0.02772036239850517
2025-07-09,0.005380692982602575,-0.0014356220809423892,0.0031453773514158456,-0.010819907020507946,0.013873883583607638,0.018000036669871378,-0.0023435403595872817,0.00599675615492945,-0.015567037888950641,-0.0034153625197140824
2025-07-10,0.00601505145040937,0.007515280998638074,0.009022349013209974,0.004173859471783947,-0.004031762909149861,0.007490217212359207,0.006157898583725396,0.0028203571621754353,-0.011224431844925054,0.009929702196791457
2025-07-11,-0.005884824162426194,0.007394464051394545,-0.005009892434895802,0.0014333687618042212,0.0036691184503567786,0.004996949298580855,-0.009085520702885264,-0.0035155067463294998,0.015325023534386695,0.004350440068408901
2025-07-14,-0.012028889648712626,-0.023565719028300403,-0.0005098714705231711,-0.005725044052836248,-0.0005960116601197996,-0.005153967255895786,-0.020948997628417287,0.0019081841138897104,-0.011575260004393684,-0.013081608679260115
2025-07-15,0.002348860273691633,-0.006330318835888082,-0.01052167560518913,-0.0015834355095887265,0.005566357948438405,0.04040951035509699,-0.00702383603335166,-0.004273212189356279,-0.029509616888193868,-0.00886571800284397
2025-07-16,0.005021215625020892,-0.005109916212566179,0.061931943371279274,-0.001297510535274271,-0.0003954177997730346,0.003925040155780657,0.006877231158826991,0.0033431741923299896,0.0026739556206938353,-0.006022590588995347
2025-07-17,-0.0006661748290880398,0.009738505909846706,-0.010923545904035659,0.019055746743373403,0.012024859971776936,0.009511619418247186,0.012294032140090616,0.006119637877514572,-0.01511154211307475,-0.005078778517360272
2025-07-18,0.005523257552692229,-0.008851893976389524,0.0044176558450812475,-0.010483071288041157,-0.0032245603058123073,-0.00341042130780711,0.003474567012954788,-0.0007322363413652111,-0.01881496739026156,-0.03483793857997819
2025-07-21,0.006155875978032466,-0.002399408672116743,0.004031922130333099,0.0031496427364803292,1.9600893246041196e-05,-0.005974105180302058,-0.0004514766415525395,0.0018960449732978724,-0.0018042647163978298,0.00259816668064361
2025-07-22,0.00903615217897702,0.0024051796811015436,0.021720498231930785,-0.005851124934695751,-0.009390995900056098,-0.025382153858991896,0.021221792888148627,0.00014309729281114514,0.01059748867727972,0.004534917906116931
2025-07-23,-0.001165954944465697,0.020527897456828148,0.006967192503059438,-0.007177822407347878,0.0011874228637833717,0.022450953030295873,-0.00025279628607732807,0.008507379054456532,0.025882911475870962,0.012806268711364144
2025-07-24,-0.0018212218160039706,0.017698631747003812,0.0027203137850320136,-0.0008675840732981221,0.00990374455639742,0.017332282040708913,0.003348412984629734,0.00033122432439824934,-0.04762237867114594,0.007823248341388478
2025-07-25,0.0005614314509685414,-0.006353128150204501,-0.007430959101223045,0.0010130981798066596,0.005539546066714474,-0.0013813991283150306,-0.00321113144759555,0.004224338152491125,0.008902404580577672,-0.0035202465337934585
2025-07-28,0.0007948313685424147,0.009299904411545823,-0.01235888877799296,-0.015613801257383986,-0.002355468989289067,0.018731927056198527,-0.007517471987715019,-0.0002511658677887274,0.0037714253987908286,0.009420296365957759
2025-07-29,-0.012987608774891357,0.004799065089710952,0.011370413158037884,0.01894549066650053,0.0001365503351844488,-0.0070155980940657114,-0.003182490941018301,-0.0026375650574512743,-0.07461358127574524,0.01292174416030245
2025-07-30,-0.010507952278425825,-0.02209766433029503,-0.005056151499033934,-0.009080295024778584,0.0013071034048424135,0.021423404683743374,-0.023817108167017653,-0.0012593696215839056,0.019036964839854065,-0.008681749056987265
2025-07-31,-0.007079572477626139,-0.012503266330929907,-0.015066378090395793,-0.012509150664296809,0.03947465737521205,-0.0078095036466339085,-0.015764009399019563,-0.003751066887460741,-0.06194554554861098,-0.0023235750030974334
2025-08-01,-0.02500355362250284,-0.001582762700394258,0.015721787560248668,0.014287898396550647,-0.017600677522182195,-0.023331592131278556,0.0011963046087999363,-0.016390513653391614,-0.04724316711960552,-0.017914728077577324
2025-08-04,0.004792832997508656,-0.00237775020560127,0.022171701584231096,0.0014520830812554397,0.02199936799886193,0.03615015641036212,0.0007300624754977836,0.015199764160073403,0.013500414995942345,-0.020704110061177117
2025-08-05,-0.002114571521470099,0.013241628672751027,-0.0017539273167618274,0.0013051504865133623,-0.014730110686595022,-0.009666754097136132,-0.0016582687032934418,-0.005070024116712868,0.04158024203340038,-0.00121069405353591
2025-08-06,0.05090685764737568,-0.0016989651842507225,-0.000878641893704124,0.006661884777218852,-0.005324582094622388,0.006507379675917635,0.01561357563927368,0.007659857740445197,-0.020796820169785235,-0.006807250594004555
2025-08-07,0.031793575553679565,0.0024872808202791585,0.005510368510650121,0.013235482673837229,-0.0078102887759372575,0.007524336767571027,0.004121497923888828,-0.0008376363499652539,-0.004516263885512961,-0.005257657907500546
2025-08-08,0.04235800487436214,0.012078684691170682,0.010493775210604461,-0.0012780209689901012,0.002303851888215913,0.01067652896336857,0.0001301709568333198,0.007797456463786601,0.025422094835223508,0.008022686138281276
2025-08-11,-0.008337491848564471,-0.010063831476205709,0.002827082969394379,0.005828888982083669,-0.0005171280396297773,-0.0035031564284915273,0.009576040692366172,-0.0019775013459851776,0.005898850829096469,-0.009082448133783227
2025-08-12,0.010872419065924843,0.006451769310240607,-0.0059832933514334385,-0.0005653170765677062,0.014316576774880296,0.00604207269907131,0.0007096652309848128,0.010645981802730908,0.036454615894206954,0.0028347426210362237
2025-08-13,0.01602444528652036,0.009259139163992902,0.009491746476644636,-0.0035355076363192683,-0.01636295917072017,-0.008571768446215433,0.002063476984038193,0.003423324755817303,0.03914812987047056,0.013850878461829641
2025-08-14,-0.0023571690519696986,-0.004554968770328793,0.0017200286223093553,-0.012915064438922874,0.0036496660913614143,0.002367887932648305,-0.010745805538710296,9.29178689290655e-05,-0.0011772633239013341,-0.002044605544777034
2025-08-15,-0.005112068529734892,0.008958483673690454,0.010989030662619914,0.005319687151543739,-0.004421206625439544,-0.008625370866016668,0.004032722357829144,-0.002341293610408912,0.11978334152610359,0.0009399747560947525
2025-08-18,-0.0030226633346254195,-0.007856928728804169,-0.002207881577647175,-0.011298503145255379,-0.005901999673326719,0.008644954831997342,0.008810691032355988,-0.00021752076014103228,0.014736296149552519,0.0021598897026482433
2025-08-19,-0.0014291944969684334,-0.010481211456086936,0.008794364933356169,0.014465480181490964,-0.014175142741905788,-0.034997993677144845,0.017210262609373528,-0.005425196437217061,-0.013776730245220525,0.0065591841331813505
2025-08-20,-0.019734652812962272,0.008026304315827293,0.005849183687238524,0.008127713833949946,-0.007944713224745104,-0.0013664558234958157,0.007007588190577119,-0.002657080804944645,-0.014462212169091826,0.010333232160258055
2025-08-21,-0.004911305040181113,0.015207094222229767,0.0005032904966510987,-0.0005657168696926451,-0.0012874604237913534,-0.002394569764917698,-0.004890093284888319,-0.004011809805612443,0.011706275078026351,0.006449938109485798
2025-08-22,0.01271681885277487,0.016907485719305004,0.002011974473499878,-0.007500713097918332,0.005929794175035807,0.017202144384917073,-0.00037781922112245514,0.015356833041096918,0.013416932990018227,0.018767720149741818
2025-08-25,-0.0026343069945183872,0.0001265342023539784,-0.004908177862630536,-0.017111011819993527,-0.0058553628679332,0.010225218164484184,-0.015882126534319863,-0.0044010200352035955,-0.008327464794115946,0.004133555651319121
2025-08-26,0.00946463359101557,-0.0053096893059031425,-0.003500666593263091,-0.0029015584850753395,-0.004402542497525697,0.010900419888796531,-0.0011525875883074965,0.004186968758527643,-0.01453126654188619,-0.0022373196448547406
2025-08-27,0.005145918125483151,0.011947201387159101,0.0016996965776374662,0.0014551722366653586,0.009361843214007903,-0.0009352225175623952,0.0063473523543422505,0.002278452752666471,0.011483550719180835,0.011301512924724921
2025-08-28,0.00898081290311703,0.0005023725947850277,-0.007579494010702348,-0.006828619311283868,0.005722846222226963,-0.007874463590449854,-0.008346210260531728,0.0035414199062957508,-0.005232415755507813,0.00532150840477752
2025-08-29,-0.001805954775134011,0.008034221554088061,0.009803245725637177,0.009215781733563189,-0.005788384724478179,-0.033246505487318556,0.008930317627581008,-0.005963639392962183,0.025075276726451268,0.008292850932440032
2025-09-02,-0.010424763463665943,0.007658569632794432,0.005023433722845194,0.0010147136319607064,-0.003098602510448023,-0.019519949164359285,0.006049548444348352,-0.007410347641911175,-0.003453037347146748,0.0034999375876425542
2025-09-03,0.038089831791702444,-0.023296000609365763,-0.0003369245796420728,-0.0010136850319402146,0.00045532465061026706,-0.0009368051517751885,0.001139263448632688,0.005419642546478309,-0.002979250373522535,-0.02423926283152067
2025-09-04,0.005493356125531479,-0.002340819406160821,0.004269673074752456,-0.010726079175183312,0.005184595116867641,0.0060954357886893185,0.006448843819962358,0.00835741674721624,0.008120122115302886,0.004378557259772098
2025-09-05,-0.00037530576155886397,-0.025556571018803043,-0.0018461760808676786,-0.004249080931059579,-0.02553298718707464,-0.027030123061550726,0.005213697562323372,-0.0028961938305100965,0.016141537842752518,-0.028202789946399687
2025-09-08,-0.007551387387481956,0.002212719437816757,-0.0016812167341671014,-0.007798710947136689,0.006464665365560673,0.007723442803737823,-0.006311663256765243,0.002456482156227624,0.015409426080397415,0.005676017821407475
2025-09-09,-0.014839386058828619,0.005519534252670377,-0.006568144499178974,0.006376898333801506,0.0004214574290086759,0.014556416428491259,0.002830135839605452,0.0023118846201510834,0.08640123378755638,0.0072826588166226
2025-09-10,-0.03225954103271722,0.01898600316853072,-0.006611745723549611,-0.0005892770309594564,0.003932500081951451,0.03847516307429433,-0.013232183843735146,0.002890900188266654,-0.0032766002325259613,0.016719369299702525
2025-09-11,0.014286370691166894,0.0029153871118525743,0.015416034834812242,-0.0029490478611507998,0.0012790818500065804,-0.0008458526038293002,0.008134757666277803,0.008310100433307488,0.01969540510726775,-0.0032000141994823483
2025-09-12,0.01756295951024689,-0.007203793352690946,-0.0024649508414572585,-0.009021008489159765,0.017744143492950837,0.0036686942232229125,-0.0046020407173068545,-0.0003344427624296653,-0.003110715655121332,0.000178411114435173
2025-09-15,0.011235926409398633,0.0012729586651707425,-0.003706606355074249,-0.004360842219630845,0.010707963157335909,-0.0003935983940567267,-0.0067764089449393605,0.005323774557475458,-0.006879791824873749,0.0016940121306261435
2025-09-16,0.006125890181851723,0.014175744206331276,-0.005298648259183691,0.0004530812760545899,-0.012263246171065223,-0.016146295065249894,0.007779334205493704,-0.0013767915798059693,-0.023312078205837028,0.02073871874781097
2025-09-17,0.003527257082143187,0.00344741608866439,0.004193520486888591,0.01207732250912863,0.001925159732150128,-0.026246649910796838,0.014425554811065888,-0.001242457061691904,0.005385857217323542,0.0053190780264753545
2025-09-18,-0.004644562289381371,-0.007807993733255358,-0.017155709095165728,-0.00865166391463168,-0.0030783111716045086,0.03494053288969079,-0.01877356480336234,0.004672499536354291,-0.01987633950195622,-0.01179621984050605
2025-09-19,0.032032859968438965,-0.016557584756248467,0.011655973169188538,-0.00045137698682606864,0.018644922009108944,0.0024397172760990404,-0.008136507861386977,0.004952868450893266,0.0055849618116505795,-0.009742855783374305
2025-09-22,0.043095737653501276,-0.0010243349246071842,-0.011237926397785869,-0.0033116708150453533,-0.006718996020213086,0.039282324307458705,-0.01903351755723992,0.004731049353107419,0.013692167657262999,-0.0070910109984819725
2025-09-23,-0.00644321911659651,0.008779200104785279,0.013604239322174694,0.007551628981820713,-0.010146788855002531,-0.028211967028401563,-0.0037237458371071064,-0.005443562937222368,0.018722571960783307,0.017229023497648877
2025-09-24,-0.008332388601025364,0.011180277949346618,0.0006230480838194108,-0.0038974292419469148,0.001806598765426548,-0.008182508094013552,-0.0005245789926558997,-0.0031816645261014687,0.011849606929644985,0.005353291135020699
2025-09-25,0.018073060767529903,0.009674615766718686,0.005885922090155704,-0.007072910049165659,-0.006115803306297463,0.004068588702951903,-0.001771396212454146,-0.004613374905433676,-0.01776540300216367,0.008990912676600571
2025-09-26,-0.005489212856193304,-0.003484323625253971,0.01114055259684732,-0.004698474898435889,0.008737114243486443,0.0028138668279011902,0.0023003253202202867,0.0057290340826092745,-0.004282843377636736,0.014101625092936887
2025-09-29,-0.0040319034973952395,-0.025349648204335717,0.01062816573642067,0.005634268702795042,0.006139288546501698,0.02053993896073769,0.006754121905442334,0.0028104467833012237,0.003197012128048904,-0.025592970650023084
2025-09-30,0.0007860573749713939,-0.005189041752658885,0.020922770170701543,0.004239722957294578,0.006509972881230119,0.026010326197546618,0.0007816406924598951,0.003766834755358328,0.00034748620970481703,-0.012869878136982149
2025-10-01,0.0032203038937570483,-0.004571966865086319,0.0033977858708276187,0.006936154926204363,0.00339796793121816,0.003537384261599996,-0.0030590009028872434,0.0034074798459751143,0.008688195632789553,-0.006740591148653774
2025-10-02,0.006576637201686886,-0.007827753816384675,-0.0003762811522031173,-0.01018269009139694,-0.007638860081398469,0.00881224740582276,-0.007376926381166382,0.001151824796685963,0.015561356105732616,-0.006250524109890798
2025-10-03,0.0034612549164674267,0.0011737030243279545,0.014302563448403527,0.008320863561536385,0.0031215812486466987,-0.006723513824393401,0.0014469908282868094,-1.4805406382656372e-05,0.01831949759458773,0.01770151289608668
2025-10-06,-0.005154581092729149,0.0030609112428918728,-0.0025444704127020046,-0.008252198146675216,0.02168761724708901,-0.011086299720477255,-0.012215269995263123,0.003586271966467658,-0.003970108819450813,0.008299440439263117
2025-10-07,-0.00081800405341792,0.005778516995665228,0.0038796230138866683,0.010438800904231105,-0.008683890354990176,-0.0026948154076970043,0.014161291939580378,-0.0037075138893177817,0.013630026225141867,0.0005254419282167966
2025-10-08,0.006160158880694544,-0.007552769360606781,0.0042353356220108385,-0.010031488066428507,0.001660442206295798,0.021995264931179204,-0.012127953419959758,0.005963055269571305,0.017213825723682463,-0.002100527405090258
2025-10-09,-0.015577803989300865,-0.01365956336645524,0.0073277645476717,0.0037810130500881556,-0.00466797932130103,0.0182962524780399,-0.0007299729629606233,-0.002896974724933221,-0.006028276290090284,-0.00973509796050498
2025-10-10,-0.03452204809648318,-0.01806903493635692,-0.0018840448290050604,0.01009496931389764,-0.021899000568714966,-0.04886532988389913,-0.005910392976458678,-0.027027862178845674,-0.035872601419077776,-0.019307421959327997
2025-10-13,0.009744353055413102,0.020416464191517436,0.0009436784654968111,-0.003580006870603003,0.006047506618376497,0.02817208868258403,-0.014696989236863578,0.015344118135168339,0.011734846248981023,0.01363673697733847
2025-10-14,0.0004441806313149055,0.002961614495892162,-0.00026180444013512716,0.010628720669966452,-0.0009338416978509345,-0.04402094463751838,0.011322732378373335,-0.0012216462876413203,0.0035409932961094626,0.00044552617294257857
2025-10-15,0.006336506208048043,-0.001837340857681613,0.00167667055693288,-0.0063694186713264545,-0.00027250299472236783,-0.0011107984306079066,-0.011665419312620995,0.004439529909605389,0.003389473314483471,-0.006055790796115068
2025-10-16,-0.007579973963228515,-0.0026296041329438857,0.00496937015606802,0.007602949719321739,-0.003544880293596342,0.01101039928627312,0.014787767072530711,-0.006810134562330372,-0.012404681346298352,-0.008690919352757787
2025-10-17,0.019559481728368633,0.009030243485866896,0.005725627453983417,0.012575853219125355,0.0038506672486968707,0.007755344299286593,0.012031986600747002,0.005676205164253156,-0.0001963449629964753,0.014461246704172037
2025-10-20,0.039438583313727404,0.009145501308370996,0.002587734184961832,0.0,0.006250224614737565,-0.0031656380962610253,0.00369894011717542,0.010400500262923273,0.02209764321436425,0.00409834043411661
2025-10-21,0.002021161098058055,-0.004466578017026657,-0.009498225063772958,0.04061936104488373,0.0016834246495727179,-0.008103395546085634,-0.0022376674012544173,-1.494287878323064e-05,0.0024416613378133167,8.879690983976118e-05
2025-10-22,-0.01644018580608131,0.011574318777341608,0.005524350009119328,-0.005756779876413987,0.005563383331563365,-0.004857566318624218,0.003825453406255175,-0.005198916065879078,-0.010619304611280689,0.017744656326262875
2025-10-23,0.004372292332100125,0.0063636222143930166,-0.002436099758659438,-0.012286341173514792,3.858474005391521e-05,0.01042824527236963,6.584353306071655e-05,0.005929962705964353,-0.002876875863383588,0.011071442802362386
2025-10-24,0.012481604994716733,-0.006387254133497722,-0.010755001509290096,-0.0032886296259643233,0.0058591085971035906,0.022507573914282597,0.008845258896650554,0.008172554694480416,0.0056872473537938895,-0.005087154903604674
2025-10-27,0.022791195406501874,-0.0018000005255771612,-0.0005251469983484913,0.005020812459352708,0.015106681805177047,0.02807914078902063,-0.004918274764834529,0.011797664492784632,0.009600090434638497,0.00476652935703914
2025-10-28,0.0007067784700340862,-0.007405977089891103,-0.017708873764940014,0.0014273513819271777,0.019848574336355673,0.04981991068259206,-0.0024384482254560247,0.002655926209922388,0.00508222487319987,-0.007848985275718534
2025-10-29,0.0026023570250897077,0.006293523317251415,-0.001765320660190417,-0.02579819247527193,-0.0009592786985627155,0.0298959843276152,-0.01717650329697895,0.0004804602529762114,-0.03419963514926305,0.01234466858234673
2025-10-30,0.006303249053230431,-0.01018700143847262,0.01312960826593379,0.009217377258737613,-0.029156910325210172,-0.020044438573744494,0.005444716504938496,-0.010998097614260183,-0.029583975805869134,-0.015113797401127171
2025-10-31,-0.0037951562818203666,0.02735786534788165,-0.0009520967934139035,-0.0011597365214066624,-0.015121075262963357,-0.0019715110218918586,0.005281438984081621,0.0032801312668069293,-0.009253108176716096,-0.002877345562346534
2025-11-03,-0.004882115436205092,-0.023332451091661932,-0.013819012239522643,-0.013497943837705528,-0.0015063329682659665,0.021680040134361755,-0.015628089316289784,0.0018767398754619968,-0.02274858677717373,-0.005246522155066713
2025-11-04,0.0036796358788213634,-0.004219772341332639,0.003221333135943638,0.010151607448574795,-0.005222145980829929,-0.039588157789888334,-0.005742604765601067,-0.01185354736001909,-0.008867912876160955,0.0033403727219121215
2025-11-05,0.00037025250608935245,-0.004758878988637472,-0.004602404390908532,-0.002184683177848812,-0.01394040984865863,-0.01751466251475131,-0.009376860109584273,0.0034653852011290454,-0.00934021655259365,-0.004030186455320828
2025-11-06,-0.0013696651457605347,0.0018339879881872356,0.005215011218847598,0.008028043717506428,-0.01983597948702054,-0.03652480823530602,0.0023322203983584533,-0.010729363869237507,-0.01885627240623522,0.007213223951158421
2025-11-07,-0.004818894404181151,0.013600145323718893,-0.0021392896631584613,0.021575423622380407,-0.0005632485423001654,0.0003722083359394279,0.005816664275613226,0.000984565078659072,0.008241094226431045,0.02375548819163864
2025-11-10,0.004548580566314353,0.004063880864230818,0.00986231242853064,-0.00042531960494940346,0.018477570760538464,0.05793254216114918,-0.010069461689944381,0.01560437034633999,-0.008112169473970532,0.0085309680361354
2025-11-11,0.021601262506795837,0.003790654762223511,0.028766968184098518,0.015456689417809422,0.005296347271993351,-0.029590603550341266,0.020893524842659605,0.002289177027853917,0.018253824162363763,0.013195684936667451
2025-11-12,-0.006466751071293797,-0.01868918959035981,0.0028890225872750808,-0.0013964562584866114,0.004836047882319727,0.003313345950255231,-0.003568083952149137,0.0005563903663643455,0.035455698682191006,-0.01385872320407533
2025-11-13,-0.001901626573266424,0.014740420316306846,0.004424203408566196,-0.006152934606737714,-0.015357770274471938,-0.03581023089314139,-0.00033776734206081294,-0.01659390636118807,-0.019288644560139345,0.005672241286782231
2025-11-14,-0.001978282909578022,0.013112170619205887,0.003482693327370834,0.0012662942679890765,0.013689880008674438,0.01771381069407285,-0.0019600287805431327,-0.0001637328001578009,-0.03205821649704643,0.012992506437025764
2025-11-17,-0.01817127205638569,-0.01776415836359546,0.01862908159962129,-0.006745356474545439,-0.005272637832246407,-0.018772638296214117,-0.012527856023402562,-0.009316529838549359,-0.004163337821670887,-0.01349655870681532
2025-11-18,-7.47610048428271e-05,0.0033309227414615172,0.0021043997287488736,0.0076400196604626824,-0.026995583662036693,-0.028081441428459142,0.008023634464231266,-0.008397554120144202,-0.021652257411168163,0.011471816643323196
2025-11-19,0.004187958188325291,-0.012498355199896394,0.012550044451179243,-0.0015444699220276137,-0.013507762234974297,0.028451698075282472,0.0,0.003863270235832328,-0.01431844209662092,-0.014114136840912006
2025-11-20,-0.008601462569680418,-0.009162946701979813,0.0027652697817071026,0.0014062752679822044,-0.016001330013427628,-0.03152478448099316,0.008163728764277067,-0.015242227316648038,0.007926405720551921,-0.002812120835141596
2025-11-21,0.019680647235321702,-0.0021953612932418265,0.004087228043133662,0.02443476196812422,-0.013189012159327329,-0.009743098884977153,0.018422326826885937,0.009961138168965045,0.027059083987548194,0.0005127606026471554
2025-11-24,0.016317581500066458,-0.0015335610589948256,0.010544411987812863,-0.004934962532322396,0.0039821218751865395,0.02051656850567407,-0.026106581496170955,0.014718606876234608,-0.002875224035374213,-0.009480681209980912
2025-11-25,0.0038052736187974556,-0.008146940440248995,0.009377362961868752,0.0002756494198437043,0.0063078911822160855,-0.025910756942502222,0.010273542282994264,0.009405836039293458,0.022661039591746146,-0.012589498743030503
2025-11-26,0.002094178534708613,0.006598012137637221,0.004306318820776811,0.0037184188259777873,0.017841087081432283,0.013721728427074753,-0.0016163574066975217,0.006903582418005261,0.010512422501029572,0.0022705543238479287
2025-11-28,0.0046837961187689015,0.010835442732554101,-0.003083395585486426,0.0032932418941562513,0.013408925473271216,-0.018084970501686226,-0.0006069969737481085,0.0054584342293309,0.0001819895853225617,0.010020087875697525
2025-12-01,0.01524119743713337,0.00932961146184419,-0.007635849085302349,-0.009089803643971273,-0.010711242234453855,0.016497230579703537,-0.004859556828378464,-0.004565560353440801,-0.019892648514769684,0.006124866674537932
2025-12-02,0.010914832876105063,-0.015012392252034212,0.00038964775197047885,-0.017790073118353567,0.006697679538790746,0.008559284483354412,-0.010716296953557802,0.001852367504067809,0.004114926212740899,-0.010717659116543987
2025-12-03,-0.007128157809805358,0.00891845170926131,-0.0004381642076319858,0.0019809447707301864,-0.025040828559835693,-0.010305283802814258,0.0058275387324449035,0.003462749080359595,0.04674317113433113,0.020974189690391887
2025-12-04,-0.012141479874668626,0.004419808010326376,-0.013880054932038033,-0.0050840212497522685,0.006509910616417036,0.021160534523537944,-0.0092019096609951,0.000731139787988333,-0.018309819779067427,-0.005602691182195807
2025-12-05,-0.006840055245008081,-0.014843004425481365,-0.0027163804676014758,-0.006387528187695279,0.004824908141233264,-0.005289605770121497,-0.01313976094365732,0.001899394752821859,-0.007736385484435893,-0.005122088906092337
2025-12-08,-0.003192433705098474,-0.00859994132775499,-0.0015351724331837957,0.0035714885296194154,0.016267929045017837,0.017214022376646154,-0.0356221421695323,-0.0030042091058060105,-0.015454704995880753,-0.0048051671968879495
2025-12-09,-0.0025549528865235205,-0.0014794254362888726,-0.008233257493549861,-0.0022776137695317278,0.0020365318428314794,-0.003125876875773148,0.009324888491693217,-0.000863028073573191,-6.183803080950234e-05,0.019572285851244597
2025-12-10,0.005772358970110858,0.019664598852801474,0.03290652141574579,0.001712082275254767,-0.0273566227614912,-0.006433489130266867,0.0013607703785725178,0.00663214455678518,0.014740441036610985,0.010909092098001505
2025-12-11,-0.002690246960942222,-0.004557231894461555,0.016800628837750464,-0.015667282231538238,0.010259974920459936,-0.015507749510496383,0.006722872447713746,0.0023270355362734474,0.02545913218875695,0.0
2025-12-12,0.0008990946591842519,-0.004843232009857701,0.00747589414780947,0.020402259181139693,-0.010217785106327315,-0.03266449001911087,0.014776833750923979,-0.010752074615154483,0.015175254216830858,-0.006023090659561858
2025-12-15,-0.014984890847580368,-0.0012668242974827049,0.01224114428601486,0.006381187709580738,-0.007752890903315213,0.0072562847968487,0.016031955145033416,-0.001510898681416406,-0.002164699776390999,-0.008920997001540143
2025-12-16,0.0018241281266524467,-0.020360500181234142,-0.02273892959610091,-0.008454265479514445,0.0033065371992535564,0.008111693749698334,0.0005512596212484677,-0.002732285145230273,-0.020228591792403994,-0.02615494655067152
2025-12-17,-0.010087028861802239,0.018875593411851632,0.00492115253789005,0.0042632296851661255,-0.0005668181720784871,-0.03814991485334229,0.017905153731090806,-0.011003593983400228,-0.00769004731660472,0.02380544455603384
2025-12-18,0.001287574790797441,-0.012239053072294559,-0.00960397837817506,-0.004386698098634345,0.01650846975308906,0.018719953397407174,-0.015492785479548798,0.00755126270975226,-0.010523807369761662,-0.00741000172086681
2025-12-19,0.005437411303821804,0.00040618008580528553,-0.00931294281527395,-0.004263725990169109,0.004008424988813264,0.03933619194605331,-0.007284264911594285,0.009063506223587092,-0.002194184891607054,0.001287114943697043
2025-12-22,-0.009865948891234266,0.013874815988199618,0.004603318770423526,0.0021409915965997506,-0.0020579063896725147,0.01491798157342461,-0.012252631788082669,0.006229803850433591,-0.006902442574978629,0.012511752795076214
2025-12-23,0.005129713035979089,0.004739489978563327,-0.00742807934099865,-0.004842480363040136,0.003980047044735091,0.030050626087284815,0.003434079748833696,0.004570492347330646,-0.0011072421053350823,0.010749018302271152
2025-12-24,0.005323781322749577,-6.632499993797225e-05,0.009719090083900817,0.003434835121606916,0.002403104372375564,-0.0031711040511147592,0.009149446995762256,0.003517674396244841,0.008559212552444961,-0.0016746793009212446
2025-12-26,-0.0014972809650133367,-0.0031892869548255653,-0.0007218801257237173,-0.0034230774150775245,-0.000635154335217325,0.010179749413702144,0.0017300869966245802,-0.00010140966545213459,0.012973845526599304,-0.0009226705923944811
2025-12-29,0.0013167962364344366,0.006465731014105636,-0.00033720001236436925,0.004150439603789469,-0.0012507520225100155,-0.012124095818556668,-0.0011744617822505576,-0.0035636535074947684,-0.008709155733693796,0.011921726355147655
2025-12-30,-0.0024841597541549465,0.008742308180677894,-0.0031316363582306606,-0.001282697914833486,0.0007801502882722744,-0.00361277804937421,-0.003596904959147662,-0.0012212136133650242,0.00978888586318738,0.0038164696994500424
