Date,AAPL,CVX,JNJ,KO,MSFT,NVDA,PG,SPY,UNH,XOM
2020-01-03,,,,,,,,,,
2020-01-06,,,,,,,,,,
2020-01-07,,,,,,,,,,
2020-01-08,,,,,,,,,,
2020-01-09,,,,,,,,,,
2020-01-10,,,,,,,,,,
2020-01-13,,,,,,,,,,
2020-01-14,,,,,,,,,,
2020-01-15,,,,,,,,,,
2020-01-16,,,,,,,,,,
2020-01-17,,,,,,,,,,
2020-01-21,,,,,,,,,,
2020-01-22,,,,,,,,,,
2020-01-23,,,,,,,,,,
2020-01-24,,,,,,,,,,
2020-01-27,,,,,,,,,,
2020-01-28,,,,,,,,,,
2020-01-29,,,,,,,,,,
2020-01-30,,,,,,,,,,
2020-01-31,,,,,,,,,,
2020-02-03,,,,,,,,,,
2020-02-04,,,,,,,,,,
2020-02-05,,,,,,,,,,
2020-02-06,,,,,,,,,,
2020-02-07,,,,,,,,,,
2020-02-10,,,,,,,,,,
2020-02-11,,,,,,,,,,
2020-02-12,,,,,,,,,,
2020-02-13,,,,,,,,,,
2020-02-14,0.2621822923923341,0.19070143903573206,0.10138351794534307,0.13031240455985324,0.22976149068525142,0.3575127332833502,0.10893224727704812,0.11795568314332311,0.31372203652114816,0.2338326924060596
2020-02-18,0.26689693945571663,0.19108718703424102,0.0969614230890569,0.13125165816693699,0.22421133862561618,0.35412519037504336,0.11138196569904595,0.11555157891172203,0.3133143457309407,0.23481277682407276
2020-02-19,0.2687071251060716,0.1921964908858428,0.09698173459219557,0.13092997015865737,0.22416547856812843,0.3860016327530113,0.11189754684868308,0.11575530754563423,0.31400755052891166,0.23481461286630279
2020-02-20,0.2705260930887857,0.19055407110765227,0.0968165084744464,0.1275311832724718,0.22835909937301832,0.39483391729565653,0.11219268583114682,0.11623562590269286,0.31520256988454026,0.23478660656269182
2020-02-21,0.27693525396074037,0.18919302662435944,0.10077191681454692,0.1278840587914322,0.2499468799089138,0.42679439424315674,0.11188246181612455,0.12046768579421611,0.30987154688496255,0.2338316612832256
2020-02-24,0.3042304129655306,0.2179416025352452,0.11864222550963427,0.14401026224874344,0.28303410033067145,0.48235607723195895,0.13492251150686133,0.1544786263902835,0.38557210175367956,0.2606884735638699
2020-02-25,0.31855475158215474,0.2398227598508139,0.1212727257935748,0.1513000315120345,0.2875103822776254,0.4999921172654274,0.141925734123548,0.17710961295563163,0.41171329551110364,0.27652869368693755
2020-02-26,0.31540211343623764,0.24742948132183087,0.12215185257273416,0.14931361699854412,0.2876615517771834,0.495861584416605,0.14280430676186165,0.17550825588070215,0.4030819413495648,0.2747574854356291
2020-02-27,0.3634502020149571,0.2668220311906036,0.1511558787230332,0.20260827465430964,0.3550893116365523,0.5205609975935112,0.21271032500280826,0.2156804868268654,0.4121420949257395,0.31291402172572896
2020-02-28,0.3635932344738169,0.266440170708428,0.17632163541514462,0.21178065660887857,0.36176897408872893,0.5556992533751638,0.2091093575943918,0.2150972213354945,0.4015185986062857,0.33587230352935143
2020-03-02,0.45810895382521927,0.2902239198019835,0.21563657548337345,0.25218578643099054,0.4070254768383076,0.5579572205276696,0.2704076780221912,0.2522385316304533,0.4550697611511341,0.3736061175199852
2020-03-03,0.46482363335720234,0.2940123569857223,0.23097125071551072,0.2522223557312744,0.43141098475579776,0.571233454684592,0.27169226774813676,0.2630326618783346,0.46955521194995664,0.3913541538043848
2020-03-04,0.4858641023842862,0.3247401467567737,0.2909842135371447,0.2928755527799397,0.4441797221236021,0.6027909609329193,0.31566041965421743,0.2939339457494884,0.5691656494346174,0.400881812109916
2020-03-05,0.49408487112582994,0.3259087425184674,0.29175122131221487,0.3122281887792094,0.45044098794295206,0.6164265234652345,0.32255131634898115,0.3076799004488639,0.5726076828475234,0.4144570713136419
2020-03-06,0.494647811119762,0.32813756627370233,0.2916417270722842,0.32069646302815186,0.4577389789278203,0.6221377557698647,0.32237209691009633,0.30994036359488836,0.5727142108466788,0.42972905762058083
2020-03-09,0.5418670243934386,0.5416241857767409,0.31200035429505507,0.3651407407151363,0.4970303325798775,0.6632854566491615,0.34799489114748033,0.37794765199908775,0.5788717314984857,0.5380859955645373
2020-03-10,0.5809903406306034,0.5716453780845168,0.33315457009717925,0.38137528486717076,0.5355429892257338,0.6760729865432916,0.36736069602202115,0.4114851043470923,0.5771380777109533,0.5571724282734833
2020-03-11,0.581223115652019,0.5716646468543924,0.3867000289084749,0.38787889536987474,0.5481720412164077,0.6917961447272678,0.4238627232251258,0.4294266289105573,0.577296365338186,0.5593773280678122
2020-03-12,0.6373692143026946,0.6093894462411963,0.40631761298244645,0.473924019329162,0.6079058811553062,0.7782253033628229,0.48838444759076827,0.5023283088854418,0.6433850933072595,0.6311342016837381
2020-03-13,0.7372794402143218,0.6793045019181269,0.46268811833467444,0.47712958508719894,0.7384872907341703,0.8482964827886414,0.6100673350189602,0.5710657905565979,0.6988673352333645,0.6380542725131235
2020-03-16,0.8139000983957004,0.8130182639611149,0.48478299220389665,0.5083724171096496,0.8504531594375739,0.9992308386746005,0.6243276959380046,0.6446320758801178,0.856681347404152,0.674579105937139
2020-03-17,0.8270684179019124,0.8166258560959184,0.5352142682700279,0.5280050799525839,0.8844152479110945,1.0480272626554372,0.6806692158732827,0.6685795759936173,0.8952469879837515,0.7181999535589513
2020-03-18,0.820731909784848,1.0152889711341027,0.5346739906369684,0.5413220785812599,0.8838015403365821,1.060814329791346,0.6806625408265262,0.6764298951407083,0.9451042477083412,0.7593310645418229
2020-03-19,0.819449725797086,1.0203032956507978,0.554923695753685,0.5670545806204648,0.8862298892544269,1.0712174458420902,0.6981203210858826,0.6744218064187112,0.930078992980472,0.7548102450910035
2020-03-20,0.8328716668236111,1.0317277419144155,0.5739763876865154,0.6045874229867773,0.8870057598476097,1.073563299751303,0.7284244145053491,0.6799100401918572,0.9422685308047077,0.7599176541171574
2020-03-23,0.8334395809329264,1.0502879159939726,0.6046802098118572,0.6027230306615967,0.8865663829975031,1.0791404814737433,0.7376005768021098,0.6808607433655155,0.9521411970636919,0.7610728101880215
2020-03-24,0.8925053830133038,1.2710046452233503,0.6492299528376098,0.6276866685575131,0.9274114709157923,1.1853593576830432,0.7606894432814293,0.7415607758509836,1.0340939721730766,0.8726738235852388
2020-03-25,0.8925128583488292,1.2785109914171677,0.6493407523695054,0.6570264895986712,0.926187076679148,1.184920952906966,0.7617547593223464,0.7442653474809726,1.0545248860085636,0.8920307995659852
2020-03-26,0.9050560423584205,1.320211525721825,0.6778165753112371,0.692066409288394,0.9470454417983184,1.1919255809661136,0.7881571151147161,0.7684046498168677,1.0806137863021004,0.9033563901745852
2020-03-27,0.9107738284113798,1.3458803780442004,0.6808433760851225,0.6947808784954651,0.9531959647735467,1.1929471553110107,0.7915363888717782,0.770928393819287,1.0893014418202864,0.9085234963104687
2020-03-30,0.9165125553257303,1.3562194441877518,0.7244817825316914,0.7157378454380366,0.9772886478097991,1.1844180536687234,0.8024389569078639,0.7794577738403204,1.095612432355829,0.912196289347961
2020-03-31,0.9158978740976629,1.356747569598237,0.7251525455293613,0.7161414096169739,0.9771602603778357,1.1824602633821606,0.8112052516179146,0.779656159895582,1.094802298328458,0.9155023706227037
2020-04-01,0.923523408646104,1.3617485909194977,0.7263613676668881,0.7240900481970903,0.9812034633646324,1.187418533335693,0.8109332432014517,0.7861650216269945,1.1013471474370848,0.9133397431602986
2020-04-02,0.9262885059531469,1.4073062595988988,0.7343619220165418,0.7403097675022499,0.9834899826801737,1.1979545577652022,0.8230023007843044,0.7916125660152178,1.1026170543408376,0.9502934074020736
2020-04-03,0.9254057102401662,1.4073772267890934,0.7339735725343426,0.7390645630612523,0.9801353683010475,1.1972882679903585,0.8232893703289901,0.791797312599595,1.1087766301775568,0.9517551316221671
2020-04-06,0.9560315952616307,1.4222408420563806,0.7427311906393763,0.7676716108835879,0.9974671249631524,1.2162914685609878,0.82303062316823,0.81750158334691,1.115923090386664,0.9540403959120264
2020-04-07,0.9518476558840138,1.419020653173771,0.7438050709435531,0.7673303558989465,0.9967414558622477,1.2145060559663032,0.8312363393968502,0.8141277756713774,1.1055447774649643,0.9533124442661299
2020-04-08,0.9538279776896651,1.429792300996832,0.7537029613366464,0.7736219239988856,0.9965198396642171,1.2160417856404548,0.8330989848795881,0.8213830875567086,1.1291038983391513,0.9737207418479665
2020-04-09,0.9345486486861148,1.4261000133280128,0.7487790281499493,0.7677850074080013,0.9733247194718535,1.2047102788358306,0.8165871861399006,0.813017200626728,1.1246728564441477,0.9601265618579893
2020-04-13,0.9360866640488055,1.4259826121757913,0.7423952705902966,0.7734957510508117,0.9712949765504643,1.1909276348193307,0.816964265325448,0.813323894503496,1.1248192022104855,0.9542861403906528
2020-04-14,0.907640314973728,1.4223744555530284,0.7441001733205069,0.7719010806351319,0.9627474411958541,1.198172962443615,0.8104967415550242,0.8077622108809724,1.1088714993339563,0.941572224019016
2020-04-15,0.9030637118533698,1.4227011986444256,0.7373671793322267,0.7747462659683109,0.9519475354438034,1.1925087856622274,0.8095203097975914,0.8058791162912549,1.1059678790999294,0.9408476861651912
2020-04-16,0.893094751742197,1.4188433888280239,0.7199514641404179,0.7571262777919233,0.9500957424957415,1.1841242820500038,0.794697333138126,0.7957092009638148,1.0758971520993441,0.9400671830220831
2020-04-17,0.8888550130994586,1.4435206713066877,0.7199191076752304,0.7549969191731519,0.9464643743401903,1.177622888811435,0.7949072592471151,0.7945650286578065,1.0768034906614445,0.9873779991564433
2020-04-20,0.8901145538224404,1.4475494585941493,0.7200460126424103,0.7566328476423122,0.944267608604107,1.1759055025581904,0.8012978693434286,0.7947634012906881,1.0808601050074595,0.9869474142999042
2020-04-21,0.8634182577169961,1.3749208640772455,0.7105286857169861,0.7397795922750424,0.9297164236383927,1.1668500967507667,0.7893817200821055,0.7657294775153694,1.0784593739975332,0.9200980236548097
2020-04-22,0.841645861151988,1.3700661213399918,0.7053596575341119,0.7317435491182536,0.9146430564763643,1.1660091473286116,0.7818281974250715,0.7534654561543608,1.0768200949826987,0.9175336864663336
2020-04-23,0.8352235143379362,1.3694819298958854,0.6712289622372455,0.7290782463472328,0.9040528697592194,1.152114426040355,0.7486975267972577,0.739057152338218,1.07937157818175,0.9160141473129891
2020-04-24,0.7826268824170662,1.3446906421588403,0.6517573004263397,0.6738920586727141,0.8532657383527553,1.0847598363111473,0.6981590196819409,0.6792623973450487,1.03607450586428,0.8460596817079508
2020-04-27,0.7036724224317611,1.3219331842795483,0.6244296705672768,0.6708333157207396,0.7543856338767905,1.0425360119181535,0.6103614685146854,0.6363958626550101,1.0052582707722624,0.8442493541625825
2020-04-28,0.5889625948574964,1.2196165857099726,0.6039087426389399,0.6411164905184391,0.6100699494219815,0.8718351154037314,0.5916049395955361,0.5406435525247539,0.8574926596391425,0.7887127217763554
2020-04-29,0.5834767064107612,1.2253811232863967,0.5696088165230832,0.629871120411415,0.5794402073127608,0.8282704668157255,0.5318973692142586,0.5252481284666952,0.8275090541744666,0.7819398715073749
2020-04-30,0.5784269017251454,1.014551210147282,0.5678904107578616,0.6172655152666517,0.5604287452982227,0.8007700718356886,0.531759401751519,0.49979260264141234,0.7482888458308224,0.7160533599879396
2020-05-01,0.5807311147317815,1.020934786747678,0.5383355555148245,0.5824925985005062,0.5687520102594502,0.8037135432520338,0.5044485262000143,0.5090294116467967,0.7564191963160058,0.7509777354130844
2020-05-04,0.542090584427793,1.0196568616993125,0.5056731913280264,0.5216693739325632,0.5544255110697159,0.7942078314967546,0.44843704649356436,0.4874129298280578,0.7268978983225614,0.7358559340077739
2020-05-05,0.5347750310594898,0.9714258564002433,0.4442745834586538,0.5161222654002481,0.5513730824684091,0.7918017055980366,0.42189138632687256,0.4771462291831381,0.6971067419795361,0.7210220005338235
2020-05-06,0.461224001635902,0.7562849918926118,0.4066937307649322,0.5026323212065908,0.4953685928832718,0.6312346942187484,0.40281056047666713,0.41092332214634286,0.6129719263105639,0.6398891511150122
2020-05-07,0.45977727446802485,0.7529653925267126,0.40759790495214326,0.48004609251547115,0.49278780473029776,0.6298673706829235,0.3967141839767526,0.4104301525404843,0.5917956967402141,0.6260231710528156
2020-05-08,0.4424706718430348,0.7039569650869063,0.3758323022048276,0.4533750800092944,0.4647643942365554,0.6210279811971237,0.365394314358912,0.38033798858935663,0.5384382076872045,0.6274292561920514
2020-05-11,0.4190215774801957,0.6329787025309471,0.3630936766808663,0.44318255956955754,0.44292021057741243,0.6205745738858506,0.35956711042167383,0.36684794809109555,0.512458029963343,0.6078333793389873
2020-05-12,0.4183921968329293,0.6319416731244263,0.29327476665560004,0.4211638022357145,0.40949849348316797,0.6186740994006167,0.3375969129136643,0.3642349521506099,0.505087625724477,0.6115379413179914
2020-05-13,0.421303743403266,0.6400337488365471,0.28870915468108815,0.42228315692073515,0.4092404096691601,0.6179363901308881,0.3117468754008396,0.3655294866138255,0.5163042362312577,0.6326400555843096
2020-05-14,0.381872963944437,0.6132443726126696,0.2813109667857875,0.39729409103732843,0.39112556170105106,0.5680010412667281,0.31100474917850085,0.33636121331414853,0.5048321693447075,0.630833668378786
2020-05-15,0.3834075774410319,0.5362872477503052,0.27118036015702335,0.3780364529877531,0.38952259206381673,0.5722357132362371,0.28144593982346494,0.3320193773315791,0.5048074249828247,0.594456196065376
2020-05-18,0.3799198266439016,0.5501878726650464,0.271180742105068,0.39508909037265294,0.387023465590329,0.5502100084792902,0.2837590253506744,0.3352513388256895,0.47974119288641776,0.6264309162163264
2020-05-19,0.3016115734363932,0.5288805222215429,0.2492317080511553,0.34683457789560246,0.33064045033499967,0.4833742132242037,0.2907670076679493,0.2836049234007402,0.43039492574721805,0.6304041970688553
2020-05-20,0.29914381700756165,0.5374983612888788,0.2453641603966231,0.3586403321732836,0.32896107907716965,0.4651545440225953,0.26347181384496465,0.28620093723123,0.43078290458501955,0.6343833829312138
2020-05-21,0.2968104554094471,0.511379834750252,0.2159825761549403,0.3509378086917062,0.3319578155907505,0.4710076643841736,0.2598505305946377,0.2735506204428773,0.368931567675999,0.6123485182340707
2020-05-22,0.2967935440222032,0.5112648191367061,0.2134084883242724,0.34194079670319955,0.3319227612294366,0.46817839712128106,0.26108704532664506,0.2709193791203152,0.36628780475240824,0.609902487727312
2020-05-26,0.29617814623557726,0.518633923600315,0.21065981993937138,0.32853893490801045,0.3345210696346806,0.4836294519649686,0.2591148943926229,0.2702930964698887,0.3679753076381314,0.6138384924001347
2020-05-27,0.2631920594785747,0.5181565848681864,0.16592487655811158,0.30587076380988387,0.3046545589250863,0.47378729875749914,0.2296510822770759,0.2609379145750081,0.3700232188840028,0.6129432177715076
2020-05-28,0.26060303098117515,0.5221346494202991,0.16803295264431412,0.29716037031818376,0.3027026026550833,0.4720788600152758,0.23720407278877165,0.2515652694120974,0.3528740962998231,0.6013429733283634
2020-05-29,0.26070351427923055,0.5118750970852273,0.16703967171652975,0.29660002863630136,0.29206048734048906,0.4693817930233524,0.23698113280372524,0.2515445899949492,0.30930671972887464,0.5906779717268499
2020-06-01,0.25658282758019235,0.4460743495622208,0.1629498476907445,0.2909618336328539,0.2913861709703748,0.4693079204748246,0.2256832342805582,0.24108745253507974,0.29835042509645493,0.5148131728390917
2020-06-02,0.2451298571249176,0.42840471316881135,0.1645064068952724,0.2755551503505307,0.2859597883194251,0.4636945538337515,0.20672438840603824,0.2341315457968885,0.28367616649787103,0.4944057555393061
2020-06-03,0.21967776087538737,0.42414297427607983,0.1602768013057107,0.27135290061075384,0.25460996187897483,0.418408252055567,0.20593653572823128,0.21315561337905128,0.2687289729338445,0.5034137963920701
2020-06-04,0.21348988978712352,0.4182235244757509,0.1502114470629884,0.27102062804695337,0.24199195264448906,0.3881332166657606,0.21461643054084828,0.20737524175644592,0.2794490748858853,0.5000963941775598
2020-06-05,0.221775474063295,0.43072776305756144,0.14158540524784943,0.27482671589664937,0.24590138209913606,0.3867302927527881,0.22163726138855175,0.2164550076289823,0.2966648288366238,0.5408832290659893
2020-06-08,0.21132431918718492,0.4338048814383988,0.141501001107966,0.27686048365171845,0.24191288283420243,0.3896549559175782,0.2218423124547746,0.2158260378396169,0.2933209427063217,0.5450749848260238
2020-06-09,0.22361623449269888,0.4324085624307084,0.14184502392286258,0.27112580390812446,0.24171238810819548,0.39031765688977105,0.22002321643629194,0.21642829179851006,0.29267206673135887,0.5523741907718356
2020-06-10,0.21928443636379294,0.45072760452453126,0.1378682273401157,0.2724223129903628,0.24662205898959647,0.3906698071980866,0.22042423995437263,0.21677758211253773,0.28861177557485906,0.5780006218680369
2020-06-11,0.2611821835628484,0.4939444869457796,0.19183112124924478,0.32990986811558726,0.27272763403659683,0.4364886400404197,0.232593248100077,0.2708704706119487,0.35981618235918955,0.6182691575046716
2020-06-12,0.2571382088195804,0.49714659493298247,0.1944310596496525,0.32258835041740863,0.2722404115358107,0.42988606191865303,0.23215532437391803,0.2708729339721796,0.3565996686929481,0.6177454935618975
2020-06-15,0.24999722267349705,0.49136060802031867,0.1926135915579885,0.3248356902105072,0.2594990157461104,0.4166569785229273,0.23243310578484902,0.25810916846508464,0.3477149106928679,0.5772495431294915
2020-06-16,0.2560183693161998,0.49499678789800317,0.20484097004267632,0.32412071552130195,0.2595314941591102,0.41584901414108155,0.233430842776881,0.2624315089417853,0.3529336534426428,0.5698224395733222
2020-06-17,0.2556053146629278,0.4998035073254309,0.2032132106272771,0.32429859363051133,0.25846880507570863,0.4170217239491401,0.2335043989620017,0.26272434749852447,0.3486930425876634,0.5793215498554678
2020-06-18,0.25569653133555914,0.49112208710006255,0.20185370241529083,0.3214964399227318,0.25868985338982536,0.4176247933252684,0.22224947219932506,0.26122827511660357,0.346122937731759,0.5758398146359339
2020-06-19,0.25726376505408854,0.48628316114713704,0.2019783542941779,0.3279008767090288,0.25968855974096267,0.414814278335454,0.22070229926110066,0.2610785088495419,0.343787282086502,0.5797758357700172
2020-06-22,0.2588557911487443,0.47884785878187447,0.20062758400786215,0.313842994835468,0.2698926351928137,0.41633099307651317,0.20169187275985084,0.2580179527006316,0.34352596005431774,0.566937678382976
2020-06-23,0.2613744504497772,0.4745043765597592,0.20047625974928532,0.3116753145362161,0.2690264951389965,0.4113591166234033,0.20087745933734444,0.2580242364470783,0.34633010150635607,0.5661173230765583
2020-06-24,0.26540511210959783,0.48477475922622687,0.2059929619007936,0.3148103906294406,0.2670623248031567,0.4042958261906506,0.20274369358520455,0.2626893085234512,0.3566788039900377,0.5814701279889757
2020-06-25,0.2613841280999811,0.4811082035799897,0.2059576233679796,0.3094152516374531,0.26284847632958397,0.408114521065969,0.2047861633586529,0.2567920255396765,0.3477775247043134,0.5624973210364469
2020-06-26,0.2820280245659549,0.48784885694677604,0.20822863128206198,0.3221684694258034,0.27177961616948787,0.41862310229665844,0.21604947361848303,0.2668599914035046,0.3366489810345267,0.5724840585751406
2020-06-29,0.28511844109136103,0.4887269433700764,0.201373795450809,0.3245616750184415,0.2705938118942503,0.38784509582753585,0.22345504054568138,0.26930674771702395,0.3379101060063608,0.5733398460868478
2020-06-30,0.28014140183261427,0.4656503457661357,0.2051574226784348,0.30441214329690697,0.277880052740721,0.3889913736954267,0.22469676739670416,0.2579104133340539,0.34104918957132596,0.525362030103724
2020-07-01,0.2790590420171194,0.4594394373140302,0.20374557578005595,0.3030711844420181,0.27620078693152145,0.38887007233198095,0.20104616160820463,0.25576225062071084,0.3388390176410195,0.5216529931349946
2020-07-02,0.2761010884071426,0.4459020093400687,0.2032182013568914,0.28980822339406254,0.2748244688179289,0.3864193144365927,0.2010530302858623,0.25218397543313226,0.33850522239983905,0.5133422060691446
2020-07-06,0.2809416975363215,0.4452359091931996,0.20739341116099685,0.2869341866750441,0.27539537667020486,0.383950759152345,0.1948103493268479,0.25367849958382493,0.34040270149786167,0.5110731718519418
2020-07-07,0.2820770759333254,0.44788855801375344,0.2057991207672037,0.28674730563889134,0.27924068353035464,0.37686950354371257,0.19411848178442892,0.256464177258524,0.34552726771049525,0.5167099843969775
2020-07-08,0.28428516117905833,0.43581239047090964,0.20596164828705724,0.27849996476554767,0.2800430099462641,0.3703126533032893,0.19280434146959233,0.255230027911497,0.34253744061062597,0.508885623517209
2020-07-09,0.2842886582865948,0.44970769043287473,0.20636406997115564,0.2845818869415587,0.27979721517013684,0.3665694720056103,0.1893538437940212,0.25325651616246314,0.3381990063148953,0.5208713539168615
2020-07-10,0.28407695196797084,0.4517367121526093,0.20151774496341102,0.29640286737168875,0.27999710397042593,0.3661391120096375,0.18483099919232432,0.25430446405700086,0.33818287509616457,0.5254769136221358
2020-07-13,0.2850926039309018,0.4507166827397186,0.20714327870459756,0.2956015767608732,0.2988519677272693,0.3729969751109406,0.18456735271802274,0.25596973979002735,0.3492079150698464,0.5245016079194161
2020-07-14,0.2861358352510566,0.4614270813759908,0.21236167940171438,0.29779755772673827,0.29824743466960435,0.37961018529250234,0.18345078950800364,0.2580632471883016,0.35949364875833767,0.5312171306177303
2020-07-15,0.28608724468802815,0.45741939383266444,0.2114409885975485,0.29972684729875204,0.2980142386494654,0.38400484649171646,0.18396491816132512,0.25827727736944645,0.3621367063872382,0.528284382888803
2020-07-16,0.291237462002368,0.4497551388598234,0.21218091647504392,0.29323492214369606,0.3059633439395077,0.3847980493583708,0.18385501530354126,0.25628754671087806,0.3631293430415747,0.5131150802661276
2020-07-17,0.2889994935482015,0.45040161371992565,0.2084925591156935,0.2965603701443382,0.30305640477011075,0.3845211346655825,0.17127662217376668,0.25607427214608725,0.3558222648707199,0.5147473101754328
2020-07-20,0.2847881593071416,0.42774944232864903,0.2082951520380079,0.2899233839113256,0.3190460759962807,0.38979386492561324,0.16426948251244755,0.24649765668406476,0.3306256156503307,0.45069045730816415
2020-07-21,0.29044525731615467,0.47575101154467336,0.20791517328561046,0.29485944836040917,0.32308947361966794,0.3918528640207272,0.16405589501803772,0.2442075056999258,0.33036962770351425,0.46807914723230265
2020-07-22,0.27952545599042555,0.4741690779893849,0.20707745661393315,0.30211920071288545,0.32440076421235425,0.38675844770431583,0.16355990616541122,0.24348071036674063,0.3307235760478066,0.46838561155668285
2020-07-23,0.3069152747600191,0.4619468913454018,0.20434941364396145,0.3014790929192713,0.3365129774540974,0.38830699599052476,0.16328993485021448,0.24563316416443912,0.33103375881448716,0.44688266455032866
2020-07-24,0.2685581167396346,0.3918649913008498,0.15102610499952224,0.23359589198236663,0.29476431222090854,0.33792193802518833,0.14235840570716982,0.17451573666587225,0.2523577629923678,0.36993003166143473
2020-07-27,0.2745875801139417,0.38025656528874724,0.15110640139727485,0.23249514691176942,0.29581042827018644,0.3402865914908489,0.14010116755570015,0.17279832876935325,0.2536856901550967,0.3667715337672625
2020-07-28,0.27951970220453676,0.38350541100177016,0.14982239940661396,0.23023573628579566,0.29758961195316064,0.34144875941838215,0.1415427896751797,0.17316751796955093,0.25372598928529344,0.3678350469355664
2020-07-29,0.27492065697230833,0.3736444634940257,0.1356073398591661,0.2291090688168417,0.2911515245508706,0.34335086299371004,0.13893079197572222,0.16814848599016813,0.25302255472948926,0.3625642211827375
2020-07-30,0.2759517172741555,0.3854783014283696,0.13524924589004872,0.2297901910274444,0.29121668435325004,0.3421147733777637,0.15110353747555766,0.16798665729652712,0.2535739676417236,0.3771960869776951
2020-07-31,0.40312862572454883,0.3918655129464452,0.13653105829825996,0.23040979153402985,0.29021246702110537,0.3418148551334874,0.15035942086361925,0.1689661138576331,0.25465565065601664,0.3769479921593297
2020-08-03,0.40485286986148133,0.39207567746353755,0.13964831678049544,0.22983223630681854,0.3294588500727799,0.3544113699953579,0.14927171873045372,0.16809417371693114,0.25461564342027304,0.37413504136737075
2020-08-04,0.4010362911200801,0.39552567760889085,0.13926157957236382,0.230174347834629,0.32558196619024216,0.3503814214673356,0.15021591465364342,0.16769567381572648,0.25445068838409435,0.38363122250912307
2020-08-05,0.398816072353724,0.39654794207344457,0.14002534511303927,0.23199165544615588,0.32549207034110283,0.3479468387302104,0.15104448309190044,0.16797044248997398,0.2607162533358255,0.38419825124077767
2020-08-06,0.4003242165564203,0.37781440689203133,0.12463634942068542,0.2218002035440166,0.32096938426522537,0.3371101965951899,0.1468094371094406,0.14647292361012737,0.2447447611919702,0.3596345261806948
2020-08-07,0.4098294869468513,0.37465648912798843,0.12524003436985448,0.2218800901179919,0.3253190418374441,0.33571280420792166,0.14495026254614354,0.14487423458272242,0.23707689280720043,0.3567925595935919
2020-08-10,0.3943517098398792,0.3762021536149878,0.11789861383573723,0.19995680106119207,0.32525520128728413,0.3137438714798502,0.12033111344442703,0.12092091831278472,0.21435344625308758,0.3498805561005431
2020-08-11,0.4068887698178005,0.37439386932866353,0.1193873217830041,0.1948913891270642,0.3323975837904997,0.3297796318561281,0.11534176922540676,0.12118507263970145,0.21761674114050075,0.3481196831100997
2020-08-12,0.4140816607544682,0.37257950565426357,0.12565880709482014,0.1957666255394236,0.3344408291885347,0.3507668128978696,0.11580056131344489,0.12202334481503951,0.21985030611332618,0.3472328473583728
2020-08-13,0.4140914050068915,0.36973973061098064,0.1309487155225698,0.19607031803223954,0.3342795439404312,0.35112514841134584,0.11591979273608563,0.1222061146191059,0.21952690382016074,0.34837426405608085
2020-08-14,0.41425283777124516,0.36946898936692785,0.13074999153039277,0.19606437923196635,0.33366542211503064,0.35127990870632864,0.11862021477582012,0.12216083037915008,0.219831306862852,0.34775150159139423
2020-08-17,0.41154454895391634,0.3695791061497138,0.12569940251753364,0.19662483050550006,0.3283074087027205,0.3898943237555399,0.11845727919961858,0.11594074918036136,0.21953907587411792,0.34916925942524046
2020-08-18,0.4103904138477649,0.36680776364029705,0.12666727312236825,0.19655563885945773,0.32675550532195563,0.39182113024935333,0.11888918445497056,0.10975840569968152,0.2131506095005782,0.34108110835293476
2020-08-19,0.40802216654869383,0.3695116904278828,0.12661527855315588,0.20808741792748872,0.32094865282043444,0.3861545855311756,0.12181584129244552,0.11034457120069824,0.21375507031122154,0.34259450960212257
2020-08-20,0.41034072282515516,0.3518388323129811,0.12564029361965445,0.19129258093477702,0.3275254248354214,0.3804279216019036,0.12064580107252182,0.10781156847815408,0.20080680752827088,0.3231477441892851
2020-08-21,0.429271218389053,0.34134637245557425,0.126830158608794,0.17539220505275951,0.32813264277339227,0.39641187163924324,0.11850620736782311,0.10535477560651699,0.20068986626800198,0.31076879329026263
2020-08-24,0.4273538291864446,0.3485276036534283,0.11540424474511973,0.17939526978695333,0.314677376759036,0.3703621301955952,0.11885196599425148,0.10249231460295082,0.19196636875606293,0.3226962663333333
2020-08-25,0.42989661862354106,0.33603216805233455,0.10387960449053231,0.17613126193058742,0.31621285546595673,0.36348801612453346,0.11809734730692951,0.09796939452989535,0.17500898211709479,0.3205397149597654
2020-08-26,0.43007308091583346,0.33842367278693875,0.10383212264255674,0.17393525660644565,0.32133688429949003,0.358123112689377,0.11816096766638846,0.09849111259235031,0.17268237290681152,0.3224380887643682
2020-08-27,0.42992282996332915,0.3381433528341401,0.1030012361454968,0.172775745811822,0.32051924045358626,0.3591112925770811,0.11898509280669546,0.09691708032477016,0.17226827975824688,0.32230458349035174
2020-08-28,0.42983472455054633,0.33696412221406336,0.1034205938126132,0.1923204631802222,0.3199099114674563,0.3719931972583305,0.11857783369234785,0.09750681318330882,0.17366373591878806,0.32827056981557573
2020-08-31,0.4345334317489251,0.3357843477225641,0.10369857987526136,0.18709098584656603,0.30255744310663896,0.36731016152750035,0.11861035663842004,0.097986877158187,0.1717771432954728,0.32565827139268516
2020-09-01,0.4373316862196797,0.2591677783714103,0.11073749719891356,0.17857887491203162,0.2991231267485261,0.3661107044409247,0.11851465455827304,0.10000659962956646,0.17127063299618386,0.28762873270308725
2020-09-02,0.44651690273906086,0.2593800358992351,0.11854380516347345,0.20125551149958135,0.30106036487888416,0.37500763502232815,0.12387785902021534,0.10534650502858318,0.18326636019476067,0.28150853500232614
2020-09-03,0.4929865417230288,0.2604658688529133,0.14494635323538915,0.20571931904952637,0.32937541611248494,0.46760657001804407,0.13625404936771765,0.1455692946784475,0.18348144991799664,0.28114925861980355
2020-09-04,0.49241534321063146,0.2596873879619453,0.14313179393216854,0.20743343897482047,0.33199249565616934,0.4810895908541063,0.13643879894680402,0.1465493331823203,0.18686797378953532,0.2810367909185459
2020-09-08,0.5380587641515492,0.27424720555100257,0.14438680553686756,0.2205748309267238,0.36839688728266456,0.5130133756612435,0.14578592156968578,0.16879851902165913,0.19139637005680352,0.2819772321843283
2020-09-09,0.542012519310035,0.27385712815451796,0.1516178897286216,0.22029983337897094,0.38713197231361274,0.537979464959111,0.1484969811593781,0.17564010292922774,0.19576089378868475,0.2810790305670555
2020-09-10,0.553666525046858,0.2769194020686901,0.16172729741714356,0.2203914437695404,0.3957556715482434,0.5474946567614107,0.15325086459831327,0.18138403594082522,0.19832737279833676,0.28399336504886663
2020-09-11,0.5563019814407322,0.25243205334830326,0.1624676934630374,0.22613409367931042,0.3962790428575348,0.5493463675180428,0.14072871987726285,0.1808855040204432,0.19865878274044024,0.25137886328666537
2020-09-14,0.4773750875025111,0.24201726066489815,0.16100941574727054,0.22339193215810246,0.39644328275784124,0.5701047149364895,0.14030807739941642,0.18323983262085944,0.20864439821773978,0.2502289086790948
2020-09-15,0.47282458683119893,0.24069061291403396,0.15842449854265855,0.213041597698533,0.36314100602382765,0.5629561033076691,0.14040649685447293,0.18280946340933343,0.2090966261570291,0.24983983135276813
2020-09-16,0.4815724482399772,0.2494812102536291,0.1587759748366876,0.21399115152054224,0.36419982021442243,0.5747426510787811,0.1326322011168224,0.18322666614875963,0.20914420376009557,0.26796235070153585
2020-09-17,0.4840740887250419,0.24795664608347606,0.15913334234071627,0.21372019389588653,0.3652303889867986,0.5752395923619624,0.1323765877699855,0.1846308698212155,0.19484552747074974,0.26554398336867263
2020-09-18,0.4815628594725143,0.2476547094609548,0.1629510794107202,0.21394566908584423,0.3628285131746796,0.5801345821386028,0.13110782623725395,0.18680146976664183,0.1965886023447649,0.2678068958508222
2020-09-21,0.4858819775456016,0.25497546236000423,0.1806971584523995,0.22969169008365029,0.36156459319664563,0.5823021148656563,0.1312818065014127,0.18945005953774507,0.21047832092201785,0.2717452202323018
2020-09-22,0.48619780688696196,0.22940805493384242,0.18118675730234063,0.23143905449954652,0.3643259482962938,0.5820523890867954,0.13317546700908897,0.1917562566084424,0.21319982544959024,0.26235977281697725
2020-09-23,0.49395198352347036,0.2595901960264684,0.1802006681316036,0.24793154371446116,0.3706900396112804,0.5892682761017625,0.13673874893553759,0.2017505350995066,0.21211751594780315,0.26718133261675187
2020-09-24,0.4848367156602689,0.2537454383760222,0.17151325664315714,0.2478401285470064,0.36287520456291333,0.5717139253208589,0.12869924471453728,0.19717537672428254,0.20043770841565797,0.26676805918289814
2020-09-25,0.4947736446013818,0.25453876130505004,0.1700796195369098,0.24779424991525417,0.36910184686654374,0.5828753311296208,0.1293110640181901,0.20347320875478012,0.22682091678266422,0.2668015863353313
2020-09-28,0.499706533103004,0.27299099738628513,0.17257457807535667,0.24978873715713387,0.36975446591237604,0.5830765016567097,0.1284128029887596,0.20950225388000965,0.2257367639008728,0.2757338040735041
2020-09-29,0.5001810932390546,0.27787743675820104,0.1719136040894716,0.25036440332556814,0.3705734320680814,0.5535836456061444,0.12945342988892902,0.20984021045454226,0.22489954117285285,0.2829144991302833
2020-09-30,0.501497973441055,0.27587319571485835,0.17440727000545542,0.2513409191122849,0.3727478087488615,0.5558808840856919,0.13269030388944117,0.2109851429958267,0.23547670066898813,0.28394305953799076
2020-10-01,0.5020194039372003,0.2786912188833034,0.17690184681957485,0.24248901745366278,0.37334855066504413,0.5543485253688778,0.1314717665271604,0.211465742877232,0.23547901060187063,0.29521797591565685
2020-10-02,0.5066541531286654,0.280937969535295,0.17662238074179273,0.24247715532290667,0.37695184619471395,0.5694413042539611,0.1321601747916078,0.21310748913219865,0.23490173506206843,0.29446221575914766
2020-10-05,0.491294812034655,0.29056597032189546,0.17941631305682995,0.24231938235075248,0.3814521696734425,0.5692757994280774,0.1341774366916518,0.2191662724581988,0.24166983335409029,0.30732646717387524
2020-10-06,0.49556741875648835,0.276315761777626,0.1827345919452269,0.24113440819811835,0.386152991667757,0.5693828241165536,0.13244542184243185,0.22098232806919849,0.2388241741748688,0.28808196431869304
2020-10-07,0.4986573192979213,0.2860625433634176,0.1861965634736536,0.2433461842417387,0.38843448486349114,0.570685695325486,0.13382965288750356,0.22680078435759016,0.2497000756632401,0.28039852320712183
2020-10-08,0.4964239817814694,0.2927438833593901,0.18741277344870058,0.24790695254199951,0.3828875707790483,0.5718461736286079,0.13409157453749865,0.22637454960039044,0.24726084645374644,0.3246333329281375
2020-10-09,0.49895455014379275,0.29444233293172545,0.19165957502313125,0.24832188328768326,0.38305455324391396,0.5707954553265457,0.13597479564804865,0.22781425781624293,0.2502440610498455,0.3260458864213237
2020-10-12,0.533593427616664,0.29387396472190996,0.192012800290695,0.23057428547035952,0.38978753404542416,0.5669103859628681,0.13871643720719354,0.23182650409737984,0.2498171719808818,0.3149696932108713
2020-10-13,0.529387250150212,0.29196324156813913,0.2028820921468046,0.23572101674917206,0.3880573531006909,0.565369387526092,0.1384103005584031,0.23241760191687108,0.24884500377483404,0.3131320941836503
2020-10-14,0.5147410082280722,0.29149875498608924,0.2000668295727701,0.23430868606930227,0.3881497167175851,0.5588603980749943,0.13842549297793721,0.2315272304833786,0.2646693811855799,0.3123475411299639
2020-10-15,0.5119769349962575,0.2931144526581789,0.1948039874228582,0.1993999982051598,0.38370413831634853,0.5484879510315159,0.13063290821708665,0.22731499255061374,0.25700313723397755,0.3146954560817386
2020-10-16,0.4577336755273246,0.29268507801379817,0.17900940586896627,0.19530842797899198,0.3381854259012378,0.47504914105166474,0.12071824529812859,0.20367195918605743,0.2577420597625866,0.31511348470764333
2020-10-19,0.4636104053107973,0.2974163916192207,0.19275433487344346,0.19382082408855492,0.34360164693627154,0.47106654759420424,0.13196541562595163,0.20723334018176276,0.25992268476857594,0.31809438604437557
2020-10-20,0.4202374412872803,0.2830522111566025,0.1913447853017841,0.1841514318191574,0.3025538053508952,0.4371250871490801,0.12359277386959043,0.1903305980633978,0.2553635769741134,0.3156483949607067
2020-10-21,0.40468904794649313,0.2795832699547505,0.18455997778618777,0.1836594168936574,0.277129717671649,0.3964598613578774,0.11618701450498423,0.18217017028177498,0.2523051934421223,0.31754080223485787
2020-10-22,0.3938048031298703,0.2956948006284448,0.17879867772562852,0.18737880204420365,0.2634423293591066,0.38574409163845014,0.11358471496705018,0.1745969076320064,0.24157074663670333,0.34962153588829253
2020-10-23,0.3921495722002145,0.29674240983345,0.17787142397302735,0.17735039379216047,0.26259822458617266,0.38515333246931704,0.11136066974848709,0.17469145314519713,0.24274837863482046,0.35363663975793247
2020-10-26,0.3825156207396748,0.30247413359272757,0.17892531849653462,0.18201720581986972,0.2765821812843143,0.36375709336799317,0.11397967358881197,0.18007009382053324,0.24614721752750915,0.3588788443486315
2020-10-27,0.3844397852026141,0.3055251184614722,0.17889601825765153,0.1808984337947339,0.27596623129574976,0.3669695895466136,0.11555876106291597,0.17980029946248305,0.24711126238493536,0.360183242222451
2020-10-28,0.3986879617848077,0.3062612376096791,0.20179527252454812,0.21188145785682713,0.3080771908800534,0.38987542318740465,0.15078163346498358,0.2051341445206926,0.27357091532094463,0.347102348671761
2020-10-29,0.40966781071630887,0.3209473867538256,0.20183933349572386,0.2118778464615638,0.30788999004581796,0.3996472979509305,0.1507360723248109,0.2062325835003638,0.27632461535892106,0.37611371407642197
2020-10-30,0.43236441284523514,0.32351300866727706,0.19622226473295018,0.21199353893857933,0.30739733712412737,0.4101489663905967,0.15106492902577828,0.20574532935660597,0.27510982571051906,0.37493954863892215
2020-11-02,0.42332594290288966,0.33915963412549704,0.1859203950295016,0.2009988494054668,0.30588210242641917,0.4029898240199424,0.15303016121250007,0.20574755896551097,0.26916055106757947,0.39445114751759014
2020-11-03,0.4232099334179424,0.338445083159195,0.1853868050536881,0.20297511235775512,0.3034683539109278,0.41444890948551316,0.16090464721783923,0.20992896249205617,0.27543463728067274,0.39123987619866085
2020-11-04,0.4200234832931976,0.30919850284585704,0.18658814533030918,0.18377768018544935,0.31774898882489405,0.42772962229089245,0.1569640195526643,0.20643489891490205,0.39843749007094337,0.38076814133571324
2020-11-05,0.43021605815279546,0.3094659980590704,0.1867350378206729,0.18218383140623445,0.32762762430063813,0.4306046255023708,0.16000227685944327,0.21246131476577826,0.39873270265279215,0.38076259995007594
2020-11-06,0.4180997625151221,0.3121377092457716,0.1933726629500946,0.18218638152717032,0.32241390692843536,0.421696787668587,0.16018787009607982,0.208737261282581,0.3973263932464554,0.38076491908067994
2020-11-09,0.41770227564804324,0.45260612841721415,0.20726644024031823,0.25566095227993557,0.3309490307058632,0.4650087340751814,0.19453637171084245,0.2066285278942518,0.39731111419972814,0.5297084212993854
2020-11-10,0.4171187531224473,0.46017284307748907,0.21189857673745358,0.2635531030194684,0.3449687410894891,0.49985051720042456,0.19925916310296313,0.20569273184930117,0.39757011076152077,0.524322525333737
2020-11-11,0.4239134927385197,0.461498011875806,0.20901857513870806,0.2647803688858714,0.35054847082807633,0.5174161987124294,0.19941351211244504,0.20565829200792327,0.3942784595268083,0.5258713116055133
2020-11-12,0.4235158539024095,0.4613785790418129,0.20692205022110832,0.2669981005458122,0.3499632940505307,0.5171727629931414,0.19940227191303997,0.2080662087877249,0.3944004119562304,0.5254386617455115
2020-11-13,0.4115656470497442,0.466476844650023,0.20777499904364666,0.26749075621296375,0.3381671888479874,0.5040753778557286,0.20153339225688865,0.2082019483573493,0.3937003193856051,0.5282590604747184
2020-11-16,0.4031148078584223,0.5024417506088869,0.2049626894100313,0.2677284206841134,0.333657561379448,0.48947554650377445,0.20451678532278125,0.20538437576489496,0.39109382167616763,0.5480732647516645
2020-11-17,0.3939538103391422,0.5028357313743511,0.2032046405607212,0.26601259437252256,0.32955585807937243,0.4894552454531516,0.20498689227333447,0.20077331197679216,0.3916798899736217,0.5464286078972095
2020-11-18,0.39325379070068567,0.5134638640968225,0.20472029021233962,0.2726486906008171,0.32793930024203755,0.48685116370141057,0.20906850368766045,0.19996550071514976,0.39184651728881464,0.561115529989403
2020-11-19,0.3933629266073349,0.512955596694317,0.2037174408553331,0.2694581289268418,0.3282642921942644,0.4862586532379643,0.20811610880247777,0.1989416446116454,0.39791044855537355,0.542649490158497
2020-11-20,0.3919257056767811,0.5091044448812401,0.19959067600244404,0.27069167222759294,0.3212437958068272,0.4917846623282467,0.20630465608280377,0.19901290310957642,0.396028554251606,0.5419877821922673
2020-11-23,0.35277653786811936,0.5336461153314642,0.20027516715483018,0.27041804686388476,0.3112906255651036,0.4809032801819791,0.2035380317297698,0.1944083005342772,0.395683925256642,0.5705690861038865
2020-11-24,0.3476216501996241,0.5430920568566421,0.18970048418493896,0.26599546868481094,0.31550407463424884,0.4819337889558555,0.20362079909371042,0.19828709575749598,0.3955866597991057,0.5944068432664577
2020-11-25,0.34852396220147475,0.5577361288288725,0.18968427924282566,0.2666421941601367,0.31462847504340546,0.48625452575634437,0.20391838072722315,0.19718435518551128,0.38661021726128464,0.6029595297021917
2020-11-27,0.34884013025103455,0.5601409147863289,0.18915091784213925,0.2669499713824815,0.3149737216608272,0.485868553266811,0.2039184303971714,0.197051353079628,0.38789015766751167,0.6064852663738759
2020-11-30,0.35217239410094753,0.5795255051974117,0.1887540875497623,0.2705073275908014,0.31530126625856236,0.4860752128558557,0.20358413883627177,0.19773204777408201,0.3857174533704377,0.627696355192064
2020-12-01,0.3541114800127133,0.5730637487449854,0.18151169772915432,0.2696776827768601,0.30814666394059376,0.4815190623630493,0.19810103004496418,0.1930431449324337,0.3836838475978533,0.623218475018939
2020-12-02,0.35258537444572435,0.5758451715428473,0.1818181031986912,0.2677604616422462,0.30838232855391556,0.4816371261049481,0.19863695549323562,0.19297888818100323,0.3864349289968789,0.6297239353306439
2020-12-03,0.3520321128116801,0.5734762093910208,0.18156549994229093,0.268889023934849,0.30881028665940424,0.4819635933693249,0.19866723247307028,0.19273204100724586,0.38619067978327765,0.6258680697903304
2020-12-04,0.35108491165946676,0.5747773533956734,0.1817390731775399,0.2719495192309313,0.3088114900249107,0.48172677922048035,0.19794266836349847,0.19339085607792572,0.38594986800005504,0.6184347989732368
2020-12-07,0.3513776845030359,0.5813949864487316,0.1840924190807048,0.27672844937063845,0.30827995436327643,0.4793578585893701,0.19682926002758896,0.19379940053152542,0.3849500309327943,0.617918117121993
2020-12-08,0.3513496769032877,0.5738946155644254,0.1873983227548062,0.2724220028875301,0.2969864098774451,0.4724538150595286,0.19611283149611686,0.18356322468107306,0.3777389261071605,0.6147766048886167
2020-12-09,0.3564489075245829,0.5706975915022134,0.1873908922834694,0.2724170311137696,0.299814830876693,0.4781258957071812,0.19711091196541347,0.1859213005128253,0.37828451832133136,0.610138063769177
2020-12-10,0.32696574622350005,0.555673376295051,0.15554810654600024,0.2438396620838529,0.261312543315316,0.4468851787392569,0.17371068469803386,0.14983225468741915,0.3607165682537488,0.594438957673581
2020-12-11,0.3124570582876385,0.5569145390819723,0.15139561064176588,0.24378297099855847,0.26229252970905487,0.43773053950146684,0.17518940118571363,0.14932045215922954,0.3584568262142682,0.5886596957744832
2020-12-14,0.26050792707623405,0.5710347417897315,0.17324693368154775,0.2441304142391266,0.2596625432632002,0.427041722938525,0.17546375153906468,0.1454351242193725,0.35895425225575944,0.6012563166662377
2020-12-15,0.2922851433334708,0.5652139151571487,0.17267898348478405,0.24388019308621614,0.259630687647094,0.42704637435989856,0.17366300478677066,0.14661747875352665,0.35498265077668495,0.5943724385840178
2020-12-16,0.291319894775112,0.5656537793669483,0.17420910122491934,0.24703730861077922,0.26215172539924575,0.4168018020243405,0.16376138784692262,0.14070533665169702,0.34613044694583595,0.5892527638908934
2020-12-17,0.2710482286508731,0.5661747928700175,0.186880748874904,0.2462961861403972,0.22291083158914946,0.37878263624046776,0.1650820124631294,0.12883999295364001,0.1683094037467781,0.5891711361030084
2020-12-18,0.2597740452797326,0.5696746243872465,0.1869692832554394,0.2467721809040417,0.2025097531041691,0.3699413628098088,0.16165653142371808,0.11991544963279942,0.17011363566462065,0.593645724772239
2020-12-21,0.2611937902915136,0.5693263483568268,0.18582259501584966,0.25371451751306706,0.20967737813388337,0.35928815467848574,0.16297657983299327,0.12082712360938523,0.16206166991661605,0.5960025648645914
2020-12-22,0.2623691913722203,0.4723382934738524,0.17144804510283915,0.1773847308413682,0.19771625869039922,0.3089305737198414,0.12561742519352392,0.11680129584219971,0.160263883515898,0.4865218967129129
2020-12-23,0.26358180207997944,0.4560499518287855,0.1677884077007066,0.1599004539514419,0.17366848902087945,0.2536259947888564,0.11513143579678395,0.1165082492716898,0.1586439770925466,0.48439341669377817
2020-12-24,0.25196741834441977,0.4555863213782578,0.16741029708464927,0.15966935325263742,0.15857677046349752,0.2045968925808053,0.11247969478225095,0.11536799021151387,0.1611545663769575,0.4830577931926089
2020-12-28,0.26806398864856007,0.45057618460607685,0.1675984357689622,0.16070696403718693,0.15945684622721643,0.20503208875653192,0.11476894000619002,0.11235147210261406,0.1659659402624412,0.4686910616498756
2020-12-29,0.27288532587635494,0.4436631446149789,0.1658760390698899,0.15926664479705308,0.15980784204624618,0.20295914465880022,0.10457138105887652,0.10695888104413993,0.16607988771789142,0.46807512112953
2020-12-30,0.2750001561230845,0.3919471856813586,0.16840941912852816,0.15869987869606172,0.1635857146256773,0.20240422659795915,0.09935330556550193,0.10165965751681155,0.16660224885733266,0.440782086006283
2020-12-31,0.27504947855598005,0.3925075418797212,0.1660740848866614,0.1594161772726292,0.15856058872974227,0.20241003422957363,0.10395632734129265,0.10045438976086606,0.16980760414857954,0.44111918012793616
2021-01-04,0.2839598899649796,0.38142886589759933,0.16136070182182333,0.1862463100032644,0.16652857107749203,0.20296719067682306,0.0979373131717065,0.10237152298762849,0.15743712526792034,0.42436980828364695
2021-01-05,0.28515083957160586,0.38621514427028486,0.16320743063142887,0.1868579334406339,0.16577826725124692,0.2135517504373045,0.09986792800570576,0.10331952651120589,0.14870983395852813,0.4433094479465203
2021-01-06,0.30221215742263985,0.39679734253524435,0.16248405592247492,0.20686654506190247,0.18085964340317331,0.2636716240502039,0.10444063930482995,0.10108338352616895,0.18852046553268653,0.4437221871693334
2021-01-07,0.29929058142079745,0.3550854120964447,0.15743845393038086,0.2088527892703674,0.19821770577461725,0.31403455475062514,0.10746681946309625,0.10732733060228286,0.19244588136214008,0.40726375521087055
2021-01-08,0.29883225990170625,0.32288894893413667,0.1579679381174644,0.21755719236784757,0.19256275059384811,0.3115040023340163,0.10702765974853705,0.09948999215872946,0.19368486100271104,0.36349856745002823
2021-01-11,0.30946707885027386,0.3058698001941193,0.15895952115969847,0.22227038141322192,0.1950190459407704,0.3143823042679767,0.10857276241725664,0.10210429842715005,0.1931451063482473,0.3598063048970787
2021-01-12,0.30979818998965697,0.3094635016289571,0.16227259184502887,0.22210032647708525,0.1974563814115609,0.3160348455672191,0.10979082234371795,0.10211827069025096,0.19315168914005984,0.35802229721679396
2021-01-13,0.3077086510414463,0.2769935853191966,0.16276277339992373,0.21929926919274734,0.19764452009403755,0.3147866375976114,0.10973471769641067,0.10058903549977025,0.19376554663486578,0.31415658137119135
2021-01-14,0.3007912166354218,0.28400607771540565,0.1613899246058898,0.22323835987639878,0.20060721821162392,0.32303606400624596,0.11297323102800268,0.09780324310130206,0.19459773312994705,0.3266422215015131
2021-01-15,0.30411128822336814,0.295397768921788,0.16196014242480297,0.22453406881079818,0.20038107886946982,0.3292559763765591,0.1131059126655739,0.10085524706010385,0.18739094852947027,0.35516277593170786
2021-01-19,0.30425699104756676,0.30427315634477586,0.16595249213521487,0.22000453802316455,0.20653918217196487,0.33063750094820804,0.11386763361145066,0.10272259881079478,0.187315985446562,0.35732213172867416
2021-01-20,0.3166432728901849,0.28457413040470836,0.1658312122755854,0.20991643573539434,0.23150445821831533,0.33779349474274883,0.11855061327195297,0.10700961921564746,0.18666403232831383,0.3468203789933206
2021-01-21,0.33059095012175765,0.2925716434052611,0.16361346242929856,0.2078604680297857,0.23145364906532195,0.3550448691204537,0.11824527431736916,0.1065200020536128,0.18877072263379635,0.3541082451172997
2021-01-22,0.3325559104839974,0.29175863852664063,0.1598350136206798,0.20793277277098718,0.23082886978615857,0.3520148684567744,0.11893896730894721,0.10741529992715303,0.19901167386930949,0.34897437829566663
2021-01-25,0.3308273455133182,0.2908010385042821,0.16230144889681514,0.20889932771649178,0.22542600397752893,0.33876469516656016,0.1270898224717298,0.10313273828846523,0.1967597667726043,0.35058621604269413
2021-01-26,0.33043507497095115,0.27865245529656296,0.17490836214910888,0.21228491045406234,0.22542137588269306,0.34272253840160155,0.1275352524396551,0.10340724059660139,0.19656847907337804,0.34971103497821654
2021-01-27,0.33074456898426785,0.27968685600329285,0.18340978030095462,0.21414894132055376,0.2235726542685219,0.36162328408423383,0.16084456822456247,0.12803930272350644,0.21381049234285746,0.3512669889122079
2021-01-28,0.3496107704521631,0.26511886684402003,0.16253385544239882,0.2189961373336869,0.23318149962688775,0.3566117635996106,0.16807053831316365,0.12887092558891794,0.2184909843940447,0.33493336265302104
2021-01-29,0.3416786857993185,0.29283743335563245,0.19841599071514143,0.2211032910904746,0.2518087958848258,0.35658074339159584,0.1724226039280309,0.1376852747907135,0.21980811088159646,0.3418747718426819
2021-02-01,0.344458855105773,0.29564527273570035,0.1973576846252463,0.2206406745623713,0.2597429336333931,0.36018220139139107,0.1729177119790175,0.14566936236525255,0.2198625181263657,0.33938781283646907
2021-02-02,0.3443825680281493,0.29649278200570045,0.1870697292263338,0.2229089100675998,0.2598675347322017,0.36629140792620357,0.17083217710912635,0.15018850598562322,0.22294634424630222,0.34146221383866693
2021-02-03,0.34156655153077337,0.3003946124393578,0.18752482854432825,0.2202210125630103,0.2611134795864067,0.3659507997311859,0.16954070531774745,0.14944227993400014,0.22127080629443222,0.3530715274772033
2021-02-04,0.34721906516818796,0.2976818190783643,0.18591155389590436,0.21719462073720378,0.2582535757825863,0.3667397889153565,0.167697757801079,0.15157937226820253,0.23251693701581874,0.3494848852159861
2021-02-05,0.3386814501446472,0.2907131611459524,0.18937356205188394,0.22175116841935036,0.25814814159907057,0.36691865742399793,0.16784091203498608,0.15137463044112426,0.23596193344975397,0.352596948348274
2021-02-08,0.3377365414364607,0.29560335488103007,0.18798097615667486,0.22156212752880686,0.25385225422541924,0.4017562426121452,0.16790457392485342,0.15213537341094624,0.23454005299895292,0.36774673520107154
2021-02-09,0.3380831658610272,0.29592003793248856,0.18862146382659742,0.2200990134215237,0.2535634049526927,0.4041864923229164,0.16431547981548242,0.1522332657155095,0.23805933497368317,0.3705199381936931
2021-02-10,0.322160147407804,0.2981173427648039,0.18855022130671575,0.21495836122271247,0.25351168349748854,0.4130334589233741,0.16212981798285991,0.15103558753354818,0.23611105354995499,0.37037467911807614
2021-02-11,0.3197731370119219,0.2985470121998665,0.18947520854557723,0.2204456403943669,0.2530771480967166,0.4209430409108992,0.16239412126405461,0.1506668285915278,0.23560313376912123,0.37853711067261137
2021-02-12,0.31869142430295366,0.29821019031782264,0.18718494842581046,0.22116769211973877,0.249587025686165,0.4258562948456821,0.16252087208840027,0.15094933181820894,0.23821176647689946,0.3790005641709485
2021-02-16,0.3215232053238592,0.2997257905568545,0.1889924006860336,0.219890635722113,0.2508650956743171,0.42822428184340516,0.15900311761054595,0.15082595953349284,0.2334041608106819,0.3812293547051411
2021-02-17,0.3173517654763799,0.30905715186110727,0.1877994703860309,0.19306071055475352,0.23992993916182423,0.4390370007512081,0.15876971656507946,0.14382729962895244,0.23495187091730588,0.38170662407158795
2021-02-18,0.3164279071070812,0.3043608600340411,0.18552033725065017,0.19531684083938336,0.24034486646422196,0.4366843030445987,0.1597689036046897,0.14423625435445023,0.2332425147729688,0.36932713064943123
2021-02-19,0.29999325561175266,0.29251994701331274,0.19126253682044714,0.17605241549584558,0.2281309420380285,0.39417050752740124,0.1621693718551324,0.1440039706201061,0.19501742915039433,0.3650455563813362
2021-02-22,0.29597602441355325,0.30083084714858627,0.19113063777850836,0.17552280482631982,0.2336836261454084,0.38239328962369185,0.1611051882163499,0.1405908887999683,0.19020637440256846,0.37572036550021304
2021-02-23,0.2945479518746492,0.30149348499423523,0.19294608248693143,0.1628210172208263,0.23452037076667576,0.38518496802627755,0.16371003079997376,0.13981217202665813,0.19204446083439247,0.37604853051803844
2021-02-24,0.2873305459823422,0.31656353908228474,0.19605118150341555,0.15496969121484555,0.23194450017664295,0.38480629077050926,0.16354226734985314,0.14120080634130136,0.19440319581887888,0.375845209246963
2021-02-25,0.3038107341912181,0.31606464532687506,0.1942974028939783,0.1581433433933348,0.2408236627356484,0.4553473983427311,0.16421592681216096,0.15907879825766352,0.19461815727220455,0.3792065319228321
2021-02-26,0.29924571951553947,0.32520571725704805,0.2101306343925312,0.17225251247262474,0.24326319025446086,0.46386410200549133,0.1753150514686963,0.15970313770400774,0.19776150645323026,0.3891590688335957
2021-03-01,0.3378834548171626,0.32338322996527735,0.2044503889270043,0.1724917465360684,0.2419840170421224,0.45811063293913906,0.17591798807684259,0.17387858114137367,0.19697616579122385,0.3878883336966043
2021-03-02,0.3410318279625515,0.30208961040582477,0.2044246970112029,0.16938767024935342,0.2463376109316227,0.4613708628579572,0.17533169670768228,0.17409707638096736,0.19672163903917056,0.3559553593236108
2021-03-03,0.3476342114261298,0.2956113287165818,0.20517968083929797,0.1690649082162141,0.25746706433075245,0.47932657740110907,0.17465906712146737,0.17759182823776112,0.19661937343036137,0.35362607093185017
2021-03-04,0.33450168916135103,0.2955457231162347,0.21249820953167123,0.1689822574126113,0.2359445780731705,0.48233442930640397,0.17294541397884328,0.17647846731291789,0.19696878954153416,0.3657267552758967
2021-03-05,0.31579063759490444,0.29293461673793847,0.22124374463255667,0.17488856233443725,0.24358818425804216,0.4685032312533357,0.1985900321248097,0.18483203583454383,0.22779649522240933,0.3608936040813943
2021-03-08,0.32839917027221927,0.2915932846079084,0.2200087910189308,0.17739493716777058,0.24969725813330862,0.5063785060740612,0.20045780336861613,0.1851191695531843,0.22096020062709612,0.3556317033477109
2021-03-09,0.3417217762219611,0.2890793111660301,0.2150552106507134,0.18385796699474696,0.258648595052925,0.5636802802876235,0.19444675938321052,0.1894221811631876,0.22140157253431336,0.35795986488179127
2021-03-10,0.34125976545736497,0.2814578713447648,0.20016172460992143,0.1842816895098242,0.2570248287954065,0.5622219751778467,0.19558706092555256,0.19009702624760932,0.21853668490477826,0.3508283996679478
2021-03-11,0.34712478605375297,0.2759736627711556,0.196230183463379,0.1811090820170616,0.2634753455800692,0.5651143959918463,0.16718542025918268,0.17649750050614718,0.20031455338553933,0.34887438731762643
2021-03-12,0.3353009754607583,0.2763411972043461,0.19479201230868992,0.17825264207685884,0.2530684237185509,0.5653095149220252,0.16327233896119903,0.17528871940085117,0.19845620768073205,0.3485829509814388
2021-03-15,0.3294238959101757,0.23844225991892018,0.16680584400841125,0.1694555575698171,0.23814142666144097,0.5700450055566776,0.15637617422982858,0.16336705617189962,0.1945408790312611,0.3476740448226516
2021-03-16,0.3277744165956237,0.2561599775491406,0.16761377052075743,0.16896201319568988,0.22039741100754914,0.5678851842651604,0.15565547195733348,0.15789898779723793,0.19452257960311767,0.3590290284618286
2021-03-17,0.3270618135096496,0.25646509281694685,0.1658555829438904,0.1674199509157041,0.22053508956264892,0.5636473806357242,0.15605373803461187,0.15358523268140203,0.1928157048299409,0.3589495930492522
2021-03-18,0.3393511604136977,0.2827100055894474,0.16534907425916376,0.1722069055180182,0.2288003216220939,0.5795293441010778,0.15614485044884246,0.1603910111015025,0.20710617826536204,0.37873313795184027
2021-03-19,0.3280252228935319,0.2848124428499838,0.16329441838215886,0.1721777641561247,0.22867547364646262,0.5794962201704891,0.15689296556667984,0.15742952567608806,0.1903765685476612,0.37855467324860387
2021-03-22,0.3413636187726265,0.28751204980040906,0.15702819073848448,0.16884492256191747,0.2407035298203534,0.5849377040405602,0.16419902546447004,0.15864378855935968,0.18233092385359,0.37216480141932873
2021-03-23,0.3412745101273463,0.2829686413789756,0.1566962119923598,0.1694441298191398,0.24161727796937216,0.5541915359161693,0.1722408085473368,0.15917801039041932,0.1817613042783667,0.3567388950979008
2021-03-24,0.34453678718504205,0.2886482553641888,0.1575165574637459,0.16860475710556191,0.24215743843739018,0.5604109612450366,0.17168596344404,0.15986914697004898,0.17831135161650052,0.3575220113662903
2021-03-25,0.3453215809449113,0.28649240833068096,0.1571212353921599,0.1698803474118358,0.24464577928958856,0.5484933224015721,0.1719487353672968,0.16071356884799695,0.17709627516071302,0.35757835267735655
2021-03-26,0.3462296403130183,0.28941582082985634,0.16598398130411143,0.17400362971516978,0.24981573767155774,0.5438433763240231,0.1762361029226551,0.16724296916210335,0.17918088066594623,0.35352968406779456
2021-03-29,0.3461929332412085,0.29117689520812745,0.16689299361337218,0.1774544192083733,0.24995876422046528,0.5435946722916091,0.17918350837487454,0.16676165026421264,0.17020272919981522,0.3538497507328071
2021-03-30,0.345148002569599,0.2905929410249339,0.16572166000805896,0.18041165115958893,0.2526559388711968,0.5366549307598926,0.18661011156033933,0.16696243033766311,0.17331921840553746,0.3485316842589306
2021-03-31,0.34809108628678,0.28342562242274477,0.1658543802697734,0.18242150033046528,0.25773430622686055,0.5458319913888106,0.18658274420604398,0.16730227632455077,0.17507380801118425,0.3503499821937307
2021-04-01,0.3484639046815573,0.28132888338525414,0.1679903531617406,0.18024121290016612,0.2710228416913455,0.5566468068421895,0.18785530230351224,0.16926510422683505,0.1826257191176882,0.3539329485417748
2021-04-05,0.35594453912140683,0.28445254094860006,0.1610141660752816,0.17528490998779322,0.2802917203795377,0.5577308129554948,0.1828499277520536,0.17337534007035163,0.17695320058508068,0.35802480932773656
2021-04-06,0.3452182693491318,0.2771038087380354,0.16099833507320627,0.17421648660757563,0.26815263313167537,0.5473606152197975,0.18187253380943483,0.1713006687318105,0.18572315313558757,0.34337941143286976
2021-04-07,0.34726165547052396,0.2755209857034503,0.1586319174235949,0.17385591467517242,0.2678288295158926,0.5488777204319379,0.18130153352868172,0.1713023618885421,0.18562941412087244,0.34151771622929117
2021-04-08,0.35099192526192735,0.25661448986689495,0.15446906957583226,0.17443081735786395,0.26959030187107486,0.5450900136605181,0.1813031774951089,0.16931243544217772,0.1858288325165655,0.33181626514040663
2021-04-09,0.33748076741983424,0.2551159165874829,0.15749633577420047,0.17037008462230685,0.2584258148260153,0.4860413401873614,0.18035477388359814,0.15147609609923074,0.1981769219035612,0.3282561688963042
2021-04-12,0.3408961007940295,0.24792016882000295,0.1366803812090279,0.15180272534291808,0.25649307329217225,0.5039507609133518,0.16170663279426506,0.1498558423303266,0.19793292674428767,0.3202342637395879
2021-04-13,0.3120272537771403,0.2410644270892892,0.1417855913992042,0.14623152796996355,0.2526941501398117,0.5098148289657891,0.1685335519059909,0.1353797967208951,0.1994396469636389,0.30124516926961087
2021-04-14,0.31021838132241114,0.24756459497307406,0.1418677048792277,0.1463327386702455,0.25178747806153334,0.5065127244025937,0.1675861890114051,0.133175082972861,0.1991063865901912,0.3122528871480037
2021-04-15,0.3034065441684771,0.24677925754277355,0.1315450759765565,0.14582266361072774,0.23731740429648743,0.5050673877460227,0.1672992255251948,0.1269594766611346,0.22026422100400478,0.31211365024992116
2021-04-16,0.2984937338592515,0.24569244061045847,0.11888626269279894,0.14594376688635774,0.236058308029529,0.49375346038614853,0.1638824047679003,0.11826580190545115,0.2202930070367571,0.2905591331330995
2021-04-19,0.2978099449894849,0.20878980219635943,0.10627403823242655,0.13992836244881715,0.23323633905947552,0.5096249029216653,0.14351390775180695,0.11196753354001959,0.1959369342588349,0.2662188138099475
2021-04-20,0.2700904889843936,0.21275478432789108,0.12238447373081109,0.13317632045201055,0.22450202131551752,0.4587452655847572,0.14260745882437162,0.11357180024237387,0.19915408304371165,0.27160793094687163
2021-04-21,0.24756667489709513,0.21799595766777477,0.12243713649132648,0.12410010993870271,0.2134926938368099,0.4068070194452693,0.14111327024820838,0.11010914579804676,0.1991820315053809,0.2727693252782834
2021-04-22,0.2487800992581343,0.214564556792681,0.12393018924801408,0.12235266641409989,0.21731704845103822,0.42225535021005906,0.14436841318071178,0.11454459335674634,0.19868615055982125,0.2559805687831951
2021-04-23,0.24952748491904367,0.21615636982390585,0.12388449651492615,0.11605343052732346,0.21452599274613612,0.413679181671695,0.14503322517515288,0.11499495537036357,0.19856786810822685,0.25700526090979914
2021-04-26,0.2473606558602816,0.21549918044160515,0.1269783109309025,0.12603674286700658,0.21285913636666287,0.4113842386516912,0.1565281998458366,0.11497581650111417,0.20218824234117355,0.2541187172501806
2021-04-27,0.23991751701416725,0.2179352245457867,0.12777578187504943,0.12188319321805492,0.21175148072204872,0.4086888751586165,0.15645544613353818,0.11455202445387463,0.2012580063812954,0.2495912001376632
2021-04-28,0.2393240614651007,0.22155576139602975,0.12876027524069594,0.12179269033921389,0.2294107955380736,0.4101674673452586,0.15635562660922347,0.1143556149510658,0.20145633863448553,0.25969025972988974
2021-04-29,0.23810616564054768,0.2264648925286867,0.13399913913570333,0.12579452703172103,0.23093930806518573,0.4101872979842397,0.1571234345157763,0.11501652453496229,0.20288007045795822,0.26285139673478175
2021-04-30,0.21868276547993099,0.22596220690244084,0.13674180218937634,0.11951907258388468,0.21449890890601211,0.388362655378913,0.15793528023071232,0.10709363256822914,0.19259851157196675,0.24521738183502895
2021-05-03,0.2180092193310473,0.23541697171101983,0.14284517326795737,0.12106054780466406,0.21443789783667394,0.39137214154229094,0.15934109606738456,0.10638373755534153,0.19632117355556686,0.2567983210458271
2021-05-04,0.23245245579290677,0.23424047823860492,0.14876864731294356,0.12350019993655724,0.21150005520563858,0.4007626972842751,0.1536018557396044,0.10782175010443157,0.19837895074161113,0.25469501848201903
2021-05-05,0.23115875355606272,0.24466705534460564,0.14952688759019747,0.12301077809961566,0.21189967377108548,0.39933647379449433,0.14687741733581303,0.10389886802481524,0.19839512970324324,0.26342051465392124
2021-05-06,0.22398928598818896,0.23344701470377435,0.14767010536122252,0.12534166023342883,0.21232729942532674,0.3841381188787411,0.1509827081766144,0.10284022525060517,0.19842041858555168,0.25925306551178107
2021-05-07,0.2240818235884409,0.23445362127084346,0.14795377297792778,0.12332212894714721,0.20872188757479368,0.3843382938992912,0.14990306108079254,0.10336832268470517,0.19840991822292098,0.2606064411110745
2021-05-10,0.23864592197604098,0.22605647349024383,0.14182153856402388,0.11238566367765034,0.2146960845657611,0.39947269434926647,0.15345846720817932,0.1014872317512878,0.19625487257772295,0.2508350585000366
2021-05-11,0.24009830237678478,0.2386837059200729,0.1432468026101336,0.10929177374039183,0.21434831866243137,0.3992345787475338,0.14763544655533617,0.1059972116842819,0.20953609672214338,0.2693498914327324
2021-05-12,0.24900038457104576,0.23766914615600893,0.14248464139974149,0.10318339606348308,0.22800563726978398,0.41661059323025756,0.14383993071509527,0.12447440802340594,0.21017285418795786,0.26604423006832284
2021-05-13,0.24848659090650857,0.23620235723968044,0.14451129191972698,0.10225339098296046,0.22797823121856878,0.4042815670926159,0.15094364276033093,0.1282942463690157,0.20964802857415324,0.2645226632660652
2021-05-14,0.25394697196500526,0.24640328308757758,0.14110186205155595,0.10148544432286599,0.22176851153742816,0.4102910562102611,0.14836857657283042,0.13189034459849075,0.20363289743247032,0.2620474988031895
2021-05-17,0.24672009138861045,0.24520714816002054,0.14095821480407666,0.10100806536875266,0.2095174774050129,0.4092901713005348,0.14160965343604556,0.12637719130873676,0.20399935823354148,0.26302227669431166
2021-05-18,0.2488520602343209,0.2606112378474938,0.14090724202411162,0.10110818503406283,0.21047006721219028,0.40963870121365287,0.14503065394824224,0.129238181695399,0.19582099295035127,0.2785202863044902
2021-05-19,0.2455075964415139,0.27373740965046267,0.14129761281330197,0.10167453368882702,0.20903649946208636,0.40550850064067,0.14506065221165024,0.1295365216233084,0.19663874303759904,0.28920451420258464
2021-05-20,0.24681113547341038,0.2716986958569462,0.1409742532734478,0.10384079870385213,0.2092839645477911,0.4195170395724115,0.1476249396989017,0.13243618269328225,0.19665155157285708,0.2871266247354934
2021-05-21,0.24190315792750716,0.2719821329650282,0.13636591657404373,0.10393196970389273,0.20702212338433365,0.4255375445243729,0.14617375073835867,0.1309527126380308,0.17910642241651026,0.2868107967072601
2021-05-24,0.2432160712002592,0.2721536991381031,0.13646555891026144,0.10395122115210831,0.21852962190824404,0.4109751445611159,0.14584087592877276,0.13404991356555537,0.17940738043948978,0.2867131940951775
2021-05-25,0.2311794174195011,0.2770228097624796,0.12934289289368106,0.10256126100077578,0.21662585359549277,0.4012317212385507,0.1400919282619612,0.13411040018354076,0.1779823830130225,0.29618274511676057
2021-05-26,0.22610023064336982,0.27130404631979177,0.1315629383035865,0.10292768936335876,0.21433139670702497,0.3936916407275359,0.1401896434104414,0.13366482554100445,0.17818583285604847,0.2867169544458143
2021-05-27,0.2202151406323547,0.2720956196516333,0.13195318542178572,0.1045326161332825,0.21032179055376493,0.3592718023847885,0.15180552010473233,0.13019378813544286,0.14423540063677961,0.2868379832056952
2021-05-28,0.22040160205550743,0.2724584799388811,0.12881643498421638,0.10427592231588159,0.20972771389615974,0.3849719069600349,0.15181331319388536,0.12995652644172911,0.14464153114846692,0.28640498056214564
2021-06-01,0.21928914271953326,0.28325365385987294,0.14579794503333407,0.103254336637457,0.21015678136178598,0.3699047920222529,0.15692992736921382,0.12908607398886485,0.1499963698493404,0.3025474388224339
2021-06-02,0.21850814250709366,0.27847256949421856,0.1298166082063023,0.10344649043286468,0.21016741411868975,0.37675809098998647,0.1553611557745062,0.12702731191931502,0.14269007135491107,0.2941148234150245
2021-06-03,0.2199621643426584,0.2771873480612409,0.1298500115623574,0.10126577274394122,0.2083648773316558,0.37655428266263213,0.16345528148941615,0.12483640422839858,0.14253324438875106,0.2928917972043265
2021-06-04,0.22663978477172622,0.2714239312906846,0.12729196623190117,0.10473744671477807,0.2153276167199814,0.3710482541634291,0.16071490910790384,0.12414252126369363,0.142531151817299,0.28861391170430806
2021-06-07,0.21910111942891086,0.2726077456921838,0.12887116655304734,0.10559949927037576,0.2133104966208907,0.36520520552937585,0.1600863618024572,0.1205531233086314,0.1457003464639585,0.2902357064854946
2021-06-08,0.22009067435731966,0.2731210122347697,0.12906988715654363,0.09746345339218769,0.21351544409424644,0.36646279152536004,0.15230541839359057,0.12045573599347685,0.14213439213578427,0.29294553648501526
2021-06-09,0.22054956287135055,0.2738052586415654,0.13346317700691576,0.09794745913578504,0.21388942138974648,0.3662734005224093,0.15228586397023883,0.12056906152477122,0.14178754927620274,0.29202855746309736
2021-06-10,0.2209653887167681,0.2657727543275809,0.1332704844261305,0.09971775256012633,0.2018662100574411,0.3647589786802808,0.15342920726881928,0.12118726756403089,0.14178736858753924,0.28148501335588866
2021-06-11,0.22350222157786576,0.26273972529893197,0.13383225984034788,0.09455388719076817,0.2002917021402213,0.3685507118073618,0.15350437857584895,0.11997267414004546,0.13482907223096235,0.2816936334097429
2021-06-14,0.2317991644140043,0.23865908583833947,0.13096474981590517,0.09366768699270223,0.2011611728783309,0.3605355758112534,0.15236151205007611,0.1182529933691942,0.13370783051872623,0.2660577814635944
2021-06-15,0.23112679808543013,0.23692931292683614,0.1246388276134237,0.09106920559246012,0.2020887383546332,0.3611007409780202,0.1485665074673048,0.11837877334856291,0.12305892559923258,0.2741439907243231
2021-06-16,0.20644740172326,0.23771302607166106,0.11576682087155696,0.09794388955082863,0.19604934329151946,0.342108365646483,0.15364658903642736,0.11810277871511614,0.11744974451751806,0.2747983611968982
2021-06-17,0.20928121190492202,0.23622373773308594,0.11617281454220234,0.09831642482075094,0.19809437525581594,0.36131363377036463,0.15427622906004962,0.1181284606399848,0.11693300292943179,0.2819950231722677
2021-06-18,0.20866318162892777,0.2601910597430456,0.1283740710276633,0.11394093199688361,0.19638284154966726,0.362225820384579,0.15541296520585204,0.12264955737132648,0.12289313756635216,0.291237978502596
2021-06-21,0.2120151585279554,0.2734739825975862,0.13245800190601345,0.11843769955509481,0.1970142883453076,0.3650670185658638,0.15739629154223972,0.12795686480481627,0.13981847160339997,0.30711779903870207
2021-06-22,0.19930662647545247,0.273510859816924,0.1281346531563878,0.11698336477857676,0.18695060075397243,0.3429431988100359,0.14665636643113938,0.12526410797326606,0.13740831810728305,0.31171431739356886
2021-06-23,0.19773717040655261,0.2624209374835761,0.12726419047405713,0.11507376265445127,0.18627254388772913,0.3423472122087452,0.14620549208706454,0.12215029972128957,0.12496931603530215,0.29583166442038544
2021-06-24,0.18100824872947585,0.262849858263153,0.12792830568096664,0.11476340266882289,0.15974642556274005,0.3106464048709854,0.14338012487207094,0.10348099648052375,0.12039697656176418,0.2957502581710064
2021-06-25,0.17576704298979293,0.26204595190184177,0.12477177592304303,0.11217851477433664,0.157340023817337,0.3118878088128417,0.1416455255135626,0.0989695767719198,0.12653272070677402,0.2923714532715504
2021-06-28,0.17058371581760273,0.26603918319756564,0.12455814379652741,0.11162235391077785,0.15149491363707016,0.3194043873865768,0.14181238827541082,0.08978450618792533,0.12848180652747018,0.2962012572539076
2021-06-29,0.16936712645223945,0.2629890872523419,0.12445705082195352,0.11356712600949645,0.14618841625624834,0.31665624776143014,0.1428947615603279,0.08917386166864893,0.13032895882399226,0.2894423431817856
2021-06-30,0.164250641171712,0.2505410385071789,0.12537108375254316,0.11326515378596878,0.1426177490711106,0.31203684138696886,0.14062860970976535,0.08431133635539834,0.13094107563919272,0.2769051395313589
2021-07-01,0.16374160181241193,0.23951762261850282,0.12757891083789363,0.11318070175776025,0.14260966770403666,0.31103288029995607,0.14066583271721173,0.0842430221814704,0.13520536216622878,0.2660808683177648
2021-07-02,0.16245487704094613,0.23950091576078414,0.13762108215761507,0.11080380282523906,0.1497319013452878,0.30076081285574746,0.13800439823361918,0.08177254147782771,0.13893032001626301,0.2659445315584815
2021-07-06,0.15646288176812048,0.24629669810400054,0.13864631087370974,0.11195017844975062,0.14762153618585883,0.29763133210895304,0.13803252393300686,0.08207825355359426,0.1374414877545296,0.2807266517603423
2021-07-07,0.159364618597564,0.24427155542344053,0.1405564542696129,0.11413304705879147,0.13723547388995652,0.29298626883637197,0.13994693788306764,0.07814999562576341,0.13768109768319697,0.2832720573022702
2021-07-08,0.1633118934822564,0.2398843090641543,0.14044756864627098,0.11457821702045029,0.1420659831011481,0.3069354139777485,0.13953053690955372,0.08226129850597658,0.13743724693521395,0.2750912679269882
2021-07-09,0.1647438296986258,0.2435132450386168,0.1398369924391213,0.11527106094819942,0.14157905606821797,0.30659769031961137,0.13942226147956496,0.08678782726060909,0.1383109538667227,0.27784689871146323
2021-07-12,0.15905343488804966,0.24140887269099007,0.13984268492241142,0.11248553624695683,0.13800385377931942,0.3022099029537075,0.12200573750465361,0.08696970215874751,0.14092662858562466,0.2769523538030264
2021-07-13,0.15630534468022173,0.24071192708612374,0.13970452075492426,0.11584562621131966,0.14060087317196657,0.2849473191145218,0.1220383524948108,0.08812173777656196,0.14165488535994833,0.2772136310519887
2021-07-14,0.1636026397592225,0.2322428405911237,0.12433879644142756,0.13281400063938656,0.13502312553466164,0.295615091313858,0.11472461792866773,0.08787096691607788,0.13910918006407713,0.2656485820480816
2021-07-15,0.1664819168876354,0.22836630933458954,0.12953734271468859,0.13267444580317914,0.13724761969023141,0.3208448236093556,0.11633320942043668,0.08897568858781604,0.14304185686914658,0.26577911802771437
2021-07-16,0.1683645582882609,0.23902281590226443,0.12961201645340253,0.13264976248506805,0.1344289970310362,0.34735678213535687,0.10838666626697599,0.09174077022554548,0.14268407365457184,0.2762707982273102
2021-07-19,0.18830277066226128,0.24667918187932159,0.13150861189651453,0.13398887265899392,0.13496621339160456,0.34590066347243004,0.10848635503006199,0.09940301470934822,0.1610247143690634,0.2908966272532042
2021-07-20,0.1980855075554646,0.24819783361177572,0.13237759097261106,0.13365839801614413,0.13331161053132096,0.34746921989349444,0.10981800972747979,0.10726557883014949,0.15766466069330998,0.2936484993800836
2021-07-21,0.20019324211661588,0.26894996848175945,0.13008111123059884,0.1368199396223398,0.1315667193598762,0.36512736842646587,0.10425110589751384,0.10928942462378939,0.1577118539480458,0.3051677410757472
2021-07-22,0.2006415281029526,0.2692250812457014,0.12496629193409826,0.13649837577611565,0.1370235784864193,0.36440763893528777,0.1051488164024275,0.10904797077856858,0.15753810244309147,0.3045329891153347
2021-07-23,0.19781819276277038,0.26817563507806763,0.125982548521525,0.13738953257864675,0.13580137165595293,0.3648412521675175,0.11071540720504587,0.11178539948584991,0.1578168066483969,0.30428039253096656
2021-07-26,0.19753508016182114,0.2770139004254988,0.11918646644967391,0.13698020104663974,0.13691072726627232,0.36376885452118174,0.1082125044994966,0.11182565344076657,0.15841351171447762,0.3143797701592257
2021-07-27,0.1972274397097859,0.27692381334334115,0.11951076068503658,0.1365922270227257,0.1410583732095624,0.36356438830296306,0.10839309229991963,0.11312123109818256,0.15847767205136276,0.31552205197009403
2021-07-28,0.20055430879866185,0.26876799713904803,0.11847899530481049,0.13937639465462212,0.13902208750610945,0.3625110040045012,0.11813713181403229,0.11286489301997299,0.164845533482537,0.2950557284626793
2021-07-29,0.20056557939209635,0.2727769156645508,0.11843246595301372,0.133273758378147,0.1375400588797457,0.36271850264840105,0.10953638083567524,0.11126341307448698,0.16377388155292746,0.2983815108056965
2021-07-30,0.19892131013962877,0.26554472634919635,0.1180965361490349,0.13290889576660084,0.13660370771942207,0.33919717491037904,0.11948391515091515,0.11269790643838613,0.1637687302879929,0.2909731909826002
2021-08-02,0.19556946842489556,0.24240188797925927,0.1000047809323737,0.1148822832787956,0.13454535283110738,0.34062094467872095,0.10934173265561258,0.10411351587933719,0.1557427379117357,0.2824678413429866
2021-08-03,0.1949407796894517,0.22771291675691946,0.10070386417248235,0.11164573564484992,0.1325708953234961,0.33821241933932644,0.11377995337297926,0.09907369645920389,0.14897428285083222,0.26181246823303395
2021-08-04,0.19387277912107903,0.23555425977044323,0.10290486448965694,0.12060597970525866,0.1311655000740514,0.3372351686665324,0.12009181199750144,0.10015251639285394,0.1491977403105705,0.2605381155309391
2021-08-05,0.19337922617615397,0.2377544071541189,0.10007456384865984,0.11875628419102466,0.13269654319696217,0.33968182649534223,0.1196754901321836,0.10092824410403997,0.165633074376417,0.2601730693299922
2021-08-06,0.1941570510071607,0.23739387885149774,0.10108177670021078,0.11833055623402808,0.13280144895357252,0.3424559928155489,0.12319349294309162,0.10005952621232997,0.1661067165667963,0.263012699024027
2021-08-09,0.19377342087882346,0.24118259374211784,0.10073836483630326,0.11811984241081723,0.13157829863007728,0.3412372795574424,0.11827479203248473,0.1000270812893252,0.1640382206517376,0.2634162752254929
2021-08-10,0.1926059179545548,0.23223393609120369,0.10043641620409613,0.1179213215487522,0.12994453312208215,0.3143011177488551,0.11829992875247629,0.09999812944855607,0.16177400385208052,0.26206344819387184
2021-08-11,0.19079756770537926,0.23333274965714917,0.1004186881376295,0.11519446643609407,0.12781783727819251,0.31614092874972355,0.11538666053286806,0.10004782799760092,0.16254382306388168,0.2622860866445761
2021-08-12,0.19805511058377373,0.2315798731775345,0.10175779409716718,0.11487225358970704,0.12939398423392978,0.3176724033287745,0.11527122070726216,0.10016627850762166,0.1625010760803694,0.26071485217176393
2021-08-13,0.1980948387595842,0.22796941551667932,0.10119543745508332,0.11502996121061707,0.1315640624798922,0.31892467336675184,0.11552999638784656,0.0993834256002294,0.16147903287480037,0.2610925139830756
2021-08-16,0.19440153056948187,0.2294374292704283,0.09148260054602753,0.11507900174239304,0.11811921378903763,0.31811021481249135,0.11609861587554705,0.09756839958832335,0.16699591775320555,0.26320557526974564
2021-08-17,0.19257651337771434,0.22297848371737408,0.09093559782064152,0.11405836971669345,0.11981897499582815,0.3236954038099203,0.11600169245473288,0.09970823619206394,0.16959204587226204,0.2525329192847655
2021-08-18,0.20221006021867508,0.23412871302384247,0.09861540476279046,0.12118630909495912,0.12040244275373933,0.32623638713379843,0.12105679105596545,0.10502794486498021,0.17266489224075957,0.2554183616190788
2021-08-19,0.20013511917871335,0.24374365150578273,0.09967474633322151,0.1211380777067955,0.12881164924112565,0.34159628118107166,0.12434370674264816,0.10189848073268766,0.18634210636182552,0.2677011303372976
2021-08-20,0.19878008878295148,0.23877210101724272,0.09987761672081634,0.12141638643832799,0.14531659743679884,0.3722744117907282,0.12430707492307,0.09987236738340766,0.1861866072685926,0.25990712371622543
2021-08-23,0.20001508983989408,0.2524058473816659,0.10100486254760599,0.12221012897776069,0.14458609263971992,0.3987396074544298,0.1260268214795636,0.10233217861800864,0.1874916589743838,0.29140008476216583
2021-08-24,0.19909923620418923,0.2553234564789087,0.10889429461311767,0.12192147904513027,0.14415983433313279,0.39726113997258466,0.12907027242103367,0.10157338329729489,0.18745116011329643,0.2931086057045425
2021-08-25,0.18836834805682148,0.2509161408733769,0.11005607660149365,0.10276234747705232,0.1444925341160491,0.3939174073617269,0.12879914596511294,0.1016164617720346,0.18727308478125101,0.2873033509515931
2021-08-26,0.18860377201247208,0.2529732022123086,0.10477620933962038,0.10573970957694266,0.14705689346889422,0.3681945644103278,0.12724923255707776,0.1027992596771587,0.1846787283217721,0.2884297372474123
2021-08-27,0.18493735897673527,0.24464286804588897,0.10491018048633002,0.10598373061629512,0.14674850921156204,0.3435244467726819,0.1246285877825717,0.10191179276410217,0.18518092739501996,0.28401012684701815
2021-08-30,0.1854232366997663,0.23058581230102662,0.10214238932094102,0.10401742028744743,0.14212614402526907,0.33446677066406333,0.12502915818274687,0.08982834611245794,0.16897026462302203,0.267176676870253
2021-08-31,0.1740791835494067,0.23582194370610657,0.10017369972488484,0.10409365885832221,0.14346534705024894,0.3363950074061376,0.1244402461462833,0.08249614840989208,0.1676358092509278,0.2674976544631236
2021-09-01,0.17318150176229818,0.2155698584203186,0.09930493450712873,0.0990344574287501,0.14297034588135915,0.3182045645234214,0.1265565342428359,0.08017090062542906,0.16740843055643462,0.251819486821392
2021-09-02,0.17243555218672457,0.2226672278259876,0.10059943455316704,0.09899721101916015,0.1368351617995413,0.3185546872123674,0.12562419744053077,0.0803047539569905,0.17284296689875434,0.26113950824929594
2021-09-03,0.16983122412253499,0.2227754474111456,0.09650816901561275,0.09494474527588845,0.13321068900840197,0.32094471038036626,0.11947325387094543,0.07578499635793144,0.17259521603217667,0.26130307664915864
2021-09-07,0.17466826787023282,0.21391372679266432,0.10756297381788846,0.1089996950097955,0.13348646681317922,0.31849137697101243,0.12001525497548284,0.07678274695281331,0.1702767770410231,0.24979933549764383
2021-09-08,0.1711923562109885,0.2145305097511782,0.10705602847352955,0.1160214196359165,0.13013005433861385,0.3224139308347382,0.12128335242418992,0.07535802322697831,0.17510558093161635,0.24922406789411958
2021-09-09,0.16795881519815126,0.21379581294278988,0.12498755235412976,0.11659055045650318,0.13415096687484093,0.32291223964691823,0.11292197367076427,0.07676556133215506,0.16989142318282047,0.24807546650306406
2021-09-10,0.19630837552704747,0.20916292321804017,0.12615869430832968,0.11573229361688078,0.1354839810669447,0.3238264987683827,0.11230616923920346,0.08002214109759746,0.1809003896144741,0.24448568628243766
2021-09-13,0.19649651244721814,0.21733996840089842,0.12739461240010247,0.11870017007111856,0.13425606063754475,0.3264781051061382,0.10193472960943041,0.07868633816737117,0.19683781958769245,0.24934685172178822
2021-09-14,0.19865375241411878,0.22306537416155686,0.12812670088155723,0.11858418296554461,0.13607917973561268,0.3255044997378293,0.10174926363341613,0.08024179295291105,0.1959737102755575,0.2524117192617388
2021-09-15,0.19613960077744033,0.2304250549819821,0.12254401643037978,0.11906736204741335,0.1417807272796499,0.32549449210710074,0.09331076118992546,0.08042341459250053,0.19403622264272474,0.26998194645364737
2021-09-16,0.19599865877280231,0.22281275751271493,0.12184132362629377,0.11479168963464478,0.14124022793128446,0.32133270439847245,0.09020628135792044,0.07903373241372286,0.19407335711846577,0.2629990298547566
2021-09-17,0.20349208930533136,0.22135866796240805,0.12150740219199539,0.12187097546587769,0.15003343474774178,0.32265723284413705,0.09027210300425986,0.08260204668646945,0.18103972139875674,0.26447733551497205
2021-09-20,0.21229351885350325,0.22697185868943107,0.12200543832193947,0.12263415857194511,0.16067994379849956,0.3384463588955995,0.09238128074795351,0.095642725192771,0.18690015774041596,0.27231936135364077
2021-09-21,0.2126221156498863,0.22268148879007105,0.12237085225401817,0.12260145725774461,0.16011476926863508,0.3384010048859437,0.09120038523034635,0.09564699691856418,0.1844014509788263,0.2708128416060174
2021-09-22,0.21828948386466876,0.23329539697579574,0.12237143754354456,0.1223223495297478,0.16216075456561288,0.34471164435879126,0.09166422154306543,0.10009057881582249,0.1861742936887272,0.2801910464330862
2021-09-23,0.21907782896054243,0.2438507532069266,0.1241345310093724,0.12232588627679349,0.16224181655344835,0.3468651337806602,0.09212108335422375,0.10611460883950762,0.18395097777534794,0.2978485029502733
2021-09-24,0.21033449425635978,0.24435650348242946,0.12080834806114397,0.12199079369377777,0.1603672646646943,0.35239684090493,0.09296504146915163,0.10586437250089463,0.18360558432981608,0.298896531081177
2021-09-27,0.21230758050987514,0.2528726279306593,0.11937357112716934,0.11979840452764356,0.16648115862983748,0.3569430348444495,0.09950600564893601,0.10604889415367505,0.18212099782591634,0.30893159967824174
2021-09-28,0.21796024437954262,0.2507794647809053,0.11441801516999436,0.12705752952630797,0.19615117260619516,0.38008999817193256,0.09901077906998342,0.12055798258902202,0.17917701151828422,0.30600004706936884
2021-09-29,0.21894364859293042,0.25064273275595683,0.11295468378970426,0.1295096983266086,0.19593605062401848,0.37331726779201335,0.10389645075499082,0.1195411302230882,0.17627938126174128,0.30490149003881417
2021-09-30,0.20834539645044933,0.24308796065270288,0.1152267893763755,0.12679273286642337,0.19624521112232313,0.36713293561598825,0.1087428660349079,0.12055519149824834,0.18641477264803472,0.3027790268397943
2021-10-01,0.2098336751078273,0.2414278081839921,0.11108790643367962,0.12972831871662124,0.20116932249609318,0.3502286080259554,0.1019810246755111,0.12579067177839398,0.16875297298838415,0.3004485287928032
2021-10-04,0.21801951801896713,0.24121490154194633,0.10900066419749632,0.12967805870876237,0.19301686049530406,0.3471386206473608,0.10259196850019654,0.12840034147460863,0.1703910962543849,0.30095200422743273
2021-10-05,0.22020874476886226,0.2330537272075446,0.11036607322710114,0.1300042321332952,0.20341079922485886,0.32449349514761733,0.10312666523483673,0.1295446373114444,0.17850490207465552,0.28175793481802447
2021-10-06,0.22146319186567268,0.23413289345360785,0.10814124187638886,0.13456333930274492,0.20849206860970307,0.32667983082209046,0.10914008891155016,0.1301913080705651,0.17884831690189837,0.288733994157574
2021-10-07,0.22261840167127042,0.2341836155604327,0.11298035766954947,0.13499462223325068,0.2094206554808655,0.3260575706014146,0.11139267556066142,0.13283463938660484,0.19602075689667375,0.28870906551181075
2021-10-08,0.2222778078474719,0.23631475260701448,0.11266769094119342,0.133474000147238,0.2076962988348735,0.32705580840377935,0.11192367506956358,0.1319504618768704,0.19742017830290276,0.29099195517596715
2021-10-11,0.22093659572788465,0.23648670921793902,0.11278119423269187,0.13348269142787514,0.20761443966601478,0.31673234714488724,0.11259248333565405,0.13021985892725454,0.1981398228542991,0.29032990702455336
2021-10-12,0.20049010874471812,0.23607822724622926,0.11740107319559703,0.13002993904290303,0.20392933592817394,0.31640872990213653,0.11191018159461243,0.1292482419323957,0.1983847208143047,0.28832654217491965
2021-10-13,0.19978973159971586,0.22888784229476233,0.1230908650544647,0.12971952321658964,0.2067671951173261,0.3180957761313923,0.11159626429077754,0.1300090485177216,0.19811211339479468,0.2853890118884452
2021-10-14,0.2094837216404252,0.22514695840491927,0.12422317139762577,0.12975731886297884,0.216617156350265,0.3390159800385294,0.11252458022689878,0.13996720183361977,0.23323253519346213,0.28211284119122726
2021-10-15,0.20949832699237303,0.21987450632527514,0.12462293426804041,0.1296199207078888,0.21689377603094573,0.3394613357352673,0.11274213091378672,0.14159769454124002,0.23510687905765804,0.276441327524515
2021-10-18,0.2125472696418255,0.2194971133686006,0.1249220310514072,0.13210576216975672,0.21869675225877494,0.33777185177622543,0.12032446270241161,0.14193208654815723,0.23633321931344536,0.27574719327369096
2021-10-19,0.21226390856481134,0.22248330915746864,0.14078773805387834,0.12226954415209307,0.21846457067210845,0.3372298718928996,0.1244818300231919,0.14342565579239736,0.23601908909027383,0.2755650531186206
2021-10-20,0.21119191431938644,0.2208882350074432,0.14080077903550828,0.11831218663902449,0.21870691800740596,0.33555050293305444,0.12281035869895703,0.14379415145616253,0.24248748782398466,0.2721685265622451
2021-10-21,0.21066726304965497,0.22539452810401844,0.12644555624656448,0.11588685363824476,0.21812086675395786,0.34359207776277767,0.12383797765322374,0.14329048027529653,0.24589835331383525,0.2805566525862945
2021-10-22,0.1879449135557626,0.2253239232461468,0.12555027288503592,0.11551388701219299,0.21811230300871062,0.3415266546535381,0.12827115315313437,0.14117291047998826,0.23723880411805737,0.27977995666261846
2021-10-25,0.18758397754011463,0.2215559333910274,0.12431255514885328,0.11294072590122713,0.21840175228458197,0.34262245357132126,0.12376369678779031,0.14172393141020292,0.22742695604914304,0.2763849377585522
2021-10-26,0.18587783314868572,0.21064862944822155,0.1266930238153151,0.11389139209220976,0.21760504038325687,0.39137408228132164,0.13121062061813665,0.1404980036879737,0.22759311695239323,0.2747938934721135
2021-10-27,0.18530478615719642,0.2160990332273135,0.1311268117212621,0.12736885060702507,0.24412052257137334,0.3936365780812057,0.13259501008875557,0.13958108542351158,0.2266638696733954,0.27770541852294317
2021-10-28,0.19881070251226132,0.21245294672487422,0.13194892811733466,0.12712513492552155,0.24415199667716322,0.3958387358650337,0.13244653501403958,0.1418374039281183,0.22629670214026706,0.2740798405256381
2021-10-29,0.1986496092134173,0.2108149954385698,0.13176281694693154,0.11745881678821858,0.24363207727357486,0.3958941324649695,0.1325209738542169,0.13817089778304362,0.22705216025253844,0.2696055427738825
2021-11-01,0.1882722642439038,0.19650685191262127,0.1308131896240923,0.11579411388430362,0.23665688593244288,0.3760418057586938,0.12934427718475489,0.1271553108063906,0.22416561619836756,0.2541649978918758
2021-11-02,0.18891226258135857,0.19920720848503412,0.13817296315841318,0.11595330297417103,0.2375573614187374,0.37860406552388687,0.1323771493367263,0.12698269290163117,0.22501299455569912,0.2592960769912809
2021-11-03,0.18500436874470003,0.1901499635347504,0.13806966829564063,0.11611525705193752,0.23617281026960818,0.37101324273582054,0.1334212013212663,0.12551254641306958,0.22336582549672843,0.25635799224907
2021-11-04,0.18478865835547745,0.18061561838543738,0.13736567605593786,0.11636803852698231,0.23637647956522617,0.49454509519499024,0.13306251855439105,0.12209944710482516,0.2232848494579273,0.24153974772089898
2021-11-05,0.18493631071019687,0.18159444977844375,0.13864522298390197,0.11586690088707621,0.23645355870134943,0.4888499085945661,0.1328176555603343,0.12219789609144627,0.22322616014854135,0.24163702871420917
2021-11-08,0.18275742360479816,0.1723276821997125,0.13738592575541886,0.11834024488802397,0.22775699922790965,0.4857517778889748,0.12856223028003028,0.1214307267645563,0.22401951294828623,0.23021848125076727
2021-11-09,0.16660433811663505,0.1726416788493064,0.13738647218375488,0.10243170236197403,0.1938523188282445,0.4584390650347616,0.1260768667995841,0.10323458652874927,0.21509825099580687,0.23004047243666698
2021-11-10,0.17703774713797368,0.1816800706652737,0.13932846513518396,0.10196515150163601,0.20300494101795036,0.4792058341992911,0.12587626078463854,0.10767030906464337,0.21932128090551808,0.23946485355988767
2021-11-11,0.17426253283802762,0.17016986266153974,0.1334238050112658,0.09613512597600962,0.19952531479133528,0.4822664111641643,0.11596026155374603,0.09885590322399816,0.20410331532229029,0.2314340807573838
2021-11-12,0.17719573731676502,0.1538319918495703,0.1359442397098435,0.09417607749297376,0.19181957262497745,0.48255214218109055,0.11554871834583069,0.09608005290085866,0.20415321411749496,0.2121383860165263
2021-11-15,0.15873407162889164,0.16399804374644908,0.13668350657700407,0.0940107794401152,0.17694000484422964,0.45240818030554697,0.11381034799329946,0.08467274877487264,0.2077388360522614,0.2105677381244035
2021-11-16,0.15544681929582502,0.16258382553659256,0.13775520358139873,0.09779439402233057,0.17236146330300783,0.44815440703004084,0.11418220426622196,0.08172130106103843,0.206024623565709,0.21158578785085133
2021-11-17,0.16041823500335214,0.16022749335356082,0.13798902675498326,0.09539983084986901,0.1704333476657449,0.4664750795286468,0.10925294940090031,0.08291529354298484,0.2066543931556206,0.20631778054369493
2021-11-18,0.17627301974531145,0.16355275780110004,0.13682570876141992,0.09975970045074009,0.170456854014805,0.5091725096072421,0.10761130264585454,0.08088956698980991,0.19589323092647865,0.2099655942806514
2021-11-19,0.17959721135842935,0.16877061734501655,0.13678732765940424,0.10066156968095508,0.16979710448074342,0.5090431729367874,0.10684963863531276,0.0808739950863805,0.2076092062328828,0.24153679456849775
2021-11-22,0.17909567294845738,0.17230631541612035,0.1417962221312109,0.10186623455740415,0.1739023872393739,0.523314421431497,0.10765797443715254,0.07727653942693856,0.20643199331463172,0.24307547204755708
2021-11-23,0.17476476542067318,0.18024947761474827,0.134259260702132,0.10361591730373179,0.17480003063370575,0.5250071907731808,0.11077110310321842,0.07595518231212865,0.21263461248437218,0.2535716149901745
2021-11-24,0.17284418197094564,0.18054106528678332,0.13206806128171933,0.10689192880646026,0.17397272964725397,0.526597306771106,0.11266621161137023,0.07589380877232038,0.2126681799986535,0.2534751745350068
2021-11-26,0.19633693673422173,0.19462238108714588,0.13259039052614716,0.13882984217127067,0.18523381257384136,0.5421568050425096,0.11219690407101383,0.0943801042261134,0.19400011944499782,0.27175761165807066
2021-11-29,0.20347223802833894,0.19401989902073896,0.13116248339281672,0.14650177956139626,0.1924973992695266,0.5579879956212538,0.11546748904090778,0.09800488204142119,0.2024834845649397,0.27081558390818516
2021-11-30,0.21803271743258107,0.20181780647537323,0.1469930188011142,0.17080431407938892,0.20111531280132086,0.5674746397959011,0.13970469318030718,0.11495687766811225,0.2080540304619777,0.2831130400750086
2021-12-01,0.21651101389657124,0.19566419251061914,0.13550416738338159,0.1703747412310496,0.2014614667503155,0.5861236230088214,0.13851918750535885,0.11780473800002339,0.20799299467271942,0.27907262473065453
2021-12-02,0.21832330712221112,0.20734671719064154,0.13636802136339982,0.174081510184273,0.20128588603191566,0.5834712027964487,0.1389228632998167,0.1254653585943969,0.1957554492091177,0.28875684273064023
2021-12-03,0.2225586580076452,0.20457218254111778,0.14369113057263572,0.17566681263868889,0.2094693989730427,0.6053164502448167,0.14389505279790113,0.12798881390217814,0.19240764147186004,0.2845706666949706
2021-12-06,0.22759253263314289,0.20748472555313463,0.1582144563402107,0.1908698653941966,0.20988198501719624,0.6119650235815663,0.146621779530376,0.13243246389285748,0.19951071569497494,0.28585031555075796
2021-12-07,0.24505277864805097,0.2098882694502421,0.15826178352108386,0.19084602677934748,0.2211437367729498,0.6439729479022204,0.14724775677868618,0.14428767608214318,0.20122386948164606,0.281868865536506
2021-12-08,0.25047745076253786,0.21004689802980714,0.15640641689697662,0.19102469997430024,0.22103155342530142,0.6281073233769134,0.14319276944933104,0.1443703760719531,0.2002315817362694,0.2730754483105384
2021-12-09,0.25042472663930576,0.20226068157240348,0.15440312350578503,0.18282945386999663,0.18792487665620106,0.643066041792568,0.14075165329860864,0.14528536223498126,0.20131085087102765,0.26288925277526903
2021-12-10,0.2526128431499829,0.20112396380775238,0.1536165514306036,0.19603364331356346,0.20375008841769832,0.6440394120543766,0.14425059916802319,0.14516436945973007,0.20277667662069715,0.2634520048038646
2021-12-13,0.25476701636903326,0.20914552714063225,0.16137273738755148,0.2094001292171094,0.19663673102663023,0.6766882955440628,0.14789727183963966,0.14785417110674742,0.20093976927939314,0.27075108887656923
2021-12-14,0.25577719955433526,0.20922380558496664,0.16370462013388687,0.20893278820977404,0.21842154881896875,0.6764774601586793,0.14688888786639034,0.14936574521669835,0.1956792750029253,0.26475060337768036
2021-12-15,0.2643732134467756,0.20910043458455152,0.15857291519438746,0.2089888796123128,0.22307087527604666,0.7054321141963251,0.14562134276704203,0.15554385935133608,0.21194151302315145,0.26293385084777576
2021-12-16,0.2949510513932848,0.20898011996283358,0.1603144560227786,0.2104414678534387,0.23865379324726319,0.7370244043680013,0.14867408462509077,0.15701807446137156,0.21110585248755517,0.2603789135054465
2021-12-17,0.29578661734889156,0.22347766838937128,0.18132950505489462,0.2160118502731965,0.2375268289894529,0.6503566492474394,0.1669491800241582,0.15944719203147603,0.21490904632131116,0.2660832265377528
2021-12-20,0.2980072549820794,0.22132245928745428,0.18008955574305058,0.21613487461398867,0.23962148696117713,0.6503700444194477,0.16681644513782082,0.16174109921877994,0.21624309213193513,0.2663555994046706
2021-12-21,0.299683078765933,0.22588038129771285,0.18004473501858584,0.2143234138337434,0.24975059246744338,0.6581977915122283,0.16437425841159242,0.1704400306013194,0.21341850789239283,0.2736503710449636
2021-12-22,0.30111003449411167,0.2254953855759467,0.17997615351139284,0.21496273904696048,0.25551465271895374,0.6590470139809669,0.1656262537492488,0.1727122390418571,0.21632719750114063,0.27307139143431414
2021-12-23,0.29215254185388784,0.2200580914114144,0.17774660956140662,0.21481136653774718,0.25166654101166464,0.6492083867454587,0.1644974632959634,0.17174389193149334,0.21338729899755868,0.26806466836056336
2021-12-27,0.29553229363987615,0.22701962913145513,0.17712470577113382,0.21553146393002226,0.25984260407435633,0.6552671508574728,0.16543563478152135,0.176120925598865,0.2125576557177506,0.27181512976583855
2021-12-28,0.2968210044943654,0.22725641210152744,0.1745661553628136,0.215346102975008,0.25775278844992866,0.6582379720517912,0.16537563302422512,0.17513947779650485,0.2128346507224961,0.2712023218894976
2021-12-29,0.29674635322252585,0.21912882844783058,0.1724738197392449,0.21530556111638918,0.2576668755657837,0.6580109700779901,0.16583187983686373,0.17513674802748208,0.20325649043754157,0.27052797102093545
2021-12-30,0.29901979943022217,0.2194241498530656,0.17129623087806767,0.21416587518337876,0.25718004497325914,0.6591637854185809,0.1690453166055935,0.1751955670157707,0.20316159794366423,0.26849776259396313
2021-12-31,0.29837702095202673,0.21894687703116286,0.17335836883614364,0.21356926186259828,0.25849292532901524,0.6527645808328885,0.16866419991790882,0.17520968868872253,0.20407183256036662,0.2682930898654611
2022-01-03,0.29612767068309453,0.22174973708568507,0.1720122609497195,0.21093705468351928,0.2580605061966761,0.609945019820783,0.16988509703620627,0.1756715447605854,0.20419141635849045,0.29045496762439377
2022-01-04,0.298110721085393,0.21509817018728494,0.17254086871224497,0.21347530632855416,0.2618181687871193,0.6010432454254341,0.1690843274741597,0.17554039783753608,0.205922515125378,0.27545635374581307
2022-01-05,0.3109823075138247,0.21066085436856669,0.16696752034394904,0.2138092459568621,0.28228508864137436,0.6163546743375574,0.16886406391989991,0.18465038039067488,0.20487445282451422,0.2750010641348605
2022-01-06,0.31615568167298974,0.20411920056862093,0.16748052516300957,0.2149015212045312,0.2825206704953319,0.6205056455703963,0.170759593179992,0.18465135314284511,0.23563071811526717,0.27302677890868265
2022-01-07,0.316164371795032,0.20663783292037613,0.1698635925165299,0.2129760853905911,0.2825054873835957,0.6184425612262932,0.1693563701640915,0.18486812963400398,0.24626035534444266,0.27336818444501537
2022-01-10,0.29951913866798335,0.19256641656924026,0.16918669645558393,0.1874132397466038,0.27472444074598557,0.6122967067474933,0.17330295114656316,0.17250871524625255,0.2385400742688871,0.25022715473415197
2022-01-11,0.2971295990061418,0.20096127929566066,0.17361432171309704,0.1844577332666336,0.2666071433894763,0.5853386558318472,0.17665935672936064,0.1708952061389658,0.2270608247690722,0.27367264574828476
2022-01-12,0.28462311515485145,0.19285204701130804,0.15843070268440607,0.15139077956244829,0.26461477511193165,0.5844076163527486,0.148470247514869,0.16008877550709832,0.22127878741798276,0.25598769009112066
2022-01-13,0.2908406572068488,0.191694108620532,0.15700727516791788,0.14964182420189426,0.2903142295698469,0.592023881046242,0.14736748129847982,0.16205988484382797,0.22582204173216233,0.2580866560300783
2022-01-14,0.29005769866930686,0.18325357222035288,0.15664316927457508,0.14715303861382886,0.29616848122621897,0.589265306342405,0.1484688554133824,0.1564299847826833,0.22576527042718927,0.25417257071746774
2022-01-18,0.2937279379620562,0.18070960018635443,0.1532947420771888,0.15126130371161525,0.29890923435278294,0.5860044435333188,0.15462152599811171,0.16316520083493208,0.23018991840442918,0.25369553437023135
2022-01-19,0.2947567431900157,0.1786981870447147,0.14063526789991798,0.13731886857263115,0.29709959406793796,0.5894952025817161,0.17648490504501207,0.16232546442953139,0.21975489169101606,0.25375922876913776
2022-01-20,0.2767033232206739,0.17654508670575755,0.1427740047481875,0.13894655454094093,0.2841695337304734,0.5379752764613015,0.1761281855027045,0.15235524290227015,0.2178160805019789,0.2534541416362393
2022-01-21,0.2690295901044987,0.18165353084743802,0.1419812101036014,0.1394833086952401,0.2872939693199148,0.5414538639905089,0.17607187099075758,0.16065950501438916,0.21642158888653454,0.26031074336052834
2022-01-24,0.2691228160834403,0.18104209321031015,0.14302150465739752,0.14237175470567406,0.28762403637397815,0.5332850612802608,0.17833380433818521,0.1610833371323426,0.2145451880151684,0.2604141120418516
2022-01-25,0.25421276728199327,0.21494302269472795,0.16591204654621844,0.12545447354070444,0.27831599679843744,0.5437239247489192,0.17832874236264265,0.16021209887298257,0.21420417058388777,0.269728930083469
2022-01-26,0.24920297081095746,0.20214246281319045,0.15805298094438489,0.10326065933857156,0.2949767058829159,0.5212989527381164,0.17604662816242397,0.15907630169967182,0.21465323933057723,0.2612042014011212
2022-01-27,0.24875979726815464,0.20703669074683417,0.15949378664376845,0.10325691961306221,0.28537223934220723,0.5268183609870049,0.17661194922062162,0.15868862579476278,0.21567360847151198,0.26078339063700506
2022-01-28,0.31418746373408535,0.2360716052795427,0.1601458606852147,0.11656648068809038,0.29240195839883,0.4881116842128036,0.17794701283652725,0.16956462712337042,0.19580665396792493,0.2590326446356925
2022-01-31,0.3028873754316044,0.23560594515439118,0.15712630625136917,0.11377890463434727,0.28297881889449317,0.5095248518035367,0.173230250894111,0.17771299668167356,0.20107008486410413,0.25858388219204276
2022-02-01,0.3021748999464569,0.2261372438657818,0.13623194857336246,0.10519747984211925,0.283427427231631,0.5080361118363406,0.15997133451290405,0.17668258691017968,0.19996722255627353,0.29232702272133393
2022-02-02,0.3014619848822453,0.22559881692761405,0.13914283489389512,0.107003715439042,0.2855731686136988,0.5145007948723317,0.16751993879265656,0.17632879981507205,0.2122959719550056,0.28557703341920565
2022-02-03,0.30101380979395737,0.22751144806104545,0.13860647931391362,0.10783591201722786,0.2973818137725502,0.50921804273504,0.16910080569085964,0.1811793209478189,0.21833352037449386,0.29019176795916335
2022-02-04,0.2975838339326664,0.22851776565413567,0.14000195001778856,0.11284225476969231,0.29596424939224664,0.5106302486806771,0.1744920781702467,0.1789860296555459,0.216691248157467,0.29234387994129113
2022-02-07,0.2975263956587853,0.23202685627511918,0.14045046068291434,0.11571321051583644,0.2977291755008699,0.513296646896835,0.1755915567471875,0.1776149963652642,0.21654793292008034,0.2910503883716419
2022-02-08,0.2946857666531804,0.23563413878523778,0.13862645947157687,0.11537449004654833,0.2907422271867756,0.49567664160386526,0.17234634321610842,0.17382928369100126,0.22337773646630676,0.30888255232221096
2022-02-09,0.29545409817764023,0.23521824812564093,0.138207390794224,0.12564026600426237,0.30004514667109183,0.5335865386877974,0.17162723514109612,0.1802633121327818,0.2242382868503049,0.30944505154256685
2022-02-10,0.3030050359213681,0.23907351118862663,0.14112531532996092,0.12626738813036276,0.3085259824819265,0.540018349056229,0.17474414468698884,0.18638102543005972,0.23289612915885077,0.3098830208587449
2022-02-11,0.3076672219969203,0.24148033994483808,0.14308901380789948,0.13749059517705056,0.313988599670018,0.5746692691900953,0.1738385990112715,0.19336572809761046,0.23774656472306194,0.3101686339433186
2022-02-14,0.3077340435418428,0.24853888649234057,0.14598231472555045,0.13716782089962612,0.31394668414329385,0.5774912431780439,0.17330539799341727,0.19337783033763678,0.23827550508797352,0.31855733105886386
2022-02-15,0.3063944184358551,0.24881902675439685,0.14930651776999193,0.13742120057513427,0.32075950913793644,0.6380534868431778,0.1731380025829382,0.1994751285951553,0.23992672347773905,0.3119879956004496
2022-02-16,0.3045565292618956,0.24559780786830096,0.1491991576550321,0.1290463236511734,0.31813929247332057,0.6340199503026469,0.1744680804517648,0.19963818635630132,0.23179229894282305,0.2985965799001771
2022-02-17,0.3010550487346091,0.2468101619312046,0.14829361994745316,0.13938284809887777,0.3103017782589274,0.6495756152416495,0.1774687106539074,0.2013314746658208,0.2386227940938835,0.2988490798326117
2022-02-18,0.29846248662861236,0.24671605301288388,0.15075411464129912,0.1392247640508087,0.3106007796769919,0.6519459915076351,0.17596387915137437,0.20166298003037575,0.20744883335719078,0.2979054860418884
2022-02-22,0.30247802272722973,0.24623891029984726,0.14790814457419324,0.139725759986214,0.3105131258190555,0.6467942456719411,0.17934475161256616,0.2030655257806834,0.1982601312329152,0.3013991320063752
2022-02-23,0.31065291170220105,0.2538458729040954,0.1479009988574865,0.14409074010160852,0.31749676612408906,0.6555632952994387,0.1786465941201925,0.207657643917222,0.1948375076430912,0.2999120351477861
2022-02-24,0.3105981009551884,0.24785834193037423,0.15405394854463003,0.15345980314335408,0.3546316138420732,0.6811255806911525,0.1918060988998686,0.211394447831536,0.19421243163978133,0.28149251829493965
2022-02-25,0.31343657176011447,0.27101098775584265,0.21449297968205921,0.18993366286226993,0.3542817077233127,0.6833125464997779,0.2301777478245933,0.22305009098961287,0.2313267947806668,0.2896247685111694
2022-02-28,0.30929746543489445,0.27724497108275,0.21519847013950097,0.19202488118870054,0.3333586925802371,0.6696034743670874,0.23390272524774797,0.22040641466026664,0.22775012238924144,0.28802633660236
2022-03-01,0.3101453609912628,0.2933155433153527,0.21488086037947188,0.19131499289632942,0.3306996967037534,0.6754443602712319,0.23661933144136812,0.22357798061461023,0.22767169538627408,0.28568406039367905
2022-03-02,0.3122632247662366,0.30133748238015196,0.21772709531951823,0.19067079823528818,0.3278245613970465,0.6746876763253187,0.23049540596157253,0.2266885259934991,0.2278693493919957,0.28582188437538514
2022-03-03,0.3061598169576517,0.30048110493294655,0.22153444324897206,0.19065887519918917,0.33031114688625357,0.6709520600897422,0.20731858545101983,0.22534113385300053,0.2278346720367595,0.2857335125599969
2022-03-04,0.30945104925167166,0.2997761784053861,0.22047232311307197,0.1900847528439183,0.33505732577913616,0.6692989509186262,0.20722308794656916,0.22436977026353688,0.23734903747190558,0.3018379789466316
2022-03-07,0.3149410158429431,0.29641980894434844,0.22439101326809763,0.20270718135317378,0.3482010929235132,0.6924520880189606,0.21019636837141728,0.23311808453910174,0.24863470983890976,0.30840381521840626
2022-03-08,0.31639274055009525,0.3214814519853305,0.23024290633149797,0.2326039617390467,0.34911535636272295,0.6930017457160214,0.23633795010015005,0.23317683451013888,0.2628782199361796,0.30836791374923733
2022-03-09,0.33093162246678937,0.3223357097985892,0.2156096494477314,0.23312988570703924,0.3675862569237115,0.7105399686412222,0.23982196434246061,0.24506266644672647,0.2694150308452737,0.35173039683400675
2022-03-10,0.3408055270522989,0.3262533694994825,0.21533453552687337,0.23872449636217566,0.35880084332963985,0.7101464628151196,0.2487450221695799,0.24527950859749653,0.2709288213071528,0.3576109228748566
2022-03-11,0.3477343133811854,0.32538378668433116,0.21208507933910378,0.23871570781388438,0.3609175501930997,0.7056105547689323,0.24858693626239797,0.2475282702027106,0.2749647032240562,0.3581266244446744
2022-03-14,0.28444700062985373,0.31423264814143986,0.21491712716270078,0.23760980577485913,0.3506956973584566,0.7027506118823155,0.2506200978114417,0.23590783684645683,0.2751735712656759,0.3768805712690689
2022-03-15,0.28786965501285666,0.35823301501755334,0.2273489714873277,0.24398338846137899,0.36989384658611824,0.707384756636091,0.275192502028237,0.23907676051431292,0.27830763805818687,0.41492789409895514
2022-03-16,0.3031229127268736,0.35455700616284996,0.22772523749696208,0.2431953327119128,0.37802987913849023,0.7337705631852601,0.27513101245926147,0.24782886355524855,0.27646203841092254,0.3697376301652586
2022-03-17,0.3029615671375329,0.35608150486406637,0.2285661339940991,0.24333147141825553,0.3750320940064384,0.7310243590891617,0.26910944256143277,0.2490268854275646,0.27249299196777,0.37826703763178
2022-03-18,0.3075342011924566,0.3531726050732916,0.23126277864170827,0.24236328889351513,0.36176701939211164,0.7395568115073798,0.26679599584668945,0.24199981709097196,0.2680476454558132,0.37686405954304364
2022-03-21,0.3089166843876813,0.3542937610006122,0.230639958444862,0.24161055194572137,0.359011454512225,0.739054934716441,0.26450762597357963,0.24159990155243227,0.26528442310362865,0.39393277079429184
2022-03-22,0.31523640483505083,0.3534318075902844,0.23090960348269826,0.2398700271142921,0.3589500403966906,0.7388558536696999,0.2655145991907535,0.2437909205553863,0.2659459792462128,0.39280376175304393
2022-03-23,0.311294619650831,0.3476928959951809,0.23127969519897001,0.2397534715967786,0.36007623118826954,0.7455358229227629,0.26595842089104715,0.2455630288539636,0.2606077511236827,0.3870718281905292
2022-03-24,0.31763555057145537,0.3478227064454486,0.23159178025413563,0.23714624023728642,0.3571156801520213,0.776519705265766,0.26615237547213,0.24579817515201913,0.26555951362594166,0.38657291911748926
2022-03-25,0.3099447820191064,0.3441996647087376,0.22943694055940822,0.23801757604659904,0.347212909109777,0.7712980877111401,0.2656473753349418,0.24038842336698638,0.2556857317423764,0.3890322032534992
2022-03-28,0.30372523501212295,0.3497223013524969,0.22683276163462,0.23217836131170375,0.3450597437909208,0.737761218324306,0.26614683905569664,0.23328688758482446,0.24891216856135467,0.3933909817199117
2022-03-29,0.3079812519707101,0.34808169445096593,0.2226253354077838,0.23179299592517258,0.34707071250798116,0.7379647723396426,0.2677899897010123,0.23498911407678785,0.24797814532824425,0.3907579894917715
2022-03-30,0.3023532126445885,0.3455192035763464,0.22265005639448876,0.23166022734027206,0.3443147066400066,0.7007360342987612,0.2684913166039953,0.23211083614697234,0.2524578345999149,0.39082401650665943
2022-03-31,0.3072271190004755,0.3515416152514526,0.22717244772687592,0.23199466030142601,0.34882796237286556,0.7024572607543085,0.26888164075495363,0.23700199148688206,0.26176005677901704,0.393811172576504
2022-04-01,0.3002941295122077,0.3497772845612591,0.2259414092937576,0.2283297958213448,0.33666706329535717,0.667064569750194,0.27049079322488884,0.22772545383875392,0.25301326869765356,0.39385539368553224
2022-04-04,0.3054049874689144,0.3493460986323762,0.22541415915959645,0.22823767320637992,0.3376610265454672,0.6590804789960724,0.27094732136146144,0.22738268927547248,0.25290917436638416,0.3918441798924902
2022-04-05,0.3060692673524968,0.3488182051224251,0.2202762489106903,0.22788540207464403,0.34075865865453,0.6787669494987822,0.26912576411434513,0.22836373801442375,0.2514268424944813,0.39023269769871466
2022-04-06,0.30085283643609334,0.3453374866314853,0.2296278913927903,0.22682944273090166,0.34989055873995883,0.6898403196433456,0.2700151589297965,0.22365409300971933,0.2580582451036369,0.3909470778236697
2022-04-07,0.29785133761964305,0.34403209359570586,0.219846153244055,0.2200389346144871,0.3184375712305183,0.6689567824226779,0.25956964219423223,0.22047214771042536,0.25529366332747244,0.3899011973842739
2022-04-08,0.2986488574772183,0.33040152395382993,0.17370539176019603,0.19113395452614557,0.32053708172594964,0.6804414977718029,0.2295940306720443,0.21217151805925566,0.23145849467942617,0.38728566431026057
2022-04-11,0.30852026525824794,0.33803922799371483,0.17635234803914954,0.18855135344695856,0.3399861472267322,0.6957010031190035,0.22537412248134164,0.21833952336346943,0.23861882643519836,0.4027061569598435
2022-04-12,0.30803265798248863,0.3253175668333276,0.17548023174589075,0.19023864006981867,0.3395372954198226,0.6897682123632443,0.21962865077592966,0.21365421315246988,0.24064326043294357,0.40573957076037004
2022-04-13,0.30593477636171273,0.31839263587700534,0.17330245339608624,0.18948949074002977,0.34053054165906493,0.6900615354889317,0.2196086875926353,0.20960303603142988,0.23644052913934252,0.4049057677904288
2022-04-14,0.3187576819794244,0.3172648309515577,0.1707390175087695,0.18965941485263832,0.3467857053225399,0.6980300009016032,0.2203729679880848,0.21243079869275386,0.2374628394089293,0.40561741099879894
2022-04-18,0.3139920588063222,0.31660500431140043,0.17553361705997497,0.1921226863120298,0.3422966854467485,0.6963844048689822,0.22208057596931027,0.21090736362170728,0.22890620936011366,0.39253938447586095
2022-04-19,0.3076388214697568,0.3147220403540717,0.19020169143939608,0.17811112480630836,0.32748167976492365,0.6675607208530001,0.22099071905243087,0.19516603818869194,0.21532423196106526,0.3801207931360669
2022-04-20,0.30511111088702547,0.2765262404670506,0.17803166967990716,0.1289836757234367,0.32559265129779313,0.6746828678131334,0.19590003399226852,0.1931978986309731,0.1967087863350093,0.3795766130580983
2022-04-21,0.28932848618460777,0.29926997421161367,0.17880138659597739,0.1289595966091467,0.3023438656259727,0.6645662355898025,0.1940635025648,0.18505601009501757,0.19544226661819789,0.3406886008126563
2022-04-22,0.28986868579686936,0.2939934174140004,0.1825114818136704,0.12353729316194738,0.30880275422065656,0.6692652108331787,0.17733143722157432,0.20212166582908014,0.21733823731285357,0.3358039406547854
2022-04-25,0.28058931171716617,0.2993558354679153,0.19307970676358202,0.12435555485975616,0.3124816216018961,0.669830729523914,0.17132916195310427,0.19891833064116693,0.21178588127423928,0.3496244151792465
2022-04-26,0.2915863221818061,0.2923238292657638,0.1926266354274516,0.12790436497446087,0.32906171982711024,0.6813606714693465,0.18026773975411214,0.21581010376134457,0.2204820634213333,0.3335286587857772
2022-04-27,0.27914434549475975,0.2533049653939521,0.185036909570951,0.12065815904120294,0.3397273972232052,0.6385720926984652,0.15235241244162534,0.20585021269745143,0.21329169870849876,0.2958022281076818
2022-04-28,0.2968464396019051,0.27346214780899875,0.1832142516004886,0.120710619307463,0.3381257405578668,0.6468041259130385,0.16548805449102938,0.20897603035326237,0.22064775548294302,0.3050930411836344
2022-04-29,0.3156169874098796,0.2846634954566664,0.18719492038652022,0.14270410485852636,0.35864168876923214,0.6644958709318101,0.175981606877645,0.23046157915887597,0.2340756354261885,0.3070474360721656
2022-05-02,0.30919126608232966,0.2896880851970314,0.18666684753686302,0.1545905331450475,0.36274566495040506,0.6507324573070465,0.1818282213102388,0.22847517297386516,0.23791252544852412,0.30794847262609065
2022-05-03,0.3094997325417783,0.28923778360786606,0.18624229130276349,0.15494849715318268,0.3633951749059883,0.6491731928884834,0.1873399026594021,0.22927003963104228,0.23784203699504503,0.2867950644441191
2022-05-04,0.3269339114321555,0.30321487045495016,0.18782674323309612,0.17697822413957248,0.3707038128685255,0.6632271383122513,0.18724551161452185,0.2449593742828006,0.24215826794379386,0.30554929666737995
2022-05-05,0.36289914824916253,0.30275487386694117,0.19629548021203277,0.1776428797715747,0.3886582908800705,0.6861316987088527,0.19451658651431866,0.26234507484200914,0.2531212237219726,0.30831622986697016
2022-05-06,0.35574242516045107,0.31224150950658214,0.19594688854572412,0.17633046713984524,0.3855060707600369,0.6058980636428476,0.19622400961891764,0.2573484880566231,0.24742615614028876,0.3103819905862487
2022-05-09,0.3655552137301215,0.3648919264613407,0.19460146549223023,0.17544068691397396,0.3977195840202489,0.648262437367404,0.19406210018248699,0.26958450831419567,0.25833543532821124,0.3862180133606667
2022-05-10,0.36940603439858755,0.36320538531620117,0.19406284418682826,0.17767236114555235,0.395221340121035,0.6592960437090136,0.1939843377335191,0.268200216836511,0.25867082113284506,0.37730591336315467
2022-05-11,0.3876967152325199,0.3643197204773426,0.19468125414066995,0.1777952252125552,0.3992304299055304,0.6627418844007044,0.1961075309925579,0.2654380123745652,0.2585772454835029,0.38099526474251916
2022-05-12,0.3922637762594093,0.36479766989664525,0.19443561972094586,0.17787680823331517,0.40123684070882576,0.6616155890310007,0.1954612043924452,0.2656957784881534,0.2533513770136809,0.37840154085917405
2022-05-13,0.4065631967624117,0.365547355664605,0.19132813156652953,0.18430241182615184,0.40843796464272225,0.7364716363240776,0.19557813818406988,0.2766055810797684,0.2516541506485399,0.3837933008474386
2022-05-16,0.40670046628516837,0.37484261875526975,0.19175806383254482,0.1808410708721665,0.4080834252178165,0.7369191952836431,0.19276753273442768,0.27590055359018095,0.25240597849742324,0.3882639389971977
2022-05-17,0.4078132259965984,0.3749936870569664,0.18985389837453281,0.18015018964159957,0.40933113186290127,0.7541018833517756,0.19193731237075945,0.2827518455081033,0.25326069425220304,0.389024759546282
2022-05-18,0.4322266886210864,0.38337633415212735,0.19676755054262937,0.274389789336933,0.4252723293595948,0.7627699590182503,0.2639533466321707,0.30123006943691066,0.27592690640971956,0.39244100470901827
2022-05-19,0.434043072721257,0.3835109036629526,0.1815897454728055,0.27787541421830797,0.4154607665668204,0.7531110157595784,0.26632355459128443,0.3008245837317625,0.26674075566218336,0.3918503184439021
2022-05-20,0.43403305319968005,0.38184923219060757,0.18966674643110729,0.282021750380614,0.41415579949189196,0.7542245325060554,0.2622578065953353,0.29986762593835764,0.26939546191311137,0.3900901796752057
2022-05-23,0.4546521708454941,0.3846051481237419,0.19931153644250987,0.2962916226294796,0.4270688482917643,0.7501826836222624,0.2714594023980908,0.30732687112333573,0.2672121195172308,0.3905201455681758
2022-05-24,0.4525790502431864,0.3763675933902567,0.19830308169809027,0.30125646736623624,0.41359286473504203,0.7465924740669803,0.27800637895568225,0.30498912516142795,0.26776703204170227,0.37383571959763123
2022-05-25,0.4502630256081287,0.37452874037670403,0.200578292468856,0.29929952506294333,0.4146877741516645,0.7657077277414396,0.2810193134128654,0.30707337780324273,0.26759989871742546,0.3735603480940182
2022-05-26,0.453570468859393,0.37251680611318855,0.20024248628473107,0.2993876696682003,0.41204484480375764,0.7761413225176909,0.2825465142753271,0.31154265568998635,0.2682520765862186,0.37245806704196016
2022-05-27,0.46614373442524054,0.37319484158979327,0.20147770490542666,0.2996041241333521,0.4138381224739935,0.78695069428053,0.2870001602710044,0.31992088020759385,0.2703361822438078,0.3721611559593846
2022-05-31,0.4661759051480226,0.3768727903907138,0.19963117420767662,0.3042130206754065,0.41395795193819673,0.7826641688002558,0.28631181458155697,0.3200742192352363,0.2757325657921312,0.3765780049254539
2022-06-01,0.46341676605722026,0.3757764235418836,0.18063964149540462,0.3029287849078077,0.41066096681158615,0.7806929138915426,0.28441458078533766,0.315973428160391,0.2749364214576634,0.3774454467553708
2022-06-02,0.4671045767691216,0.3758010580676497,0.18009994291352727,0.301729536453838,0.41127465936034485,0.805323025761719,0.2737686813629209,0.3221120258637608,0.26957352046240624,0.37780706502528316
2022-06-03,0.4784172095368874,0.348497004696076,0.18025002671602533,0.3030112478081345,0.41027453319386814,0.7965026801942597,0.2741701865508713,0.3226523158288406,0.2687736398871776,0.3763299298029527
2022-06-06,0.47368600625844465,0.3411094197603704,0.1782649437048741,0.30049511724482125,0.4045336347498945,0.790845942166404,0.27378207325342324,0.3137060686926458,0.2580837739454391,0.36846662651850215
2022-06-07,0.4766388267220445,0.33533958610258335,0.16536520568564453,0.29925485747458974,0.40010263556006115,0.7889509682802417,0.2750396284680423,0.31460608176379096,0.2611923981488056,0.3668424786021565
2022-06-08,0.46521143106881924,0.3336878452282112,0.16502057898137876,0.2973192386388305,0.38534696312446926,0.7725851176705607,0.27337902403626124,0.3047587194399598,0.2559465782383608,0.3662035935547044
2022-06-09,0.4758300276562355,0.3411181744973021,0.17009180656084016,0.29979135856271893,0.36224692052540275,0.7762780853562666,0.2768033778913544,0.31212267701665103,0.2567328961216752,0.3713097428366727
2022-06-10,0.46456581227960786,0.33153503957563973,0.16868892694908008,0.2980762825763391,0.3748214102909422,0.7625337919707407,0.2628149340481748,0.3119163446985137,0.24896609571306608,0.3714954225212813
2022-06-13,0.46557055534965713,0.3469045171772697,0.16491773956130099,0.2909928496599201,0.37534932708224567,0.7743010527365024,0.2681042617502497,0.31288925984822813,0.24949882810775545,0.3924094192249671
2022-06-14,0.46642224353423956,0.34316829334293253,0.16795102508843898,0.2967883012622812,0.3673597059998737,0.7566742775108943,0.27779012430647376,0.3117341588811156,0.25058594284419605,0.3914987112093461
2022-06-15,0.47031411922371924,0.34569532756118276,0.17177284218079136,0.29775859931640514,0.3802812268167186,0.7698124654369037,0.27703126984092774,0.3150870910192071,0.25170023614032844,0.3912279337301657
2022-06-16,0.45979398005156685,0.3673782844368866,0.16807075068247787,0.2823561277185638,0.3733107204925793,0.7732441813005054,0.2765576037717251,0.31039205743369486,0.2478003223431444,0.39181946282364144
2022-06-17,0.439564718657869,0.38838425929880444,0.15991340767752923,0.2830567416032852,0.3578234535669115,0.7508116643364643,0.273848716514662,0.29714683679242876,0.239478133243489,0.4246025648124518
2022-06-21,0.4524982926521316,0.4008455014254643,0.17218531050417352,0.29087656578955895,0.36635816879963845,0.7632925007484264,0.2893911992327945,0.30864215891338065,0.3036260950077873,0.46044163959125056
2022-06-22,0.44423099233829555,0.3728437697153833,0.1777349989917288,0.2920804506699735,0.3513512895622047,0.7154986744968832,0.29508468932074733,0.29590093121451316,0.2993745058170832,0.41312913816626295
2022-06-23,0.44660086415283434,0.38444088478899463,0.18906590199818538,0.2935908513427486,0.3535139707949124,0.7065194874382222,0.3084994392632323,0.29758367900518656,0.30497236221700624,0.42317382640902157
2022-06-24,0.4289806625475732,0.38514098105292977,0.19227676082426018,0.29862474297809516,0.3541264059440695,0.7068467508609357,0.3103410630688395,0.3093893080316097,0.30588700336009095,0.42277761188324237
2022-06-27,0.4217662474046146,0.3890457685543786,0.1906958575675936,0.29849526151097805,0.3502497414120516,0.7032945816063624,0.31075080897921864,0.30958309446071425,0.30690744627851213,0.42826978602527555
2022-06-28,0.41926830540008353,0.3875936064374458,0.20828429889968678,0.2940452529707217,0.35720349284437886,0.6637323000134837,0.31115529953486926,0.30649591190627745,0.3051050258604926,0.4272028330558021
2022-06-29,0.42059478563670644,0.3767467907972916,0.20733120231374255,0.2947583542559882,0.3598269236054906,0.6645268456631017,0.3109246951327337,0.3064020698864529,0.30677279783951616,0.43576241935520293
2022-06-30,0.41557729765047446,0.37641721875767925,0.20715375142881287,0.29496281728603535,0.3565968558323946,0.6459658495519075,0.3135175203718004,0.2997689918352943,0.3069291169664945,0.4408905217184339
2022-07-01,0.38606549854705,0.3743994763063183,0.2018574159493548,0.2210335376274108,0.33189567922585994,0.6279926128584926,0.260911959845997,0.2793072529890976,0.2764676592680357,0.4443668301058589
2022-07-05,0.38269815592667433,0.379735446910123,0.20137276176552366,0.21900041375306825,0.33327981549018804,0.6345834849539507,0.2532527875055691,0.2789006295999578,0.28470904732768304,0.4525836699439789
2022-07-06,0.3834571251403217,0.37907083102788025,0.19528765341810458,0.21481083846891233,0.3346623235263541,0.6326431312526181,0.25444798445053723,0.2791032689799864,0.28698000974738763,0.4538941248144462
2022-07-07,0.37204450443047327,0.3767285813183164,0.18600519228609197,0.19770878781896295,0.3229902023633706,0.6482612984882207,0.24585405030162083,0.2771014958524444,0.28533310638189685,0.4594600473042841
2022-07-08,0.3671702767533675,0.37527849750927184,0.18305377722448105,0.19044721077484061,0.3228438086139289,0.635490803738188,0.240945506056568,0.2762542764972921,0.28463241955146107,0.45901876778911105
2022-07-11,0.3703007808794944,0.36943768306203356,0.18092633734543379,0.1906229237465245,0.3235440255159172,0.6287627230096142,0.2370387882810866,0.27676535897870325,0.2849832234806474,0.4539284618072493
2022-07-12,0.36488159209130105,0.36855497231021084,0.1853249928097559,0.19059971290339936,0.34266496505403554,0.607063393152338,0.23706998436933624,0.2704697365634964,0.2848153136239173,0.45428371898676523
2022-07-13,0.34463142429761656,0.36492803930915374,0.18307580177784236,0.18994385208853556,0.33151771181060363,0.5821238747850482,0.23340658618890203,0.2587898706199313,0.29376885819523896,0.4530499511891541
2022-07-14,0.3497028937139586,0.3637029281547216,0.18174526041110517,0.18121350797248004,0.33217016235834074,0.5850499686309183,0.233028214433018,0.2586520647168071,0.28746379754398527,0.45404310227482453
2022-07-15,0.35120898195984085,0.3651001135855018,0.1845951971793186,0.18135518270100462,0.3339400708771931,0.5904882069507209,0.22888202395488755,0.2656226398161612,0.32533042116998595,0.45304309430536593
2022-07-18,0.35292501501076023,0.3702647034253312,0.19573622988986697,0.18269585876539302,0.3333883866564656,0.5536601704570391,0.22911145441530475,0.2587283309033735,0.33162684232009826,0.45785289485903047
2022-07-19,0.3426149853607144,0.3885010532406743,0.19973221915641678,0.1846041876107399,0.33707263388335845,0.5686117020906875,0.22837600634759417,0.26911138203251944,0.33586613445708235,0.46258194881704484
2022-07-20,0.3442367478115765,0.3926686603318562,0.2002156976430048,0.19070633730946024,0.33855369226825655,0.5870525280334278,0.2334356308445161,0.2697432635033555,0.34609869382191555,0.46446765743215335
2022-07-21,0.343316531128854,0.38545139647853044,0.19746997374162722,0.1897763172216086,0.33721410682478725,0.5881110133122277,0.2307664002707502,0.26995262864528485,0.34445850759603486,0.442179161734925
2022-07-22,0.3439535158649903,0.3837808446284341,0.1976948055343361,0.18959159330948364,0.339921512500954,0.5980806169755934,0.23332424285242703,0.2694904271640408,0.34358522986334483,0.4393135437261125
2022-07-25,0.32637960912293174,0.3963673511739147,0.18921153728691148,0.18474093473642894,0.33510863566102367,0.5929801526004622,0.22781345777111286,0.26076385515552297,0.3441880733245599,0.4507326893164532
2022-07-26,0.3044074146925004,0.39597659565509224,0.18930042141960732,0.18912420250402998,0.3183487091380355,0.5731349672475736,0.22744514509275338,0.24877209926838204,0.3420546909002132,0.44866637517048547
2022-07-27,0.2900718602053443,0.38019369298881484,0.18699050608676507,0.189439261025475,0.3478414389911735,0.5651270939010807,0.21299596184927672,0.23160379245144055,0.32630547044411107,0.43560669639137545
2022-07-28,0.2901435319730643,0.3813160648196167,0.18134750996155746,0.17401104538071355,0.3549453913965263,0.5650076891168473,0.192174421363136,0.23277869539351384,0.3205667421682618,0.43708037469349625
2022-07-29,0.29779043235682984,0.4623589328857624,0.179132266877301,0.17344147689390357,0.3484807299587499,0.553230944657796,0.26791450616094586,0.2329161633125879,0.32078356879053854,0.45625208975807474
2022-08-01,0.2671586405893009,0.43807368605712566,0.17959137789686772,0.16947754199108203,0.3386646967080373,0.524133660677273,0.2787767123290502,0.20728071674240328,0.3200546995915037,0.4490351438165782
2022-08-02,0.27113253521228126,0.4160561604220171,0.18012945393017882,0.17587728110252843,0.34115043989739985,0.522953957915928,0.27861083972148853,0.2095055405705619,0.3175950479624823,0.4131477846749689
2022-08-03,0.276137837729305,0.4056762429399641,0.1719051171429789,0.16655469339094445,0.3430022422866159,0.5126610125404155,0.27161883100672446,0.20274861926459095,0.26886094512406344,0.38594615221576606
2022-08-04,0.27555228566829737,0.3928775866442601,0.1718385657112871,0.16645864636574273,0.3424969696582774,0.5111206660438783,0.26889529961329295,0.20252060242846784,0.26905834819143,0.3882477776316751
2022-08-05,0.2729758055478994,0.3784196276904617,0.1575487032302077,0.16423424427488614,0.33836659165456084,0.5120639501834316,0.2576834869604387,0.20212662781922053,0.2637893397401064,0.3795295647867711
2022-08-08,0.2684910119852394,0.3763688517547515,0.1501440103662848,0.15643315006761446,0.32701457817536694,0.526946653311799,0.25467183940404337,0.18309773169935403,0.2618132036710192,0.3757909046292878
2022-08-09,0.2684408851820785,0.3743116210147613,0.15022433108561392,0.1563477080603271,0.3252603164694445,0.5385485969588157,0.25365691393559053,0.18313983356622993,0.2565560055476706,0.3728968933337324
2022-08-10,0.2535381190009562,0.37194099521916796,0.12857106369928026,0.1555911593887822,0.3146293035981368,0.539360385041709,0.24960225150895174,0.1784228616262892,0.25638195139093245,0.3651283719619997
2022-08-11,0.2550553196540756,0.3719886444337911,0.14033369721007696,0.15582836765132596,0.31472448925629354,0.5322640644926548,0.2497885967611755,0.17827344659555702,0.2555689700440249,0.35665650831136286
2022-08-12,0.24754179501828888,0.3681165265403237,0.14199402315705692,0.1570996635029317,0.31302625117302707,0.5351065865398227,0.2493047738979,0.17902078889717832,0.26092811644008307,0.34500267327364437
2022-08-15,0.24631396298085625,0.3728934763080259,0.13772710128006288,0.1461486507828715,0.31248199011647615,0.5145974087212326,0.24776405974057672,0.17799949912841295,0.2604417769174635,0.34578759801336173
2022-08-16,0.24505132214755196,0.3631810224848429,0.14071813778580203,0.13848682679851398,0.31207081426695416,0.5131402467757392,0.2468228613987668,0.17799242051803366,0.24911142455695037,0.3328433678332417
2022-08-17,0.24498321127412992,0.360019554486091,0.14058905278420802,0.13876018151325553,0.3114034943025045,0.5241562099068774,0.24629443327877215,0.1808735329907118,0.24402964377574932,0.32701748930851765
2022-08-18,0.2408019327068909,0.3593434510909861,0.1404896558003646,0.13682130744625845,0.3117162693195926,0.5121879348406446,0.2463610023160029,0.1776564045077997,0.24382091916423818,0.32168237716643383
2022-08-19,0.24842846616365016,0.360155296072856,0.14932505272314062,0.13674268545553472,0.31509427975691306,0.5364944269387611,0.2452715189250328,0.1838201290017587,0.24336490132419916,0.3222460557179286
2022-08-22,0.25529639448960345,0.35915543497350344,0.14928333153306103,0.14394068155787978,0.32594429229169153,0.5383538350927588,0.2449470753874264,0.1919864853786567,0.2442564285588416,0.32148083170606884
2022-08-23,0.25604470892873654,0.3618869057761419,0.14627354270215656,0.14316224614348944,0.3004317227164531,0.5377802677046765,0.25043408393148725,0.1895705040466972,0.2490596545729518,0.3362158663005108
2022-08-24,0.25528194625865036,0.3599992162898722,0.14634190907382333,0.1422100526376396,0.30018242554373864,0.5378267805567092,0.2502138759350002,0.18805769396496133,0.23546136985600416,0.3361887453761036
2022-08-25,0.2528265834180924,0.3544883907767616,0.14957779917547767,0.14200924953851818,0.30100600542813727,0.5469964464763122,0.2500446622790176,0.19000819310791772,0.23637260104059282,0.32733438481870375
2022-08-26,0.2800807208365009,0.35643351681620095,0.14842632772003475,0.1594698955013402,0.3236656094006174,0.6125543853608051,0.2594076075492477,0.21295086882672362,0.19092049754210208,0.33014475014006095
2022-08-29,0.2756575634862175,0.3557011958873728,0.1368819073388933,0.15515392910657236,0.3239981755541638,0.6155772648143722,0.25727534421789167,0.21232889080122427,0.18162129460574944,0.331957333412452
2022-08-30,0.27149641835647625,0.3545338278293648,0.13167365693559782,0.15211994316570987,0.3201012891625079,0.5955103152060371,0.25859412503574514,0.20146380160675095,0.16770499158455254,0.3496156449598483
2022-08-31,0.271535469862103,0.35803323044354163,0.13197769954864522,0.14566607819472055,0.31921978716182886,0.5789238844695445,0.2578859525266575,0.20204436322833186,0.15048920923609888,0.3502589993958689
2022-09-01,0.2685310373147622,0.3609875432953736,0.15205679903331484,0.14605709043024065,0.3181125089596135,0.6120657418472585,0.2605409220822806,0.20001461956190533,0.15184470405993672,0.35090751238785495
2022-09-02,0.27057171849458284,0.3610342250934435,0.15693816202396266,0.15123809106844355,0.31800028720746815,0.6055665146675421,0.2607545886330668,0.20055135537620064,0.15766757308073248,0.35225641432327404
2022-09-06,0.2707907196020817,0.3530275438133399,0.15709621390485962,0.14830455557755537,0.31911921522428915,0.6051394988200448,0.26112891283633444,0.20077428739380232,0.15076516008486668,0.3419464532155906
2022-09-07,0.2704328086897749,0.3545739884679857,0.1563900696094404,0.15045918818306445,0.31391233931023194,0.6060006745555644,0.2655479789539436,0.20448077938877382,0.15215564042587035,0.34294440654998115
2022-09-08,0.25309785194177,0.35320991188046913,0.1588254269090979,0.1504414696001326,0.24435032561054093,0.5606130003539797,0.263676969818322,0.1908902412068232,0.15492901799894165,0.3384971848042686
2022-09-09,0.25894414888308465,0.35959054135164864,0.15773288690013554,0.14197448024975903,0.23895657955645072,0.5677988096708554,0.26287143272493657,0.19278479055123576,0.14985033295202593,0.3401060656785534
2022-09-12,0.2656422152540701,0.25368116834117893,0.15746648688092366,0.1422009661653476,0.23533427932084502,0.567373152819361,0.19284027497974365,0.19059416329865644,0.15521058863223847,0.31462615490782975
2022-09-13,0.31574605345890294,0.25304009273427197,0.17277427642636514,0.16780761956189064,0.281111099733178,0.6174820008548186,0.1831427293762127,0.22846251004314386,0.17767019775727985,0.31329435939300065
2022-09-14,0.31636859118044264,0.2609018247669095,0.18462561133627917,0.16545307275172766,0.28017487161102445,0.6166122587083891,0.18261636259557049,0.22838290563251865,0.17875032577140076,0.32027665983221393
2022-09-15,0.2979848381632023,0.25548322179079747,0.1820777761810676,0.16809685243063455,0.27343270361238137,0.6098901300907095,0.17193191872186453,0.22463201128494076,0.19299038791930448,0.31730578043364105
2022-09-16,0.2989404544582949,0.25433236187895003,0.1830772113538754,0.16812491932260298,0.2722737278456036,0.611532869229187,0.17341683064480776,0.2252014238294432,0.18991550978152588,0.2946754648145403
2022-09-19,0.30979811782480227,0.25039938265800665,0.18406319420790337,0.1701389690151723,0.2724324423599924,0.6160303024359214,0.17332905654558506,0.22702481085932347,0.19038143925371942,0.292652098906775
2022-09-20,0.3140143549752355,0.25072330521438324,0.18477359486904957,0.16949457562580794,0.2723404207596594,0.596146975360486,0.1726734127038978,0.22872217574006012,0.19011659309376008,0.29398267941547607
2022-09-21,0.3186368028390971,0.24942317581225407,0.18679175685509716,0.17048314110666835,0.27145848609253603,0.5906300859016534,0.17564654471340682,0.23293453091564745,0.19845820333716346,0.29402034389588777
2022-09-22,0.3072436397443877,0.24934539658635174,0.19436501560048147,0.1671427439254116,0.26009575967607923,0.5692008961015351,0.17307612710563525,0.22236312713962425,0.2013688575120805,0.2931035807097946
2022-09-23,0.3091635556973142,0.3035006989172177,0.1850210159469821,0.16868230166340725,0.2608214721399983,0.5696031493766778,0.1726282758421883,0.22528465094900685,0.2008739748555646,0.3186362193291057
2022-09-26,0.30055992719362634,0.31073097543795813,0.1829770613203812,0.16854648010185047,0.25187652130373384,0.5468309479217717,0.16919582239942038,0.21671007333359796,0.1919297700174016,0.3209571925501472
2022-09-27,0.30063172831297297,0.3074925750764929,0.18302845639213428,0.17448089870447667,0.24941209988330654,0.5458219464076596,0.17748584164042203,0.21511072560608852,0.19170016709255933,0.32559855480778505
2022-09-28,0.30143541548780306,0.32547874340748106,0.1829036677490177,0.17611143585304562,0.2609394079119998,0.5576066536843328,0.17354074706439898,0.22613935573917998,0.19496616212784998,0.3434453612238928
2022-09-29,0.32488258398191444,0.3243629098997097,0.18568403843798856,0.17625018020460437,0.2618595006010144,0.5616146907026437,0.18359828914013324,0.23089717092951234,0.19637525481085852,0.34243676314882204
2022-09-30,0.33161402122832806,0.31911706187640343,0.1862812494328115,0.17457085066958852,0.2642786198637821,0.5511588151762072,0.18625979864605458,0.23146446867726514,0.19682074324925705,0.3366133182569152
2022-10-03,0.34863072434151526,0.3618510560913924,0.18029107972122876,0.180332973983256,0.2885928862068302,0.5552246452956766,0.19787080957346434,0.2481819728753115,0.20675134555243554,0.37262366823222454
2022-10-04,0.3563328604097271,0.3795868324663535,0.18577012320444117,0.17848108915098443,0.30117217255716244,0.5746156851467925,0.20411833041170832,0.26341255361657506,0.2117225359867603,0.3877024142768449
2022-10-05,0.35675649834718853,0.36771962973878036,0.1842726180647295,0.17861035502473785,0.3014596971483618,0.5734723560640771,0.1994287133031435,0.26341355374914094,0.20823938976538628,0.3858440287794608
2022-10-06,0.3563661314001271,0.37105417006284286,0.19238313252321199,0.18468256692202556,0.302010469137278,0.5726593669003592,0.20540170127509777,0.263692914542202,0.21247053210537503,0.3946884033017109
2022-10-07,0.36332316946979976,0.3708652526030869,0.1920159293777542,0.18277890550603235,0.32819291865538713,0.5901579219375722,0.2083531654075108,0.267857757034213,0.22349971713870262,0.3959166533008959
2022-10-10,0.35148135026931904,0.3738262991411243,0.18620200146602392,0.17407625648589659,0.31671257379403733,0.5437949948969432,0.2010862835718954,0.25332727564663043,0.21690666053587707,0.39955538767467297
2022-10-11,0.3508706232786253,0.37298240066292326,0.19001806167629215,0.17496822644440663,0.318144241237051,0.5412140238877682,0.20254216487255408,0.2533004927207921,0.2170248945199095,0.39463821690626044
2022-10-12,0.3494356998824891,0.3666450131481204,0.18972942624486244,0.18067501598418118,0.3185653756355027,0.5401663891656389,0.20231413044180893,0.2523521186599227,0.21439987102861488,0.37829534247655944
2022-10-13,0.3657003148836056,0.3896661524722393,0.19341211101754943,0.18684153777677545,0.3414962129095161,0.5565276405631161,0.20619300238724145,0.2662990432730441,0.22228919695289362,0.3898425599771173
2022-10-14,0.374592955108549,0.3980419726164966,0.18000979035667805,0.18900840385935647,0.3467896727191607,0.5414189701441336,0.2019558208528704,0.27224737278576633,0.22143877930912576,0.3943435016353783
2022-10-17,0.3855106575667256,0.39640305513741986,0.17757175406205541,0.19245999495267363,0.3664933006285683,0.5716528745466452,0.20674334996728547,0.28371256733963335,0.22292269285741417,0.3931107341710758
2022-10-18,0.38670425638978634,0.3966406798181112,0.17791225778625486,0.19798359803024532,0.3659738262268627,0.5717319387239809,0.20717722637905092,0.28639537718065355,0.2228407793157586,0.39224693866238225
2022-10-19,0.38531508244135043,0.40410679815770306,0.17899531292535834,0.188523170907455,0.36101503597371426,0.5687934464681549,0.2037067207102665,0.28080782706838214,0.2220640449694532,0.3986593001222861
2022-10-20,0.3847206327185413,0.40412337818480726,0.17760213247877962,0.19194501093067162,0.3608052678066636,0.5662897924750501,0.20587736033842366,0.2800764838614882,0.21960752519761947,0.398463316870778
2022-10-21,0.3893346801503467,0.4037654498773106,0.18848123588584428,0.1993529603794394,0.3622919283366441,0.563545694367793,0.2039985586617923,0.286137692875397,0.23093444092802215,0.3990295886702906
2022-10-24,0.3736949983195573,0.4020082385302557,0.19204254807605617,0.21939920993453707,0.36757922389552433,0.5640603990991325,0.20317118547008742,0.28676683577227857,0.23171392098304422,0.398446810588257
2022-10-25,0.33894237734466204,0.3973889274094433,0.17425854914251204,0.21305966930075967,0.33440439773386743,0.5179701124706492,0.19962534106410806,0.26361111172576196,0.20950800787321794,0.39166184712153207
2022-10-26,0.3422513730651918,0.39345781655674517,0.16641628467588665,0.21366658166641253,0.40228739867306706,0.5244639353609416,0.2008607715974443,0.26407412024332116,0.20762546955075112,0.3875335733596156
2022-10-27,0.3490453915790191,0.3892149089915569,0.16641112911103723,0.21011337159575516,0.3989341419052023,0.5261251954611413,0.20002273072224777,0.26255859836185785,0.19555107296661361,0.37512403674079814
2022-10-28,0.41282149770286664,0.37945391656686583,0.1661212915815855,0.21841547182333224,0.41754202139839797,0.542107593902962,0.21332164349394248,0.27091765384396777,0.20044174577182838,0.37604291208299934
2022-10-31,0.40932065228677794,0.3794026754039409,0.16497144040922368,0.22206243289200467,0.41978867825260713,0.5462115629549676,0.21353234957059944,0.27088040847717243,0.20082729177595288,0.37590055590493965
2022-11-01,0.40964251672433194,0.3784877253509695,0.16376751309940998,0.22225786679175785,0.4217816062362586,0.5440631708108348,0.21340899416582154,0.2690550800222139,0.20603036432897096,0.37360683499313113
2022-11-02,0.4194518105185881,0.3839423465126453,0.16763005520254762,0.2246380282633252,0.4315346459541131,0.548757871840975,0.2142245898916035,0.27427327710775207,0.1969878511186551,0.37616769594518834
2022-11-03,0.4356976213276715,0.3845468667494032,0.16038435893199005,0.22455025890823369,0.4358097449755982,0.5263515851517175,0.21469275680617772,0.2748278241345858,0.19539639792622485,0.37530497269384616
2022-11-04,0.43413095169926014,0.32083550314520015,0.16057197740037188,0.22332726393127678,0.4476609119230873,0.5470161263599335,0.2212119933841358,0.27328992459174284,0.19657994714031815,0.3288907919901613
2022-11-07,0.4343090596149946,0.30386987198067306,0.1606352988609181,0.22010666214272054,0.4567483242040482,0.540838647263702,0.22559963332623653,0.27243274483932284,0.19580609066046548,0.31648611366363993
2022-11-08,0.43393947233272095,0.30440018234030686,0.1598836691484704,0.20496179748958535,0.45688607124476993,0.5419966376845321,0.2093955752062314,0.27236805377522694,0.19887309152115917,0.31548990678291905
2022-11-09,0.44216469554542887,0.32714794225146515,0.1609799841647102,0.20823318195338603,0.455666472037982,0.5677260350023733,0.20966414056168992,0.2744170335857688,0.21028665998806959,0.3423897873935936
2022-11-10,0.4951679329797556,0.3262576563500444,0.15941450429267248,0.22965021819295028,0.5149055193512302,0.6828809528354894,0.21539899863980896,0.30898906442491736,0.20770708810164507,0.34197756467658086
2022-11-11,0.48842825126862727,0.3282678788461586,0.18274726791307436,0.22701764803856148,0.5130240284620308,0.6855800247147458,0.2052709510662246,0.30449768777943226,0.24083130944174574,0.34141456859049363
2022-11-14,0.4825715427956736,0.2969032993780992,0.18732964493281293,0.22857473316208496,0.5091695259175173,0.6838723463517375,0.20124371260990526,0.29876878904566867,0.238462761898722,0.31561658399881193
2022-11-15,0.4783066485492287,0.2812354447963769,0.18326062434747845,0.22887880340940853,0.499386123890376,0.673139444602944,0.20034735815589705,0.2871358671594396,0.24159973093280684,0.3034311966213282
2022-11-16,0.4791244149855071,0.288587387295372,0.18326419741731984,0.22650571279808268,0.49940489483035916,0.6910843758019223,0.19886646245858963,0.2882262769362064,0.24605998862397807,0.2896117767903634
2022-11-17,0.47977088619783337,0.28604024382491927,0.17278124905943315,0.2147121317417251,0.49863790753320836,0.6929650160684232,0.1872885000389359,0.286349217537847,0.24340971890976645,0.27994131664516514
2022-11-18,0.4657588043132292,0.28506635011029186,0.16872052466296458,0.21145832178229387,0.47498818413716437,0.6465987139739233,0.17729528044320195,0.2720108815021686,0.24280494937643576,0.2793553856337217
2022-11-21,0.4712383973221169,0.2801434604140154,0.16870650124493486,0.21316679513756437,0.4700519142775046,0.6356590336750226,0.17657705175113406,0.27088821327508383,0.2512659304030342,0.2719811050455812
2022-11-22,0.47103602979643966,0.2858697866032442,0.1654770687399543,0.21299679101850688,0.46734009741674637,0.6424303308016227,0.17673415846779575,0.270908772112524,0.2529603187745299,0.2782621227545094
2022-11-23,0.4705357089138151,0.28901592596401376,0.1652934350992953,0.21180051983070486,0.46775542654342334,0.6419214676551508,0.17632762961669401,0.2701322147407878,0.2549177136066357,0.27991805642189
2022-11-25,0.4661060519263715,0.25972544169520884,0.16135437140990447,0.21030230652289966,0.45657471574434966,0.6415722117456352,0.17438509605743224,0.2620069213685706,0.25228782457368576,0.2662776227710825
2022-11-28,0.46264084605610606,0.25740410806474495,0.16020568907618227,0.20210921880909433,0.4560309229963242,0.6152434546250808,0.16955010449328498,0.2567937258403165,0.25420520000611907,0.2701436267434477
2022-11-29,0.4598093059251215,0.25921570758711887,0.15962858123073656,0.2017493860186671,0.4428882548737737,0.6026576508343856,0.169490392707143,0.24837494409546443,0.25111204497244566,0.268424640130688
2022-11-30,0.48023047369595656,0.26003652113614517,0.16066232859204313,0.2093910643067068,0.4766388803492116,0.638085100472438,0.17948625357982645,0.2609702273429436,0.2729578962846033,0.2685791132341736
2022-12-01,0.4802272814452514,0.24708585510031852,0.15756037242010001,0.20590935462483437,0.47565902347777106,0.637882776341323,0.1795839648836523,0.25942586927440164,0.2796681854685374,0.25803903014009716
2022-12-02,0.4802363809354555,0.24903221309772308,0.15768694837907649,0.19684355595060402,0.4755067614814693,0.6429120026982327,0.17166679105077445,0.2573913466927694,0.27967140994845663,0.26001197175030544
2022-12-05,0.47473781571395207,0.25192906512792684,0.14742253890157284,0.20183797892652064,0.47483210778862267,0.6468902697529497,0.17637225614105842,0.2571866143206197,0.2707845321613562,0.26891953794172097
2022-12-06,0.4783609304972966,0.2636332449324426,0.1515317939734273,0.1886727360533267,0.4752002957185078,0.6616139756605949,0.1766633047198867,0.2598317859691326,0.2683578126048214,0.28051726615271755
2022-12-07,0.4757452127993633,0.2620041187553535,0.15191677889279034,0.17849554085596114,0.4735298798567529,0.6484837664123021,0.1756051997959407,0.25625645021968246,0.26889387428230604,0.27993755139014737
2022-12-08,0.4744875754955579,0.26000943553516087,0.15036937642143142,0.1780080190426017,0.41475408341521547,0.660676054406175,0.17562425721963223,0.25576782263267084,0.26972955923760705,0.27854186068988773
2022-12-09,0.46632463849799544,0.2751553550536989,0.1528432186080906,0.18207219511988101,0.4106125800751933,0.662294640884973,0.17655839433838497,0.2563253759747722,0.2738097393416469,0.2791742836875482
2022-12-12,0.4111220476711782,0.2746483935806608,0.15075706188517565,0.17669609826984348,0.4029407359703535,0.6545588256404105,0.16626650218307823,0.2505440220799863,0.27140334042383213,0.27509937136606855
2022-12-13,0.40991939917079895,0.2826471340512729,0.15093785418502204,0.16932384216778942,0.40119501250968403,0.6497843897095984,0.16534202744534152,0.25001374581077207,0.2734332893039027,0.2772270193705722
2022-12-14,0.40927271727611814,0.2820336918216531,0.14982082312031694,0.16854135783799665,0.39641581010158156,0.6563655203639412,0.16516198458640993,0.25049033047023544,0.2704990483284219,0.27600948336052017
2022-12-15,0.4174237501706424,0.27692133201391833,0.14732669003961854,0.16840145588467534,0.3935243619466886,0.6656723483526861,0.16237683753961865,0.24991366331849285,0.27574971246336333,0.2711304621796535
2022-12-16,0.4012858909744752,0.2750733634154709,0.15128445054994039,0.16991321495730108,0.3880599879631542,0.671619891611931,0.16108014077207367,0.25056532139181115,0.2764295734663738,0.26813162593995754
2022-12-19,0.4036938686829993,0.27291205124607104,0.15110473104793992,0.16907091894461496,0.38346280594482335,0.6608697232125432,0.15611587633063442,0.2489882067003319,0.2751090729145627,0.26618105442966533
2022-12-20,0.4034139233632959,0.27522336244652484,0.14932447418361205,0.16922150693915478,0.37549446437048956,0.6622700055833558,0.15248748528448025,0.2475507112816479,0.27260249766789196,0.2674469190490267
2022-12-21,0.40970293213804615,0.278100800684319,0.15205818375969013,0.17400669887306147,0.3762725385195575,0.6634460804996646,0.15339380248614928,0.2507818001451456,0.2722801294342489,0.2704284757534798
2022-12-22,0.4040772700007431,0.2567145747347632,0.15034113546384953,0.16950616183932374,0.3799552686160068,0.6757007509388671,0.1524134025675541,0.24675874704521453,0.2648477885368821,0.24431245001783308
2022-12-23,0.30257730609431627,0.26683514787033513,0.14704570065761793,0.13846141682097368,0.2949488730213346,0.5327721601717014,0.12135686485912,0.18697843243815668,0.2652366209555912,0.25290957035005385
2022-12-27,0.29617054992302205,0.25567682246275514,0.11473579047080526,0.13812176038376722,0.29094616942798385,0.558460902959656,0.12195073473979666,0.1845027502230773,0.23652575065247872,0.23881750760925546
2022-12-28,0.30548789879319643,0.25877526861664246,0.10815537936485704,0.1383736988037638,0.28524396216455333,0.5584419197525755,0.13017504606390312,0.1861862570069997,0.23228589886914103,0.24278944329343427
2022-12-29,0.31699410295672303,0.2586305177233192,0.10866450870989515,0.1384892108923897,0.2968299051135121,0.5681357928898834,0.128985404447631,0.19248145316264176,0.2226897045556254,0.24305180212920044
2022-12-30,0.31745665793307704,0.2556584253771256,0.10911041810062307,0.13970533284907283,0.2971409838054024,0.5543539418383127,0.13051024404527317,0.19154214701279013,0.218124725711395,0.24357332910267646
2023-01-03,0.3270504465437128,0.26974692903579583,0.10949806911974935,0.14411427999413343,0.2971524401070877,0.5557397749482801,0.12825706930943107,0.19168416439684766,0.2273231038899997,0.26227982054564497
2023-01-04,0.32928751890823815,0.2707185306761955,0.11161519462886836,0.14322492196004416,0.32295260918310853,0.5618212845231109,0.12515422438583423,0.19269171578506533,0.22489001946201703,0.2618126479912434
2023-01-05,0.3261891447039315,0.27568016670723205,0.11343999495383124,0.14129082205028612,0.3326240320690207,0.5692867942174751,0.12801446070039021,0.19498240843990958,0.22933417546468524,0.26938071967029137
2023-01-06,0.3438509352909639,0.26527368910331833,0.11490214114451038,0.15126299334093912,0.33242218103367516,0.5654445273279337,0.14227378823103562,0.2028960903883705,0.22607870994016313,0.25761826695584916
2023-01-09,0.34339998997770965,0.2650379545748245,0.13829952632823633,0.15561998427384946,0.33219912790974465,0.5794613898915927,0.14748127741049255,0.20178991923401543,0.2219103909196114,0.2624665708604765
2023-01-10,0.34142305402561934,0.2656548014766118,0.13835779571799015,0.1572878458467373,0.3334815108227614,0.5805012108326505,0.1476171725676711,0.20311668730554483,0.2162895039320811,0.26659450155335346
2023-01-11,0.3421013893067957,0.25258290889654095,0.13837815967023684,0.15738424772439452,0.3404317510161513,0.5749512600049593,0.14996956227508504,0.2014267070842157,0.2216696151029201,0.25393272020409774
2023-01-12,0.3374415379148898,0.25062178292169507,0.1376847070999735,0.16146067354466287,0.34185048135250884,0.5803892534826955,0.1490838863453068,0.2015826279882231,0.221870789397833,0.25761185407649567
2023-01-13,0.3044586643962404,0.24771553783634798,0.13372163460363978,0.1425824277949947,0.287951988173878,0.533100496834363,0.13166458058231878,0.1791737042551567,0.18975623674428757,0.256944933749681
2023-01-17,0.3060527436696273,0.25253089033603077,0.13372292814066306,0.1429260445776997,0.288600059641067,0.5493577412810543,0.1320155938668778,0.1792120278345665,0.1842692091604266,0.25654073086327633
2023-01-18,0.306144624065993,0.2568629014440768,0.13948643820349402,0.1629965375197653,0.2926383535628761,0.5502987226194413,0.15084769242511797,0.18455746381487614,0.1886562051567987,0.26262642315437457
2023-01-19,0.30587535592605425,0.24808925479969438,0.13944866596498895,0.1594490195854191,0.29152648359227457,0.5584496534634855,0.1598385354126477,0.17853748660682883,0.198145916296175,0.24952951669581847
2023-01-20,0.3042063807176972,0.2366615118024189,0.13402189564779396,0.16108744534490022,0.3064257369202876,0.5750714893434078,0.16037114292342244,0.18214911890767843,0.19680798745296538,0.23798658174105852
2023-01-23,0.3097513898148005,0.2368029816940094,0.13216638471698575,0.16127519100902163,0.30776000381238866,0.6113900754678889,0.16249591169794617,0.18508672198787984,0.19458361069229152,0.23871515856910117
2023-01-24,0.3091172586252666,0.23646276792207369,0.1321467386353817,0.161646899776288,0.30552482812188664,0.585672481728593,0.16173608385001634,0.1839614565626924,0.19627629536556127,0.2390862009052847
2023-01-25,0.3092667312399294,0.21715717820976488,0.13302272348291205,0.16101842178040074,0.30514087794107797,0.5841316216849034,0.16175626900415072,0.18238810446310527,0.19326517375423674,0.23794952005267136
2023-01-26,0.3085746274106051,0.25469932920923766,0.12721255597049677,0.1552229455988025,0.3067087464045338,0.5818343984629746,0.1577146405465026,0.1804264698954311,0.18800884275240592,0.2539289412191145
2023-01-27,0.3105230502692072,0.2836641373935704,0.12417839904151982,0.15545406582514584,0.3020244639013236,0.5810197552928377,0.1577795268666167,0.17932485598374504,0.18756573637367954,0.26061722652717617
2023-01-30,0.3128052831840443,0.296373374913501,0.15919511907811418,0.1558728198311727,0.30797570971506794,0.605211033400571,0.1575135862925418,0.18224936118717128,0.1874477795722604,0.26575502381727034
2023-01-31,0.28006740869623936,0.29544576261239114,0.16050292980216507,0.15595442441327184,0.30105225061234353,0.5920104503106083,0.1589849573393509,0.17098099688726884,0.20109498597855105,0.26898282849944405
2023-02-01,0.27605170474341273,0.29621134063177257,0.16242476214349524,0.15531343409112594,0.30176000209907905,0.616131003427221,0.16018860314867817,0.16800887959093733,0.2005150457587129,0.27053265362655204
2023-02-02,0.287394110637392,0.2984750576336403,0.16327960341572373,0.16223677257742805,0.3239681324240558,0.615525370929209,0.1610023049215852,0.1683492031555839,0.2489647016986344,0.2883346037713633
2023-02-03,0.29262484566803887,0.2945286497287517,0.1633744223498286,0.16319293658328618,0.3331782728678567,0.6227984908494364,0.1614843760827052,0.1729719732523716,0.24936991121137275,0.2863293922074035
2023-02-06,0.29473963983580936,0.29229955221415305,0.15890405937584484,0.15604927586516598,0.3330710827829724,0.6215907982757914,0.159414917270998,0.17080532144718244,0.24587759041206464,0.28453239143404147
2023-02-07,0.2858047645363229,0.29925927074760805,0.15911230160938195,0.15523623804494188,0.34222510914505755,0.5856511666716085,0.16034043228974534,0.16645924769107362,0.246573822644266,0.287650940843128
2023-02-08,0.2926636613910448,0.2927764217752057,0.1587996467583422,0.15310706248515019,0.3428292296904107,0.5831251207934227,0.16107351958162336,0.17097938706584973,0.2491278668893702,0.2805950463819636
2023-02-09,0.2894589762969484,0.2906292329413592,0.16167916381926206,0.1510994776195829,0.34426768588801937,0.5257693381077803,0.15876628209168064,0.17303674034627697,0.24997420880937932,0.2783039672150487
2023-02-10,0.26904504911673144,0.2953807300987666,0.16317173883418978,0.14952958652686638,0.3421626244406921,0.5542938580719521,0.16018982361440032,0.16736512320390942,0.2565704625406006,0.2968910148368817
2023-02-13,0.2636134545605505,0.29460455140443315,0.1626345608054147,0.157306168941112,0.3444774285203076,0.5497593964767584,0.16560930162548024,0.16333419556428982,0.25649605328461933,0.29732931870826235
2023-02-14,0.26508377992190096,0.29487430613364823,0.1625567539734304,0.16288650064612187,0.34341311808498254,0.5603464536369125,0.16539808182036367,0.16285934958128917,0.25650574792264275,0.2994946157420399
2023-02-15,0.23227728003811743,0.282941394461309,0.16341358913415152,0.16108407785747375,0.3449722649707272,0.554866839181283,0.16521474816478704,0.16158355717125575,0.24982207821137756,0.27931427021549077
2023-02-16,0.23773420428393757,0.2843342582445117,0.1577120744596384,0.16153820346678457,0.3274098755831911,0.5712908525968338,0.16653993117392493,0.16782255120910197,0.23865798166880708,0.2798925219020516
2023-02-17,0.23595722633154728,0.2853703899517921,0.17334389449982648,0.16634079901797566,0.31694481380041856,0.567959364707154,0.17816075169697823,0.16350874719551717,0.23435167841804244,0.29836461613077037
2023-02-21,0.2375836245305983,0.2851438522952938,0.17298943817367077,0.15506040169496269,0.3251369089573677,0.5786099546756539,0.1604629215750389,0.16411428074025033,0.23906529057949383,0.2965636598042215
2023-02-22,0.237635335235527,0.28475581851183607,0.16023802421948818,0.15236423622382447,0.3256561356886893,0.566219852956067,0.15925384930573383,0.16419770325878524,0.239526738302967,0.29380160568631103
2023-02-23,0.23766794112792322,0.2862298950929492,0.1604494961209562,0.15144569317599701,0.3265831548650545,0.6803152574710276,0.15921598386005908,0.16372760262380695,0.23874068920469035,0.29186985275336685
2023-02-24,0.241094540485848,0.2865347663372629,0.1620053464290042,0.15169367310144788,0.3248833186466646,0.6855522084331287,0.15861604431407228,0.1631441133526111,0.23859424588296835,0.2899966291799108
2023-02-27,0.24120983853525266,0.28432684676219566,0.16198469912031205,0.14754440066249477,0.3236859640869575,0.6834049050798358,0.15836217218977539,0.16310156913827586,0.2381367535434596,0.2858390935111336
2023-02-28,0.24123336416021876,0.2854178888357959,0.16555508417385442,0.14750526555874682,0.3239655789200681,0.6863090536346598,0.15795014764374474,0.16306020206137484,0.23953899697226985,0.28626848860440446
2023-03-01,0.24576365667500363,0.28142988688094756,0.16542008134115513,0.1494013932110148,0.3264446815186026,0.6843172267061505,0.15828349964357247,0.1633444495746104,0.2382463487412998,0.2875386301180556
2023-03-02,0.24469675543691724,0.2783553740677229,0.1620756556932657,0.12956589299432109,0.32504912048027484,0.6810983864454505,0.15055919884541874,0.15799894549460633,0.23278062294990493,0.28124112172171567
2023-03-03,0.26190952186238686,0.2805435051078203,0.1667365581015776,0.13021036821883072,0.32252853915854895,0.6680049012215262,0.14010685603167133,0.1623112912326349,0.2273244357373417,0.2829302734639588
2023-03-06,0.2615697133696648,0.2793928755955715,0.17075707292205888,0.13680359024129354,0.3078842278093196,0.6540399520135501,0.1399828450997073,0.15383109346405877,0.22727927415121477,0.27920595715537183
2023-03-07,0.2599291503224055,0.28101401884846183,0.17197186981650123,0.1376982997929697,0.3093453636965037,0.6259903329036237,0.14623607062728256,0.15684371096617533,0.23087476993746922,0.28467905212266087
2023-03-08,0.25955269808626313,0.2809708331819679,0.17230571305614195,0.13676200597352797,0.3092964298730876,0.6323324264846261,0.14506803007380945,0.15690124295854013,0.22835282560309564,0.2863651469880484
2023-03-09,0.2636762210476269,0.2825663294350582,0.17124998321320645,0.1379520855893909,0.3091974123996932,0.6423327819623108,0.1462327042385354,0.16568803239145932,0.2302232128498791,0.2867920607771502
2023-03-10,0.2648419252603615,0.23599007589003612,0.172112665422846,0.13827163519953814,0.3002805684043266,0.6448358996388067,0.14689686609601377,0.16649786466781047,0.23052214275615923,0.2607728759922106
2023-03-13,0.26467365557785005,0.20437996161246536,0.17607969018308242,0.14117352937586544,0.30645336300659903,0.6413904243299023,0.14828098081002197,0.16610252934253605,0.22959898114969454,0.2579605430992634
2023-03-14,0.2592676189159569,0.19490913244467667,0.14472322169173107,0.14142398844093543,0.30742902855706866,0.6234586129140824,0.1526288810885864,0.17084979366374137,0.22978728827667866,0.2543089225105196
2023-03-15,0.2584980853070017,0.2281583882587174,0.14208000120825023,0.13879567571467202,0.3059130239138241,0.6225573918729448,0.1556574384906601,0.1651445158614353,0.21321535607017153,0.28044704056382197
2023-03-16,0.26245367970017386,0.2262923779804557,0.1383388343594188,0.1398594383983201,0.32151347284719123,0.6086449842993149,0.15631709905780852,0.17064317037129179,0.2182218707251875,0.2797350457764253
2023-03-17,0.24191222204638282,0.22587510162780672,0.13945771794420952,0.1312056520801658,0.29509631530075636,0.6022999369382057,0.1548608215066571,0.16654784733913222,0.1560942000856986,0.26858506031574075
2023-03-20,0.2357431134161189,0.23117411008975175,0.1436222785741173,0.1319636600322287,0.2967804447154217,0.5934068541948394,0.1608283071693728,0.16779800131715947,0.16259027035938226,0.28038057761032587
2023-03-21,0.23099619887257353,0.25035637015440165,0.14271933037228182,0.1319716172291141,0.2959476747336014,0.5930181899068335,0.1602522219666439,0.1722685356912879,0.1625113434767998,0.31217643255383826
2023-03-22,0.2269403607629976,0.24146685718126126,0.15056692207935654,0.1325988814825174,0.2716931525317709,0.5786137498372261,0.15724229747559557,0.17342826227326422,0.16481253065460805,0.3054092114135098
2023-03-23,0.22064951150630843,0.23468123840467606,0.15042493409744834,0.13155479060284533,0.27684238775878045,0.5814849123465972,0.15373375817947002,0.17162656372763244,0.1633622858985811,0.3059408954332757
2023-03-24,0.21992589716799127,0.23669605759182719,0.15075364300835534,0.1392387598757043,0.27507989252408505,0.5851479068850893,0.15879386402545534,0.17159427408102373,0.16730978722886408,0.30554726216332745
2023-03-27,0.22387025431367422,0.22951330603122566,0.15061839797664092,0.14041936178513778,0.279364061521326,0.5640782847900094,0.15902376476753724,0.17152687791574883,0.16311416405902857,0.28454975632698887
2023-03-28,0.21838220255817709,0.23292191991320396,0.15151525626191345,0.13283324152424048,0.2655250527438073,0.5629490373837412,0.15546238570775447,0.16740148524404888,0.17154072206137552,0.2883079742963505
2023-03-29,0.22448697625016364,0.23326948439730294,0.15514819696599277,0.12331752713173426,0.27082788382614337,0.546867250487727,0.15402379989378823,0.17353699207629475,0.1743474974612436,0.29284609705277137
2023-03-30,0.22288768339700424,0.2340494817187847,0.14865571624373106,0.12333584218711825,0.2713165347100184,0.5455637673706337,0.15369211635872065,0.17422089101213661,0.17623822087743327,0.29350805904572386
2023-03-31,0.22349810960631628,0.23122538635885836,0.15093389625422468,0.12117926956721525,0.2598318312242735,0.5323936054137267,0.14783376234401113,0.17470827125401447,0.17610056314914757,0.2936426472768502
2023-04-03,0.22194097830260112,0.2522834942010864,0.1419340840898228,0.11513251894189193,0.25454548160749013,0.5212581808736947,0.13776346242549817,0.1747944882511795,0.2105064394474457,0.3219219315090014
2023-04-04,0.20446115045807586,0.2502058379209953,0.13888940729484228,0.11414092143959718,0.2440221090103869,0.5115792702580326,0.13766982752661522,0.16474166356774653,0.20546015479983035,0.32347975290646347
2023-04-05,0.20904658414930546,0.24975815675309043,0.18993754380040026,0.11635770218879435,0.24619015950002335,0.5191863655931517,0.1381821386312039,0.1649343629359297,0.22473550364111275,0.3236826464464039
2023-04-06,0.20914731933639524,0.2523826939805176,0.19029640483758614,0.11640761416735564,0.2526822969312212,0.3393585808489624,0.13752797541242853,0.1646572189775266,0.2249763469418148,0.327534184903502
2023-04-10,0.2074211143197431,0.2524442873568879,0.18753276472033914,0.1157336267161271,0.2429434687894915,0.3363572270787773,0.13913984735499932,0.16096719302584048,0.2195246200592944,0.3279627588728158
2023-04-11,0.20927486758324176,0.2527196784084759,0.187264903614119,0.11603753886137044,0.25594359853751575,0.3414805974318549,0.1394303104710537,0.16086253548011326,0.2206210962842315,0.328235025346939
2023-04-12,0.2095287139285676,0.2492560513716811,0.18060238970471706,0.11414422761812573,0.25511126624348834,0.34892728633009734,0.13292336685406092,0.16096613511671026,0.21409696644833467,0.3275911204725251
2023-04-13,0.22176908367056858,0.2508766871906715,0.18216469437430122,0.10827487239060285,0.25499176610255697,0.3400032743496859,0.13278378439367802,0.16397249735162808,0.2143938788248101,0.32701941423531006
2023-04-14,0.22258471830282597,0.25085808517436387,0.18232836143195003,0.10272859442553162,0.2567364221561824,0.3342093228401221,0.12880714831855922,0.16336889997765613,0.23240384524889723,0.32690901757324303
2023-04-17,0.20265567908771576,0.2498119796742579,0.18127172903966707,0.10142804388613502,0.254586642663016,0.32916542916625047,0.12817021602385553,0.15754641009981626,0.23649471320234483,0.32732885348227997
2023-04-18,0.19780545804843822,0.24935549723505568,0.2002463143899987,0.09362462655672019,0.2550488659787076,0.3295080591024389,0.12670997571648113,0.1575470705201439,0.23660633186317712,0.33106206177732816
2023-04-19,0.1912543732926831,0.2458732438162047,0.19897654350544905,0.09066801580215045,0.25157315108172534,0.3258209353256304,0.10782572093559203,0.14985963613353576,0.257215376495711,0.3256586640296659
2023-04-20,0.19249323952964664,0.2455039937032676,0.19745215254566734,0.09071727424787583,0.25357713651355857,0.3272293328096649,0.10744479206548839,0.1511969942723201,0.25611236886494687,0.3233422069329681
2023-04-21,0.1888941577284912,0.24104672374621652,0.19468579054218002,0.08332104544661169,0.25248548916245805,0.31041926642714524,0.13624447958889455,0.13923871656238906,0.25433765305639766,0.3220710403152886
2023-04-24,0.18196358788891764,0.24255414510276602,0.19496125654692112,0.08174099515971381,0.2519581242971238,0.30218619380313344,0.13650520070236952,0.13043461552741195,0.2544963476170802,0.32248834953588257
2023-04-25,0.18342638835652753,0.24637048031234285,0.1948410993059975,0.07967394908998056,0.25813213451831307,0.3187336324161138,0.13689105125054105,0.14044848520497452,0.2543117744185255,0.32366058647381224
2023-04-26,0.1804808836616518,0.2508239954142185,0.20151119071803272,0.08220917516098748,0.3209796883019517,0.29958500204223576,0.14224103402809346,0.1344341872021769,0.2610521816743623,0.32563003443887956
2023-04-27,0.1955599054822385,0.21262371725993015,0.20149816717314728,0.08109751908806673,0.32870436346139176,0.29998991506731804,0.14109997780095276,0.14291142539368965,0.26425611825242834,0.2858526813464485
2023-04-28,0.19052720624892955,0.2135733439713786,0.20125302283544827,0.08197712920073458,0.3110367814525757,0.2641941991440812,0.14107165943526834,0.1366963523092917,0.2617344533515825,0.28495906082850647
2023-05-01,0.18917928713060728,0.2109980424634811,0.19776022254381007,0.07946154926635163,0.3112161158387779,0.28716695373024914,0.14092607442553853,0.13092376530133829,0.26142603144145643,0.30010701981730104
2023-05-02,0.18724156016446783,0.2469681066140058,0.19740566409040508,0.07867953975328502,0.29918622481248514,0.2984380728580377,0.13661102883856305,0.1344908758230912,0.25866931888474654,0.3196380090060875
2023-05-03,0.1866455492099169,0.23818480191531807,0.2023744433686473,0.07944540093170796,0.2998821871022334,0.30148805900652376,0.13389312192062902,0.13186379610782403,0.2595136605944704,0.2996805875362719
2023-05-04,0.18706865348207052,0.23088762324371842,0.19401774759186366,0.0772274416638458,0.29863139497306057,0.3020448851291063,0.1353063090760509,0.1230207274025586,0.25816551379216773,0.29642963384848803
2023-05-05,0.22816693322535053,0.24015264678376289,0.1939509549712391,0.07657995789971683,0.2975488237381659,0.3140745113660805,0.13472346332679347,0.13292474559002723,0.25808258908191284,0.30228718574632174
2023-05-08,0.2278162973212286,0.23917921844781584,0.19308278613096336,0.06449415629766442,0.29834423664970083,0.3124470380464188,0.12587259242853327,0.1321512654520768,0.25629438074293426,0.3023418002596275
2023-05-09,0.22657989554763974,0.23774220458925405,0.19505825139109478,0.06821611234706677,0.2945072874609131,0.3175582673059211,0.1292028657584679,0.13321187668453652,0.25459413617520765,0.29634863774701536
2023-05-10,0.22666461641339117,0.23823631086020414,0.1921122509857176,0.06824095674051155,0.29611050196898375,0.31768174538738847,0.1291789318506403,0.1331539568097192,0.2474683981062479,0.2970583031447235
2023-05-11,0.22126250132782296,0.23712181841471844,0.19152448946502665,0.06722061547705685,0.29447358071427643,0.315096342834421,0.12914051860128292,0.12749990173468334,0.24422658322340948,0.2972991169420916
2023-05-12,0.2213781799836379,0.23532708318615744,0.19170684173313898,0.06760884951382302,0.29388085590904545,0.3141324884127416,0.13117602163949005,0.12677654198289376,0.2438342773432631,0.29682290421152174
2023-05-15,0.21807194044778527,0.2351222247584035,0.19174034092726916,0.06830854457564908,0.2916860573964381,0.3174312955274489,0.12989069041427498,0.12058905836379619,0.24540759685348926,0.2968509611253062
2023-05-16,0.21732683795102414,0.20618384771038675,0.1890211489800451,0.07535405754609772,0.29139570294787503,0.31781023205833475,0.12980862668743554,0.12177978209178546,0.20987362809547647,0.24408806278088183
2023-05-17,0.21698782058397495,0.21228582037766275,0.18682862836989395,0.07478110857668294,0.2918506294393426,0.32455718293819624,0.13051095327997317,0.12554464439286236,0.2124741766385527,0.2548419002965103
2023-05-18,0.21623172151016065,0.2111100567705861,0.13011310063263296,0.07173220670586912,0.29086206287717137,0.342741918889643,0.1390806935353066,0.12784894178658573,0.1903810052578388,0.2504294209053942
2023-05-19,0.2160782967143997,0.21102375330308065,0.13059242617143693,0.07172161325963179,0.28384086048310997,0.3470358676414763,0.13843651123731882,0.12772419993378115,0.18851078786994044,0.24792763210629307
2023-05-22,0.21047946792867703,0.21507889707573435,0.13068800903820724,0.0939734896943056,0.28244506907255734,0.34478807584180426,0.15675725131755303,0.12772691361657681,0.18825548861853877,0.24952116396427185
2023-05-23,0.21474364824837935,0.23297678085359724,0.13068320483316984,0.09397707636570783,0.2792566283436432,0.3451757560572447,0.15970698863809002,0.13237667401307407,0.183865969603965,0.2524098609553111
2023-05-24,0.21383229913416787,0.2328075908363491,0.1306599050310638,0.09637483454048155,0.2802713183733004,0.3352676375184617,0.16098853025300647,0.1336178989540247,0.18437090566445097,0.2553998369358112
2023-05-25,0.19229497272131524,0.23200085845440205,0.12845358646502966,0.09498269087278077,0.2931895679476899,0.768097051908038,0.16093246013866516,0.13034070749986318,0.18093226491505218,0.25874815816685165
2023-05-26,0.19530908353983054,0.23148106650572506,0.1285474729009803,0.09502860132627042,0.2927728114413832,0.7688935944193582,0.16053917154236386,0.1352461938942212,0.1683132172032428,0.25853217663459094
2023-05-30,0.1967543413977977,0.23106869091003093,0.12867550230428457,0.09369638289225288,0.2940160335519468,0.7702016856322447,0.1656970980234783,0.13495790880231237,0.16536875535647932,0.2578443446086622
2023-05-31,0.1963174371662278,0.23413494159737638,0.10354085631772389,0.09309087005604062,0.2960224975907212,0.7963923009599013,0.16576602342101573,0.13610107922886297,0.17261098953012774,0.2523909595001797
2023-06-01,0.19994377537330132,0.23725899929287864,0.0988831875176913,0.09513934780540668,0.2966563829284484,0.8045646088625324,0.16929430512348298,0.13865644700834653,0.14183884091782764,0.25642352218318887
2023-06-02,0.1984486337686193,0.2529346757933802,0.1084703266440579,0.11214666044148718,0.29417358885274597,0.797824343009938,0.17768689360025608,0.14298377439272517,0.14562613677998004,0.2674849584153328
2023-06-05,0.19732479754855567,0.25297280848539544,0.11118886477007364,0.11280222618627793,0.2937211259783984,0.7985729502448297,0.14234787747454325,0.14328436982054027,0.14392131841521152,0.26697475421411815
2023-06-06,0.19783879877853247,0.24858210388615132,0.10934922696149549,0.11392153226680256,0.29025268450206243,0.8009677429305699,0.14354571906525787,0.1433096715662384,0.15478176975592556,0.26115868793895264
2023-06-07,0.19699344595004106,0.259353774031153,0.10558336015421026,0.11392369361138158,0.29823619160252335,0.8013325920597144,0.1439747754092038,0.134666741356955,0.15689446197751622,0.2691457363186704
2023-06-08,0.20010313568495658,0.25477884715226096,0.10203095876010702,0.11430722597280436,0.2210199970067516,0.8013904033778252,0.14673705842107534,0.13404141573594136,0.15557231132481963,0.26830045424339144
2023-06-09,0.1855241828295771,0.25399229197564477,0.10180831621181734,0.1142024417745104,0.2037631591635281,0.8015544360811487,0.14089656319668908,0.12284680064832584,0.1502388588287572,0.2655679981681337
2023-06-12,0.18888646542943946,0.2529315819371985,0.10085432669060485,0.11110968980165678,0.20666704955872114,0.8015009727625262,0.1417680081689037,0.12312659131748283,0.15010124156577062,0.2621742819961008
2023-06-13,0.18929928328241716,0.25365804322453994,0.10222742043813599,0.11178058881132592,0.2055647913303466,0.8006544308269203,0.14135736524208153,0.12378613311243483,0.14868123757791546,0.24856476842091937
2023-06-14,0.18741340845423915,0.22223762431201147,0.09994397286476969,0.1143666717990043,0.20597185441697147,0.7990186073453271,0.14544794985871679,0.11759569959787992,0.23715338609159636,0.2236461810747609
2023-06-15,0.1866236524196068,0.2150992949434468,0.10033064205547881,0.122042535940209,0.22064826828311135,0.7971475203794532,0.15268759576795268,0.11808700381719674,0.2430486611188434,0.21768247307117855
2023-06-16,0.18442574218385718,0.21570164006023426,0.09946044026110844,0.12421229413387563,0.22906287943538464,0.7951170520210006,0.15459662781539524,0.11588904342266607,0.2465370258735268,0.21256502667769883
2023-06-20,0.13147822483953164,0.21264754335818092,0.09919458229496521,0.12419142322184894,0.230367609912425,0.7923055120106242,0.15563508710753332,0.10818186172386875,0.2533034606959515,0.20922342008619688
2023-06-21,0.13326418309732188,0.21394747855453056,0.09903148091304952,0.12471224626084886,0.233633931714464,0.7979410963433942,0.15816883998961712,0.11007608306534451,0.2580284398046175,0.21190085014541168
2023-06-22,0.1346426879007308,0.21762937302381347,0.09988359311982166,0.12477729722880465,0.23660648913904653,0.7927008193285455,0.15635305929525875,0.10854060394070557,0.2582828620025103,0.21219482230270323
2023-06-23,0.1333519879100262,0.21595390238283424,0.09975898306921085,0.1278485448957101,0.23808324502885647,0.7986920707306946,0.15831056352315945,0.11182195754910106,0.25851384649919684,0.2106079997145893
2023-06-26,0.13646970202284786,0.2218801339862008,0.10491934333403517,0.1263758762764547,0.24481108175117752,0.8094901277462323,0.15810105374233377,0.11266114443780395,0.2588284651513345,0.21194655841320156
2023-06-27,0.13937958036725676,0.22190846364149658,0.10507886291521346,0.1254927881945164,0.24847590522621582,0.8084691782197108,0.15768634331712636,0.1154165896417601,0.2593227005426528,0.21207996509591537
2023-06-28,0.1386038404928789,0.22327339015888076,0.10238265777026881,0.12758222450435716,0.24846185885187944,0.8135035508649836,0.15764862729409396,0.11542951374545295,0.2625873665696478,0.2133334715648391
2023-06-29,0.13833940140121953,0.21315377813106245,0.10359246742939762,0.12588292363139383,0.2485529362148538,0.8155262827282725,0.15785414220922253,0.11256736495042062,0.25947261827892676,0.20298942782733384
2023-06-30,0.14981079691535756,0.21023511138923284,0.10521308099084686,0.12664230352543332,0.2510147767863044,0.8162886549074582,0.16517110202460475,0.11231545423666273,0.25888871498305976,0.19338933915197357
2023-07-03,0.15058722938308264,0.2102092620423724,0.11279827598539519,0.12768534049804495,0.2502641533922849,0.8090030889623716,0.15895770699794032,0.1101926506700913,0.2571987066454723,0.1918530133115595
2023-07-05,0.1527183587808052,0.20989551463739217,0.11348274135610348,0.12991374098954858,0.25018615842015257,0.8068233787800297,0.15853719132816832,0.11020152870361385,0.2604269410595465,0.19215276841943496
2023-07-06,0.1506073203815512,0.21319120556917442,0.11464355975616866,0.11689394299206059,0.2502597086621014,0.8071896078744416,0.13817845377962185,0.11379355836991316,0.26035022943855374,0.21836161457053396
2023-07-07,0.14296487940043504,0.19695670650129535,0.12317240468104701,0.12274947708729478,0.24626092486851298,0.8032021260947957,0.14831086996093673,0.10779735322530469,0.2644463516035517,0.21440269548154559
2023-07-10,0.14889229914484098,0.1978551236180387,0.12312694057902612,0.12225687301036459,0.251246920398921,0.8037367494205376,0.14605800011158127,0.1041249213257178,0.26448412743062333,0.21644589415965332
2023-07-11,0.14947430864703154,0.198462923517179,0.11624413257781939,0.12089806827280557,0.2262195036574584,0.4039696223995848,0.14560202148394494,0.10313239833828391,0.26396749921490903,0.21334934276734377
2023-07-12,0.14683328743723364,0.1996881440770535,0.11688711704842089,0.12175904202443069,0.22144980559287816,0.4094949121760207,0.14618177281594036,0.0996562856215774,0.27104877874364797,0.21279538835472264
2023-07-13,0.14494375900543882,0.203041700883671,0.11737872541915939,0.12170688927713677,0.2253292419610841,0.42181897956125347,0.13800602721577618,0.1008912265858511,0.2717532527974171,0.21813014366589495
2023-07-14,0.1448020880784412,0.21083372568368064,0.11812113213396236,0.1238867426662638,0.2240942582274437,0.38273723881388233,0.13782350443844793,0.09850360455000326,0.3441080160611079,0.23473656913095745
2023-07-17,0.14588845721318086,0.2089398073311856,0.11875039030529148,0.12324994537518945,0.2216571363588723,0.36180079606188964,0.13769192533018115,0.09633954834585637,0.34274484257234317,0.2324973391818092
2023-07-18,0.14614416994350565,0.19328591312451235,0.11023984461891875,0.11052597763905866,0.24745142832626793,0.3614335123561846,0.12843391775160207,0.09065374030056389,0.354385670265173,0.22150647952642036
2023-07-19,0.14367510343060147,0.19374800938994777,0.1076951090566749,0.1199376984037976,0.2510937850504127,0.3629180653391443,0.1288754789751417,0.0898393259071289,0.3548185498132822,0.22262935803009445
2023-07-20,0.14786772725316175,0.19637697879467447,0.20596164080538548,0.12185363246072889,0.2603527303778903,0.3765603177133984,0.12613845339030128,0.09347109042244905,0.34860122296586393,0.22766809339509184
2023-07-21,0.14697253631892881,0.18597443764397112,0.2074590610905787,0.12155944911127109,0.24395975479842147,0.37354166880289613,0.1326252007185406,0.09225503586707651,0.34661558534111875,0.21753589057769346
2023-07-24,0.14194095646866306,0.19431887668634193,0.2060707915384361,0.12156678174077294,0.24377313763381372,0.3678375408997694,0.12975563215592395,0.09177752663709982,0.3438603261088259,0.22297777275316089
2023-07-25,0.14209664359279386,0.19443363131910812,0.20631762808367263,0.1223483852954613,0.247500140386182,0.3718209297331518,0.1297313044051025,0.09179633356003311,0.34360104432987393,0.22215981351415945
2023-07-26,0.1365743405845424,0.1935341262951313,0.20609877940772411,0.12564243990210414,0.27013549332602643,0.3710884239550242,0.12647764293489386,0.08949152965282185,0.34409531911988356,0.22122331346557006
2023-07-27,0.13819502672446463,0.19519123084245935,0.20614123890133323,0.12976757276154713,0.27643437399837545,0.3572120433113851,0.1322923059771099,0.09148053156306633,0.3444820631260761,0.22144805226185915
2023-07-28,0.14225428792200476,0.19387736561119134,0.2060906748794287,0.12875672770093624,0.28343717319719103,0.3350242281766508,0.15158664825699536,0.09470720671596755,0.2844015434004015,0.2214141228189382
2023-07-31,0.13968491941783673,0.21134286154570173,0.2373219504984658,0.12616813212550423,0.267733861064057,0.3335799304791299,0.14789498644854956,0.08903831054163433,0.28153803746523054,0.2369453194781939
2023-08-01,0.13899809606126984,0.2119975257765476,0.23817891816828227,0.12477801650926017,0.2637051998419281,0.334329161221166,0.14714195104829997,0.08880369086242036,0.2765324589900182,0.23658505664575843
2023-08-02,0.1478524805267369,0.20607648308283283,0.2385579656155363,0.1233941851872803,0.2720676760801628,0.3582262528269563,0.14343745802299712,0.09749923349627049,0.26976801917873966,0.22939409406488978
2023-08-03,0.14861022973909985,0.20521757519265713,0.2385638459865238,0.12421361773951249,0.26959606623591814,0.354355601636433,0.14210594961071,0.09648295100193043,0.26694848204826904,0.2324798917127635
2023-08-04,0.20007160629190873,0.2001625333340801,0.23892941233705733,0.13006265582599724,0.26385525621567585,0.3543751060706925,0.14679631313235192,0.09749431193002915,0.26741634307600953,0.23166878770190227
2023-08-07,0.20566158123157668,0.19799305919152618,0.2481403698559978,0.12880055207759075,0.2620307011096356,0.35147092230510285,0.14503237158454083,0.0967903068361584,0.26986620139841516,0.22993764476906736
2023-08-08,0.2056670503793632,0.192518756089039,0.24519940112524,0.12943533266870483,0.25848178086211304,0.33570361201634924,0.14502777306168943,0.0969213672884942,0.27200352722779264,0.22461839141020978
2023-08-09,0.20118565999370905,0.1920691330205831,0.24502618117654318,0.12947848028154352,0.2545789557113865,0.35602741137529353,0.1436118905980326,0.09516014127635933,0.27283099860159254,0.22923526964802549
2023-08-10,0.19974669937916292,0.19123076187465296,0.24565815056700555,0.12663946785336425,0.2543444094466439,0.3518263854657951,0.1448334383017098,0.09516423392035958,0.26728203696260255,0.2286614692754569
2023-08-11,0.19955239323732463,0.1982950047095889,0.24628098734519432,0.12446972817176831,0.25469990710842016,0.36754407032879965,0.14431740114760094,0.09474292141419019,0.26796840942667655,0.23015169632238572
2023-08-14,0.1881882685718112,0.19774679352213206,0.24577908047974067,0.12516233910560554,0.2512808933080664,0.4084951966520291,0.14076901518634924,0.08990804347591894,0.26746479349593943,0.2299244077317997
2023-08-15,0.18928294187933337,0.21678118193248028,0.2421946148451356,0.1256554184331095,0.25113394609363426,0.408564647683623,0.141921669707024,0.09637141557514635,0.2682235922882326,0.24304319743056166
2023-08-16,0.1891638643968088,0.21637629142101436,0.2421708884067611,0.12365652766472869,0.2510758515780059,0.4098774359407513,0.14529625718364117,0.09859604853219696,0.26512037999917204,0.24776152794844206
2023-08-17,0.19164107237165814,0.2103450114886536,0.24137466436725874,0.12179595222430768,0.2503321795288572,0.40967149294189376,0.14687083165189282,0.0984568328383218,0.2717752534337118,0.22672192547686776
2023-08-18,0.19221029858337507,0.2099474861135312,0.23836323306540885,0.11606205737530753,0.24868361313996012,0.4089739487243383,0.13241489986962326,0.09823533508458442,0.26679123503949315,0.22984678046148463
2023-08-21,0.19302147704973835,0.2099432444863551,0.2563954457919771,0.11671242958186612,0.2508831797361156,0.4744948750271466,0.13359093699354108,0.09983629862804873,0.26706545604220255,0.23056589064820246
2023-08-22,0.19522089672426501,0.20537170548302672,0.25708778613971045,0.11798608898672511,0.25087136725072123,0.48325146603843755,0.13233679904178514,0.09825437164909279,0.26972296351044545,0.22923541549960497
2023-08-23,0.2048562127035668,0.2036056736059662,0.25853089575513866,0.11741149413596712,0.25079468192384924,0.48126591093787024,0.13399779807486334,0.1009114610916679,0.2591908970994521,0.23065831105262002
2023-08-24,0.21624051234851555,0.20114809425727279,0.25842597430694136,0.11502523144027096,0.2523476445201896,0.4624293237088451,0.13506260598597017,0.10530749932705874,0.25744407682346504,0.22501197599310094
2023-08-25,0.22046452641098502,0.18696716317994752,0.2607241649307068,0.11262134684492152,0.25302729166783916,0.46705358227215066,0.13474501425613752,0.10782056984002918,0.1516463012909648,0.203594052980267
2023-08-28,0.21531743877846424,0.18742542612643293,0.2629670099988006,0.11290354637487275,0.253133973303841,0.46561195273732575,0.13255448445663687,0.10909291838036764,0.15042793978262992,0.2042201339543622
2023-08-29,0.22640344572958587,0.1876804850940677,0.2629583125284596,0.11235502381545069,0.2260310271268182,0.4766659817386114,0.13255827994625882,0.1152976326536443,0.11548710929308631,0.2031967088219746
2023-08-30,0.23302708541252556,0.1872156665858583,0.2631690058988539,0.09906538466149177,0.22450953103804253,0.47629135229044445,0.13149917403496175,0.11579436962552395,0.11319541337640088,0.20381102540437465
2023-08-31,0.23155005914306753,0.1854975631040892,0.19699764423273683,0.09542469523185643,0.2157774378670701,0.4645915808795909,0.12983301659862723,0.11428956112104566,0.14185274119763697,0.19921735780474267
2023-09-01,0.2324693179594598,0.1893211494368908,0.19457556415636607,0.0974845713109352,0.21504059786373175,0.4601211881142549,0.12194445246697116,0.1144329384285714,0.14061069632474332,0.20604307563542204
2023-09-05,0.23212949548742165,0.18473774170546195,0.19369362424805717,0.09910294365747689,0.21966888605081655,0.46006430550379435,0.12793810060915015,0.11425451292828641,0.1435063806958667,0.20283663215793205
2023-09-06,0.2531833211777996,0.1844821160248145,0.1961825482138048,0.09908289632017665,0.2129544611828874,0.4658201463343421,0.12780804630838083,0.11532631517293718,0.14333139035075032,0.20349471984847634
2023-09-07,0.2645981945516916,0.18267106134389632,0.20082302402634541,0.0899761337854013,0.18518671055489902,0.468691127248315,0.13092760980151155,0.1155080001849193,0.15281164008511752,0.2032496772483389
2023-09-08,0.26497490593725,0.17922479250448173,0.20015149225214163,0.0876820622067858,0.17909115880478682,0.46999302597811726,0.12674167899403008,0.11431814509503857,0.1526182353953744,0.20597220192103535
2023-09-11,0.26209240227143216,0.1898968003900384,0.2041741006913206,0.09369519471425566,0.1689142910087193,0.4673694171494308,0.10164652664049159,0.11216546831381026,0.15239619392889164,0.206362053424887
2023-09-12,0.2646712465600645,0.1772500031470858,0.170794175174993,0.09440664781916423,0.17593706724629354,0.46770102753907977,0.11327571778131089,0.11277535639442703,0.15056754177976295,0.2059239301000528
2023-09-13,0.2657932541494937,0.17562836050051464,0.16910021123089927,0.09523811967865675,0.18003163995098803,0.4694494721280983,0.11554802920436981,0.1127538661798898,0.15054816871138685,0.20734487266909685
2023-09-14,0.26572523948959287,0.16855700665804701,0.16790332477822636,0.09869713084604922,0.16292645027621996,0.44704548949922995,0.12014343711102925,0.10867147449709573,0.15291746459665495,0.20593177451013744
2023-09-15,0.2654218429105268,0.16942046094288887,0.17127816531101622,0.10042691344667486,0.17965011905665085,0.4602993151883518,0.12199807234542617,0.11393608112457082,0.15448752537797414,0.2096958837960869
2023-09-18,0.23406850975828267,0.16913451969292223,0.17108335866029037,0.09471057531195973,0.1797912286576784,0.46018681054447447,0.11869529115034141,0.11323762810128207,0.15419809979122276,0.2101577949784428
2023-09-19,0.22938142830531594,0.1691669008199075,0.1537301367259151,0.09082854481266531,0.17865380705046077,0.458293662229259,0.11438977540634736,0.11021000986395299,0.14827740535062484,0.21029670352621246
2023-09-20,0.23609494205137307,0.16949413886116363,0.15466432270613575,0.0919108107743348,0.18856191769030603,0.463569259891293,0.11426685860596791,0.112566124804149,0.1639876060930793,0.21275459089174908
2023-09-21,0.23607514678287822,0.17236941204505454,0.15556645834858876,0.10015981423810445,0.18582281199015924,0.45071194866728964,0.11654611440592397,0.12051111714686487,0.17165171953240363,0.21399017305862073
2023-09-22,0.2366216767721206,0.17249924364539293,0.15602602522315348,0.10045290692608333,0.18701653652821487,0.45276528852978437,0.11622330913603293,0.12050277200379657,0.17384126684074633,0.2137754193020972
2023-09-25,0.23770269670239103,0.16749397456802378,0.15198251727670323,0.10211036937337044,0.18638360222270117,0.441547518057079,0.11530036029905537,0.12145336175818508,0.17353550975286897,0.2117253679788529
2023-09-26,0.24507250317839477,0.16852421518937455,0.1527597508985065,0.1034046949272654,0.19018878264337447,0.38978352397774885,0.115858208784234,0.12624057812135656,0.1750081416173308,0.21171067048449743
2023-09-27,0.2443544466698516,0.1503145507172291,0.1551765801487449,0.1052411642299193,0.18963924834184692,0.39174356771265656,0.12006072431596589,0.12264080583363454,0.17360204807521276,0.21361701824629684
2023-09-28,0.244217035001017,0.1498979000411172,0.15523014245057876,0.10498132168505377,0.18984463134535182,0.39316543829084954,0.118330504980872,0.12278581293877511,0.17633947949779674,0.20684262789183472
2023-09-29,0.24104327441923923,0.14944112044265323,0.1512535553409408,0.10534979052876907,0.18839293703456553,0.39399056350085404,0.11723904043160763,0.12115699355481717,0.1703148149548252,0.2092053031459759
2023-10-02,0.24493401870167655,0.1540148538095566,0.15041781430384865,0.10421319208664885,0.19638112505168867,0.40285109239762534,0.11690217311899903,0.12111974825957908,0.1782218145888892,0.21311523546586028
2023-10-03,0.2447866356863177,0.15343613787088906,0.12802857979856622,0.10549775000436869,0.20470304611233747,0.3255415262902646,0.11690700470344283,0.12469872321021963,0.1809934231925795,0.20904955278899914
2023-10-04,0.24461378089326913,0.1672408485141672,0.12719844470169098,0.10636359092445724,0.2115915747669069,0.3189728467823608,0.11759143229020289,0.12700732506567408,0.1775780420567009,0.23768430725042994
2023-10-05,0.23641631745295172,0.1677229430884399,0.13021148161874027,0.16841795187424521,0.2072501866973127,0.30740886727848143,0.1194885773660668,0.12180677935416633,0.17828746914325105,0.24585326651812497
2023-10-06,0.22824672517498168,0.16875603520752175,0.13014405734184642,0.17704373156690753,0.21024023256044325,0.31620978723738574,0.11981358460190972,0.12154132719084584,0.182622053660743,0.24993507028445403
2023-10-09,0.22659578172674172,0.1849287049152467,0.12338197966812373,0.1752447247873127,0.20972845764765322,0.3098338214815465,0.11742246263291466,0.12120945638630494,0.18262377111880665,0.26483294453558026
2023-10-10,0.2252915195650269,0.18440800437904958,0.11950328319663552,0.18972321516828836,0.2101977438643303,0.30720905070535154,0.12217406741773183,0.12070042757117178,0.18364026138237544,0.26427290574908296
2023-10-11,0.21691555331444104,0.20907056527223525,0.12483138276768004,0.18970312439760492,0.2089806836459455,0.28850632036014995,0.12548263695911085,0.1130552921710727,0.18377280478567126,0.2838623058850344
2023-10-12,0.20940744454800778,0.20905214114758333,0.12492533450183708,0.19319222708571426,0.20933484075283937,0.2869015358692204,0.1258009018635372,0.11305060053909055,0.18318941434586167,0.2820897163712961
2023-10-13,0.21092382130589998,0.21445517803584832,0.12117550865933159,0.1928838850198504,0.2114084620851479,0.2996698650714727,0.12993753474035893,0.1135896907102471,0.16803105318864603,0.2978751199078729
2023-10-16,0.20880270404720883,0.2079515771644356,0.12053542226240307,0.1964367455360382,0.21567919723435197,0.3000700022307385,0.13399091090660276,0.11834492892694927,0.16858890534960194,0.2910666032134632
2023-10-17,0.20952619971782288,0.20800219467246933,0.12289662112969625,0.2005634946599482,0.2113812066197721,0.3273346227062586,0.1296727578571988,0.11794818408248214,0.16892752677708578,0.2938795421442279
2023-10-18,0.18464211464779487,0.20917023415051347,0.12901087636503447,0.2005894559370456,0.21198596550934642,0.33493498742968486,0.15159470629862765,0.12227706899633276,0.1658451751139932,0.29573205932322966
2023-10-19,0.16454117883525296,0.20917051583091567,0.12215223777571277,0.20126274182177634,0.21061620375958956,0.3322960791652279,0.1492958921724545,0.12419625524936104,0.16526526235881553,0.29541820294336524
2023-10-20,0.16923902140761546,0.2128426621510768,0.12260093908188975,0.20195500457697338,0.21082175917540935,0.33312674548142335,0.14896173310779418,0.12790440165830955,0.1673950344926348,0.29603721861047066
2023-10-23,0.16779983068669407,0.23095100830323595,0.11703982234474976,0.20003851035507716,0.20960404883429037,0.3534407814452871,0.144099675062197,0.1254637969672465,0.17108476726407937,0.29681277279157714
2023-10-24,0.16113250517896238,0.23416793733215727,0.11463504940183347,0.21827435505273124,0.2032514998774604,0.35659143025231604,0.14020236223162327,0.12797216695366537,0.17132660121291557,0.28328102647114994
2023-10-25,0.16220166828572335,0.23428120950546574,0.11453788374854292,0.21990658984576017,0.21899597189597056,0.37431602002737685,0.1393317196745052,0.1329034684046219,0.17217947786778728,0.2828852842310272
2023-10-26,0.1739491674724934,0.2334060533544773,0.12178569535461262,0.21857588687436114,0.243898807431527,0.3854221220208361,0.13583213807612202,0.13189110905973397,0.17276564702187922,0.2770288217374294
2023-10-27,0.17597719936195724,0.2995182616943624,0.1309828173563857,0.21881961836247857,0.23362306023369173,0.3729788052665642,0.14274614822797907,0.12906436357140133,0.17483419801673802,0.27865552072207367
2023-10-30,0.17231082069231882,0.302337822143005,0.13361011014357696,0.22392223902980005,0.24235815058164106,0.37678435122260695,0.14899546507378708,0.13548713457120284,0.17578166627686814,0.27728955584737863
2023-10-31,0.17129595946126772,0.3021314606360771,0.13816400023844966,0.22487042155574655,0.2423015486618652,0.3766247651395364,0.14983408299576262,0.13766785255494313,0.17188277499341995,0.27742652250130373
2023-11-01,0.17179025190456454,0.30290040232724735,0.13735724036440664,0.22429755765046272,0.23875053382685987,0.38430435755018993,0.14997664438417876,0.1404781876424147,0.16364581700706515,0.2770958888923364
2023-11-02,0.18003502921421388,0.3217865504568743,0.14194864840731766,0.222908614549911,0.23818456433165167,0.3819656684523733,0.15241559486635115,0.14465834196759617,0.1578517411872023,0.2937819583706453
2023-11-03,0.18037806934074838,0.3206403829931414,0.14391545484304388,0.223539400054102,0.2375424793311081,0.3917912370892966,0.15435333275467603,0.14686609634650313,0.1598951927382332,0.2952291193823855
2023-11-06,0.1839818560238824,0.31587254658383995,0.14445109199696923,0.22183528697872226,0.23828798857968767,0.3923169227394327,0.1541825802354921,0.1465373359288199,0.1589672106430633,0.2959029322118219
2023-11-07,0.17337751424768028,0.31819002689843423,0.1437441047855816,0.22063723909100455,0.23060843529873382,0.3911031090407926,0.1519303625107641,0.13959003297794578,0.1565736149337542,0.29783867674128695
2023-11-08,0.17063639875317252,0.31080604671247664,0.1405413806736545,0.21838945481125235,0.23055573099887855,0.3911430691099266,0.1468687309356207,0.13958315703438326,0.15620660069818276,0.2783653574523408
2023-11-09,0.171246283015924,0.3107560953902778,0.1499746958074605,0.2195268969885245,0.23309350177559982,0.38996553227921693,0.14511141797069751,0.14099517030594338,0.15317421678346033,0.2787647380175922
2023-11-10,0.18170105066603476,0.31252237508130093,0.14918340705438135,0.21940980954702186,0.24025463651407716,0.3970334282144979,0.14545809503305326,0.14734109611957008,0.14784198122855755,0.27900741017031383
2023-11-13,0.18105994770615036,0.313874678744316,0.14958865577748348,0.21772389033314282,0.2396523610455048,0.3895965154422513,0.14510135655225573,0.14739731666602068,0.13744206981491114,0.2794479833151368
2023-11-14,0.1818271741245972,0.31515716540744065,0.14944959487933768,0.2148983404569472,0.22173243977621795,0.3814043023050452,0.14558704879223144,0.15013384961263232,0.13404795924995916,0.2798344865128085
2023-11-15,0.1813480018094067,0.3107919909684226,0.15171231533751922,0.21485733132966364,0.21919294538929343,0.385111463801331,0.14664732852612078,0.14933636222557717,0.13509165858803043,0.2604848099635741
2023-11-16,0.18181858232144799,0.31158180009876985,0.15064711987927307,0.1552297443328619,0.22180314554447256,0.3845477813637864,0.13982101654388868,0.14919139811188656,0.13229657662674515,0.25486828571514153
2023-11-17,0.1784129498502878,0.31817680774353324,0.15000150266730675,0.15132612035331608,0.22338343893700027,0.3801691762117231,0.14543091719438325,0.14623409107190394,0.12622037044770365,0.2615023938591577
2023-11-20,0.1786757046586998,0.3045080102883335,0.15158903762493198,0.14968162928294462,0.2281299110961113,0.38214485777344903,0.14552667777598957,0.1466474696367735,0.12627697191486834,0.23934011569008048
2023-11-21,0.17893737173982596,0.3044148246767818,0.15413710273739956,0.1408140498695779,0.23155520147856457,0.3832500777713138,0.1445209968631886,0.14667338297979485,0.12737185023280925,0.23922794556677726
2023-11-22,0.17819809932496006,0.2927022894187296,0.14953550583529487,0.13906084400560656,0.23171952655842695,0.3871277478681292,0.14035848978332666,0.14663805043021513,0.12879006207451577,0.2161588021238394
2023-11-24,0.17992293037342222,0.29321202382070516,0.15346731210728742,0.12606506561419015,0.2310206835359406,0.3918049553889241,0.14036065812051612,0.14492042531825666,0.12951026819296854,0.21680700423361923
2023-11-27,0.17648279534014463,0.28663891210986514,0.1545108902501539,0.1269070089947539,0.22673077427398428,0.38016497940138405,0.13878207401563064,0.14394299844570732,0.10750648290732191,0.19465432246135278
2023-11-28,0.17630679315439232,0.2865667131788742,0.15402681331008314,0.12528051968626125,0.2254500667033337,0.37978774438577256,0.13771196054278062,0.14153853289976204,0.10857820802527857,0.19456321119008568
2023-11-29,0.17474136055560663,0.28265896037518984,0.15246883867586722,0.12503235180195724,0.22882674005654524,0.351242989420869,0.14030232734895673,0.14161186130252193,0.112493207856925,0.19327926273055646
2023-11-30,0.1722962406110846,0.2802847713519805,0.14698211255553256,0.12743046040256292,0.22709566910713924,0.34069766706064447,0.12762331998584187,0.13464794203175046,0.14889394904763867,0.18795323948061418
2023-12-01,0.172065309346811,0.28244936085181466,0.16131913801161124,0.12719524034092108,0.23200711637196023,0.34043100477010496,0.12761167575553645,0.13110334237516458,0.14831150560438922,0.18831171207894198
2023-12-04,0.16800946462302074,0.2815615700730663,0.161163110565528,0.12766599880166654,0.23221690243101512,0.34679158406461297,0.12824389343660755,0.12568079195187856,0.14540115653721605,0.18350212044370134
2023-12-05,0.17562147511331033,0.26582459914370177,0.1574709558405139,0.1228858420237316,0.2323873494359419,0.3361721345205439,0.16493414554048214,0.1252848541069542,0.14109611498763364,0.18676854419749464
2023-12-06,0.17775218107512022,0.2577758059368629,0.16247372328572862,0.09582310802425084,0.23604506058083524,0.3418079794931375,0.16091250595552337,0.12595293716002048,0.14069717217156838,0.18823788910912806
2023-12-07,0.17113105528890313,0.2577362790114205,0.1646539764780084,0.09376445121194134,0.22206072589907302,0.3201376736681732,0.1601116253854615,0.11629502978789476,0.13891688200867258,0.18815768509058012
2023-12-08,0.14761088461848795,0.26131711091468013,0.15720164638951759,0.09160007962465387,0.18632668119810789,0.3013473387848538,0.16144655596990873,0.10713225116151509,0.13823456136035556,0.19168377393456743
2023-12-11,0.15661247351897029,0.17287165066194632,0.13935942967493392,0.08595727143996035,0.18968489938289232,0.30937779616003763,0.15425471475231572,0.1042698365625355,0.14088526096693738,0.1850419901604421
2023-12-12,0.15527518377160662,0.17333510957243328,0.13770616880934017,0.07613930533689744,0.18180227885226172,0.31167293590170203,0.14804732081502675,0.10150419905177327,0.13860523866783772,0.188942869797379
2023-12-13,0.15907700198366814,0.178713398760254,0.136416234298292,0.07760024159461038,0.18207727491031583,0.3088555845644394,0.1569736096556795,0.10541707687094833,0.13656245895946198,0.19158955615390766
2023-12-14,0.15406894857360054,0.2040288571055615,0.13718105886715146,0.09176477095523096,0.1869939656719412,0.29339859350394476,0.1742036955404425,0.10349159786083066,0.1571120979998976,0.20894653395338514
2023-12-15,0.14739396143805175,0.18145997915931963,0.13981940174714852,0.09074443594127887,0.18934729242837547,0.2857655700127603,0.16985518824778,0.0935860104979939,0.15611279621725746,0.1832697513925419
2023-12-18,0.14942396989724127,0.17980143145796057,0.13869135855258857,0.08964994735799865,0.18688744005124136,0.27776924622842714,0.17523326751645607,0.09213966426612794,0.15553239533927368,0.1828338447837645
2023-12-19,0.14583327985377947,0.1825449595510234,0.13952923531703504,0.09039127597906049,0.1850953586921686,0.27753971496289964,0.1741335942966186,0.09257708280470439,0.15537060326644636,0.18106062031040873
2023-12-20,0.14724021149855387,0.17641406624333392,0.1520632138884657,0.11041073249104652,0.1844801898680712,0.2934164409740079,0.17908676336903137,0.10471755140446411,0.15905110427942828,0.1818244004823782
2023-12-21,0.1471314739569869,0.1700763456538059,0.15382901680751443,0.11158574134292099,0.18462687355430468,0.2954131810920848,0.17928019524639632,0.10651303529689887,0.16108754715035736,0.17893597539598502
2023-12-22,0.1481992043312095,0.1692687469916736,0.14076493255692057,0.10955827640959219,0.18311761022018744,0.2951680164665317,0.18063218878525425,0.10175211887753145,0.1604466992095574,0.17901002594567658
2023-12-26,0.1344985768574527,0.16980588142809855,0.14057450650655512,0.10986942049182229,0.16901765717132913,0.28407712485469433,0.17979591787001356,0.09468546436846936,0.15972377040757474,0.17768211573227063
2023-12-27,0.1312918270628228,0.16998631642754347,0.1405956441534551,0.10970704095865721,0.16716247294174705,0.2837362904404531,0.17826980479534926,0.09409448239282225,0.16048684210213038,0.17520026133549232
2023-12-28,0.12562227060814257,0.1756079186392125,0.1404856436181049,0.10960522000225925,0.16516196160544325,0.276996026963547,0.17827104366077834,0.08002915117129356,0.16092222915864923,0.17909410695286312
2023-12-29,0.12687830072217127,0.176217727122199,0.13956221248500403,0.10971684010202111,0.1652148118623076,0.27306155103129887,0.1790995536965676,0.08136207887562595,0.16103073653637406,0.17854597117223578
2024-01-02,0.16301976344301686,0.16864334705951858,0.14846971599657657,0.11651862601751489,0.16219192260349383,0.28236224986899394,0.18268650297663758,0.0842745500409924,0.17648768460561173,0.18968033745845567
2024-01-03,0.16419682782841977,0.16872449958863384,0.1482361532261519,0.11652828213286898,0.15459981036939657,0.2842885482346471,0.18058556745116158,0.08906241401666722,0.17585584237994648,0.17707212851507836
2024-01-04,0.16469307870490005,0.17265048868155364,0.14770798714796612,0.11746297321306187,0.14325348779242988,0.2771609266362938,0.18088047933076226,0.08802939794234295,0.17641972658347838,0.17834058499815583
2024-01-05,0.1646646279706896,0.17253879913589473,0.14673397997278342,0.11436820305474166,0.13956818688156974,0.2848903849384317,0.18199060356997956,0.08748243437681852,0.1804744450996561,0.17865760466270061
2024-01-08,0.1804210607133286,0.1738828436028359,0.14620199760975752,0.11465648325229771,0.14554475200039158,0.3319069759959165,0.18162444536741917,0.09510030491189343,0.17904026170885204,0.1844238422698066
2024-01-09,0.17956073268792183,0.1899802911589961,0.14385460652351958,0.1149223794760868,0.14580639466397327,0.327782731911628,0.18192597044496514,0.09548396333179504,0.17837056749208682,0.1863107474514243
2024-01-10,0.1805342813594757,0.1912463376725838,0.14072948650956793,0.11474345302574404,0.15534266460997836,0.33199460227237315,0.1824209006847107,0.09569837606154581,0.17747893941571746,0.18746983512270443
2024-01-11,0.18032390255449818,0.1904719539540894,0.14208007693347566,0.11688064542542273,0.15282218913850923,0.32993478814233507,0.18157387621458265,0.09588483214882078,0.1770718624228351,0.18749183825265436
2024-01-12,0.17992659743342904,0.19150895667947648,0.1429869423078221,0.11759657680509118,0.1521541437016869,0.3304657770440504,0.18026458471032386,0.09566742975492157,0.20044699627365214,0.18770624206561132
2024-01-16,0.1827423413270848,0.20482089349052462,0.1414762946961857,0.11585413627861953,0.1525219083959131,0.32353875511001867,0.17442335692739114,0.09668085622919934,0.17225523254858546,0.19750466916153114
2024-01-17,0.181560036406113,0.2035894117711083,0.12394542950525697,0.11563074938422385,0.1480878555437059,0.3249705558209961,0.17387990973812575,0.09781949575763675,0.17557755800475516,0.19778264469462234
2024-01-18,0.20484177086631997,0.20514981711308056,0.12436575416484053,0.11562111989106733,0.1430429701499933,0.31120855283802873,0.17427156492094387,0.09843062233664976,0.1805594747902882,0.19750251178337713
2024-01-19,0.20046650696860166,0.20147397830487107,0.1243032679495409,0.11707711296969332,0.14458451309587705,0.32355115264493445,0.14138031893156605,0.10318355474824374,0.19137581735424927,0.19047297214668726
2024-01-22,0.20291643887813313,0.2014254397634627,0.11867935625781632,0.11789152575445472,0.14178947513268061,0.3103251291663923,0.14140213573040447,0.10159230109990744,0.2013563114170539,0.18697642461455977
2024-01-23,0.20170284297170477,0.20158550531169883,0.12669620360861636,0.11838996199015099,0.1418314936316478,0.30749982744399496,0.18429903311716728,0.1003117850847736,0.2024172758389983,0.18912862048751125
2024-01-24,0.20080326401769644,0.20625365211334937,0.12623537872271995,0.12734635402141337,0.14196490792749658,0.3095360170321532,0.18598430061565593,0.10011429816041913,0.2020353202333733,0.19290910178818757
2024-01-25,0.19718897063302124,0.21857820400347955,0.12615981586552197,0.12615037199254178,0.13881926629917543,0.29898769336932024,0.195751685491104,0.10047756157540107,0.22681562855434248,0.20640280039035683
2024-01-26,0.1975684399485206,0.21469089111581335,0.12619421378649487,0.12516370726611736,0.13866144928197202,0.301445934779155,0.19570546876084774,0.10059774537309298,0.23569507905499965,0.20129370391245777
2024-01-29,0.19102965646380968,0.21105974285590282,0.1258116887495051,0.12386909174307097,0.1425154537483526,0.304586791936898,0.19014719715421327,0.09583838233120803,0.23482546680380575,0.20014910617739784
2024-01-30,0.19810118270946014,0.18308806378933884,0.12507032908942964,0.11589632678123386,0.12164528971015999,0.30464012111268995,0.17090602371817404,0.0959500235380535,0.2233370182746294,0.19084907280956648
2024-01-31,0.2046339892962424,0.19013204653443685,0.12036692433443147,0.11554642229415227,0.1474136662866688,0.31572219780942695,0.17001542002349987,0.10865842371203852,0.22895848138620337,0.1988116445017375
2024-02-01,0.20855815337681,0.1902573889127501,0.12094107008078406,0.13453235424939863,0.15214976292618088,0.31576768457183363,0.16867606261344995,0.11348159678874302,0.22907009769992806,0.19822431692739037
2024-02-02,0.20781878472266177,0.2055303149380571,0.12418711280795605,0.13614238565256953,0.15874682232013074,0.33359578478893787,0.17092578969339361,0.11584360141972855,0.2297413080744367,0.19477619110319414
2024-02-05,0.20873747985610627,0.20359757512305315,0.10935849009012165,0.12300587426541851,0.1634540186225246,0.32902227689257646,0.16203282373340683,0.10767111635059388,0.22908610726759882,0.18887131446773048
2024-02-06,0.21066052375602998,0.20345899297436928,0.1132633969531177,0.12230591868734254,0.16309567745712183,0.3386107892668812,0.16204828493610035,0.10520439630090504,0.23258453392629877,0.1894671933508515
2024-02-07,0.21022098921945492,0.2034546544722408,0.11287752152058622,0.12154037497185545,0.17152046383868041,0.33883760418929715,0.16184012426527009,0.10705971821446494,0.2380871864645175,0.18941669944064463
2024-02-08,0.2106547429630308,0.20509443963329774,0.11629454076844362,0.12160465531229638,0.17153167035595798,0.34314585671043907,0.16281475182552754,0.10684652806035791,0.23810940398018238,0.19563605043325905
2024-02-09,0.21109503029631774,0.21297146812301113,0.11641785124124969,0.12241149810953696,0.17437451605488055,0.34888242546714937,0.1656693272987353,0.10753950791268622,0.2378198494513525,0.20514438245251218
2024-02-12,0.21228349209126687,0.20965452403977453,0.11804635134823102,0.12252759967177984,0.18085659013100008,0.34902847576173773,0.16559503035415787,0.10765325331221573,0.2374941933377994,0.2040195247872172
2024-02-13,0.21401386134009903,0.21138356085660007,0.12088281783371867,0.1236707668589078,0.19480652835618031,0.3495945406476102,0.16701058689532736,0.11596615038125963,0.23730194853462994,0.20576015106546236
2024-02-14,0.18771708742398832,0.21143143943340678,0.10446834273125617,0.11541479369440562,0.18941632750639037,0.3295421878484769,0.16362655456352376,0.11616748422169164,0.2252455614147986,0.1944350362042512
2024-02-15,0.1864893941409381,0.22675715935057367,0.11125035091945217,0.11532793133465795,0.1915487247722702,0.3328818579098809,0.16314102318901755,0.11309331891364312,0.22601402881653834,0.21036029098050107
2024-02-16,0.1843533801631678,0.2239403840369382,0.11117259139848042,0.1149652135254604,0.1910860643587351,0.3354053926117025,0.1628840129143638,0.11395236586994222,0.22504163468278685,0.20852892353385244
2024-02-20,0.1843735371517202,0.22432154453011827,0.11370447989101654,0.13167677586193968,0.19168763049402435,0.37338474285618767,0.1602108439574721,0.11613543136094193,0.2214542272414736,0.2105206719826902
2024-02-21,0.17033269765609518,0.22442889239792427,0.11457158960005619,0.1324287076206638,0.18620515931779236,0.3567309200009453,0.16155742806278503,0.11018870654030236,0.22157890898766242,0.211799374198125
2024-02-22,0.17357784179213612,0.20926846675063734,0.11929065418098649,0.13237412029749066,0.19595925269036785,0.5742363286043821,0.16158879203956014,0.12284992244979978,0.22296876445987945,0.20774850354619
2024-02-23,0.17505028085511537,0.20800359878128571,0.12183573438916186,0.13213431771503215,0.1911929347597322,0.574300066925318,0.1615198306949813,0.1225196519832264,0.22303604870105304,0.20724811991420347
2024-02-26,0.17603501956033413,0.2081672279351778,0.12266343256896169,0.13291581575446948,0.1929057801859499,0.5748411535182137,0.1629899557856016,0.12346402251680237,0.22281722068304158,0.20719859060349058
2024-02-27,0.17776064717226536,0.21121299258451082,0.12064419807165834,0.13132357230548494,0.19152101524767945,0.5755568687577486,0.16460871555366322,0.12339943167977778,0.21065367243239919,0.205000795117015
2024-02-28,0.1752177598069335,0.1965169306223486,0.11596901517467131,0.12982960750398354,0.19134609939222866,0.577781872302957,0.16319767022716153,0.12263297981401797,0.2266802787835507,0.19157864723269383
2024-02-29,0.174912428126271,0.19607985548366863,0.11601650857074143,0.13121179758011015,0.19460506915826037,0.5758155856902776,0.16542483904712726,0.12047690214360944,0.2247107930194742,0.18931604700698348
2024-03-01,0.14522590484803644,0.1931359676450182,0.11592845788529649,0.13304264009317174,0.19281526459203036,0.5812093460677763,0.1639271728587119,0.12071493753580223,0.22138285107254105,0.19081846691420612
2024-03-04,0.15169786218237416,0.21021959998582987,0.12303731034752957,0.1328804230025947,0.19053359927018876,0.5789444116373431,0.16295077209364503,0.11731408977311131,0.21460788311512644,0.1972991192824576
2024-03-05,0.16195337696327108,0.21037444784942944,0.12216606474253303,0.1330320360376228,0.2099824044133997,0.5783219377238744,0.16338847960114253,0.12237894662126252,0.21114106029665441,0.1987285366416824
2024-03-06,0.1586564671726162,0.21212792218537588,0.11285515194045902,0.13229915823330765,0.20943424411720316,0.580190035278376,0.11458716241125266,0.12273409339269983,0.2099863440990807,0.19853971881233842
2024-03-07,0.15904070256087147,0.20579675834725844,0.11205838449548076,0.12395921256718777,0.21382834172035586,0.5863144692180351,0.10836913152319788,0.1250043608814088,0.21488312088362704,0.19423471113066357
2024-03-08,0.16458622964238848,0.19327002653601583,0.11214850900334578,0.12344722885267816,0.21444216950597442,0.619929742206192,0.08820309100404801,0.12665127523166883,0.1850840681649307,0.18335184330877008
2024-03-11,0.1702621890460453,0.19698484464147328,0.11613457741607065,0.12785060168506526,0.21470499042207292,0.6239120617829895,0.08995262397854321,0.12657562930048882,0.19230059984851805,0.1827439133331728
2024-03-12,0.1712274568204695,0.19700791168343587,0.11873849303249212,0.12729081677254164,0.2244439034856255,0.6466731887219277,0.08996371659712102,0.12806045970397956,0.1920646809459946,0.184460007729778
2024-03-13,0.16663798281814712,0.19942638542609217,0.12230671739559715,0.1302703797888312,0.22424203852750949,0.6502449570148744,0.08734996476079163,0.1282154499936533,0.19212552580231426,0.18131880711466494
2024-03-14,0.16396372776929236,0.19306737395009302,0.12755691392112536,0.12862197808558173,0.2185531575377315,0.6567585521912169,0.08856635408475821,0.116952039209742,0.18552375046326097,0.1753052228693654
2024-03-15,0.15735725373901718,0.1932709233263098,0.1286466461781641,0.11032168978775633,0.22473037313751412,0.6570158525007019,0.0809385029278688,0.1150511967921773,0.1846115147370253,0.1746173988198314
2024-03-18,0.1591910401369631,0.1751928892430012,0.1271964749229024,0.10906556928277766,0.21875275732419214,0.6472534012371315,0.07807810343775778,0.11267037077354028,0.18439830670884275,0.1740921123738849
2024-03-19,0.16198449759860623,0.17624619628574426,0.12666310037299117,0.10624238468231079,0.21604138087776592,0.6374526452077481,0.0786216173599516,0.11228003913977126,0.18466997581703504,0.17279738861301355
2024-03-20,0.16635956620477912,0.18122234805847093,0.1196310180584255,0.1086742037627669,0.21708709021160036,0.6329469795061586,0.0777203820034395,0.11437721530055525,0.17869784547776862,0.17312045144784333
2024-03-21,0.20090828150735365,0.18110990503084204,0.11962833328863627,0.10977088247839484,0.21067517901285665,0.6308379008756091,0.07782326212725978,0.11282317578248857,0.17070204555387924,0.1727139646329615
2024-03-22,0.2022455277094003,0.17778465144462438,0.11639711194859598,0.10934944546526239,0.21080766930457162,0.6319233780735309,0.07727722288323523,0.11325303509387638,0.170526575162605,0.16836398711593725
2024-03-25,0.20174187184355502,0.16992408252091298,0.11619729223133876,0.10845519715213889,0.2106852417720003,0.6275368820426384,0.07868526183238884,0.11323697580876936,0.17158287352428625,0.1525938380271584
2024-03-26,0.2012776079126949,0.17121769965230701,0.11482328061130892,0.10845105941593525,0.20736812738644733,0.6356218249329526,0.07844057305529649,0.11350257376195687,0.17714507854009884,0.153621847376639
2024-03-27,0.21167467298635914,0.16884995438039874,0.1189643130930591,0.10859510549324741,0.19649461338076335,0.6425791469284778,0.08371085964607425,0.10586190998703292,0.17737021120504914,0.15029913585447638
2024-03-28,0.2129676269316949,0.1701265436563291,0.11793056303172147,0.10844135556960333,0.195071016511043,0.6409927544233137,0.08282216862647575,0.10388677828979943,0.17782598809357628,0.14893645669223646
2024-04-01,0.2137005930424749,0.14199399351835226,0.11141898887601956,0.11186380342931718,0.19489003921956372,0.6372926907719846,0.086357568349309,0.10316199445282258,0.17754361526673904,0.1308156701380067
2024-04-02,0.21339628322586723,0.14233156891573,0.11135458279866949,0.11534239570048828,0.19533994870921711,0.6389970835026487,0.08607896229784781,0.10398086355730528,0.25341415053953253,0.13767076309927953
2024-04-03,0.21435944087987407,0.14170886461296267,0.12599467584234028,0.09718579903705847,0.19519023103098967,0.6217556579998896,0.11703618812035957,0.10191617026535243,0.2542118612086024,0.131776999662907
2024-04-04,0.21363391058431086,0.13969761310784626,0.12836858171176094,0.09636913385706979,0.19626016189851964,0.6250595787070613,0.11146184641384595,0.10950658989834927,0.2541251345721024,0.12343921724049278
2024-04-05,0.21074649971606743,0.14025172351465656,0.12285906236172336,0.0971529447442806,0.1916253207263243,0.42172162623364245,0.11234123822472372,0.09693727753672346,0.2516456635999336,0.12523801146744754
2024-04-08,0.20995177353095495,0.13936794413528417,0.11923752346988378,0.09754457183234298,0.19145001627514863,0.4236947821386902,0.11176577547173014,0.0969396726362353,0.25148567704706515,0.12343274909706882
2024-04-09,0.21130706500495156,0.13938733460502864,0.1200690687946284,0.09798406901312356,0.19006688332463847,0.4294210660982241,0.11200784585403713,0.09600163531771634,0.25417597401556424,0.12339232720665194
2024-04-10,0.21059021373781342,0.1304835221305705,0.12456054066273349,0.1038678256496795,0.19166792293409954,0.43146010629994597,0.11167554041233052,0.10109724044406304,0.2531952468890746,0.12184047031379368
2024-04-11,0.2487756757895099,0.13205380656177132,0.12494779021877157,0.10407931456237329,0.19369301788511067,0.4415433021514271,0.11321268810607435,0.10288966461316391,0.24552149146263708,0.12426545068211697
2024-04-12,0.2502068285932562,0.14401868168334891,0.12596388114654256,0.10907882731012235,0.19496542996486627,0.44939332747214655,0.11199681072953453,0.11095267530943934,0.2450183727316727,0.13328826856537593
2024-04-15,0.25726666952111016,0.1464915449247534,0.12437798965972247,0.10690573748614789,0.2032364145447544,0.4434705092673136,0.11208215840128773,0.11351984678173323,0.2502006237204427,0.13447643281037422
2024-04-16,0.2527805428022599,0.1261020105692595,0.13145858721676465,0.10578056186673297,0.2033065785085988,0.4339375387147062,0.11163832309135441,0.11357812236312527,0.29360080217980083,0.1286819022334604
2024-04-17,0.24015352137397383,0.12577451307646095,0.13190512841704025,0.10777333544764635,0.18422954974861494,0.44832401718181497,0.11354252594976331,0.11119019465141268,0.2955573805324356,0.12715251932759114
2024-04-18,0.24012093685130834,0.12327570621511451,0.13501709660632288,0.1097201347072892,0.19239895737944024,0.4385908873280778,0.11641499299827822,0.11010748249895412,0.307106875517403,0.12621623779694754
2024-04-19,0.24259237242917284,0.1285181168353932,0.1445615838588614,0.12592269910013634,0.18873986139220347,0.5028852412479597,0.1158650180180887,0.1079382943432019,0.3082081658792623,0.12818949162123455
2024-04-22,0.24103260611624552,0.13152370296638788,0.14661364127182486,0.1269626339784251,0.18836022905327354,0.5001244889831262,0.12409966835424262,0.11098218029950434,0.3144563044150805,0.1272009560890763
2024-04-23,0.23905171372690454,0.12730914142466368,0.14232956894856585,0.12245294355962166,0.19415681082854594,0.5098699999150996,0.12341633658850014,0.1167653210994199,0.3067937549925976,0.12701605528295337
2024-04-24,0.24213891588988393,0.12710917042531092,0.1383314656821558,0.12907733605836097,0.17787888034516314,0.46948389722398814,0.12475086067373316,0.11201433612245142,0.3068659664758394,0.12393359282483653
2024-04-25,0.24022993741933277,0.12536217628996293,0.13903002333324443,0.12619338359495688,0.1910512334128363,0.48397595525589443,0.12463347823503847,0.11236556901875963,0.30917195032176287,0.1219619287036506
2024-04-26,0.23808532780120095,0.1222766220021079,0.1366810731562493,0.1259197147520251,0.18461942048549254,0.5100222755428733,0.12592345038357064,0.11606472575626478,0.30922456595825504,0.14483232910522803
2024-04-29,0.2491314912438297,0.12192670294881923,0.1378932539340114,0.12205195899168249,0.17739871803684965,0.5099988825127655,0.12603306660677868,0.11486675986022801,0.31146669691403406,0.14865743263511544
2024-04-30,0.2540906026351758,0.15430660968010082,0.14157641932343676,0.12275225603054168,0.19850181762689711,0.5116447932148749,0.12874427068182437,0.12225331110991514,0.3123006992447488,0.15249937450097337
2024-05-01,0.25096332262240933,0.15648843396294426,0.19887617823719683,0.12283003221583938,0.20135900598175435,0.5224903452275776,0.12840362173918626,0.12100315475310677,0.30991498379960514,0.16293538972138877
2024-05-02,0.2558438161623027,0.1517493653153787,0.19994594191116025,0.12065708026414525,0.2005910683796145,0.5313021743399235,0.12854697161449427,0.12107992874055072,0.3146052005170341,0.1628650976142393
2024-05-03,0.2841766370221553,0.1522515068472918,0.20011880781708088,0.11974493519623315,0.21000378848048581,0.5402004158726816,0.12879145690734406,0.12661284898092356,0.3142359153185731,0.16276410174100028
2024-05-06,0.28596542228043753,0.1556930577956288,0.20026478386224475,0.11985994498251538,0.21684862162037874,0.5438400746085748,0.1286805137809604,0.13048331665174467,0.3142258806147823,0.1635713801421288
2024-05-07,0.28434882884238594,0.15277680605625907,0.20034358247412992,0.11998080691547876,0.2152912427464731,0.5455078922349523,0.12677794347576654,0.1303213467824553,0.31515113366876546,0.16204421662283716
2024-05-08,0.28307244137773807,0.15053711500539835,0.2000032048220515,0.12015159902930894,0.21550900114458119,0.5404830989352736,0.12775687099634567,0.13022137564968095,0.3132660594205096,0.16028638664953723
2024-05-09,0.27850461866191195,0.15713964468669728,0.1959211289715138,0.11841162231200544,0.2160228017357558,0.538204551252768,0.1237698039281852,0.12894614673321111,0.31385970119408585,0.1673038109051678
2024-05-10,0.2772388584045619,0.1557577830253574,0.19579803867753406,0.11924230439699474,0.21681283444973942,0.539466295790071,0.12390602815514756,0.12901428402258472,0.31522650423014614,0.1651703810426978
2024-05-13,0.2787003760115437,0.15673925393227134,0.19809878973819917,0.11639297580783703,0.21497823930112553,0.5396921989620485,0.12097874366908799,0.12892290468338954,0.31353679715206767,0.16423203845929246
2024-05-14,0.27710607605551535,0.15762309766108323,0.19820055176976956,0.11552786165968888,0.21514072920139227,0.5394684632707476,0.12105112721890957,0.12816852219584268,0.2429450896779958,0.15486612802966224
2024-05-15,0.27819900039925155,0.15777214108441284,0.19006700219978226,0.11370801289609435,0.22109504930206264,0.5482003055516053,0.08498742254573353,0.132853814806301,0.2431160039183343,0.15653895027281048
2024-05-16,0.2771360924094391,0.15792467801171226,0.1895434175261832,0.10913733906880475,0.22082260845140783,0.5372000320421882,0.0839905035125878,0.12743696347097763,0.23982003182817227,0.15716585454165227
2024-05-17,0.27736848007376025,0.1595585587757155,0.18958544921725778,0.11080296107815145,0.21426805430999216,0.5376865380894541,0.08470636550499239,0.12428909837735407,0.23959457229939357,0.15815795114891398
2024-05-20,0.27558314789451593,0.1620279219104174,0.19349548134692432,0.11272024199127563,0.21719106195264548,0.5403101593929869,0.08531504456279239,0.12429386012918837,0.2455535317207554,0.1586953196028973
2024-05-21,0.2755507920311444,0.16299182338769397,0.19305787009311723,0.11193255647330003,0.21833047941330921,0.535617715380453,0.08588446260890609,0.12438733039621849,0.24638531890752227,0.15898336510221422
2024-05-22,0.2739818124974574,0.16809560543870564,0.19308821869239534,0.10232368675688312,0.21733871895546314,0.5341484065683965,0.08745611698319358,0.12066408996084461,0.23585616889300173,0.16624104440149048
2024-05-23,0.2578385795638089,0.16794156715999128,0.20508133719553007,0.11319391202512909,0.21654578455758483,0.5849737524137129,0.0939091569441138,0.12137110522599999,0.22894958199574753,0.1721651600682685
2024-05-24,0.26053979520030146,0.16029258380125155,0.21066797710075832,0.10474892290006907,0.21325976631391821,0.5797847771597541,0.09296689995460196,0.1146494567957965,0.2357254700528282,0.16974074757069788
2024-05-28,0.2501800765938693,0.15971774291740426,0.21692069486454132,0.10494533457770197,0.2043514244254863,0.5992871284918753,0.10352260292881535,0.1070250492883683,0.23717958155727412,0.17423847211704682
2024-05-29,0.24101122935930733,0.16290051079412018,0.2076726898706033,0.1051191732228167,0.20468274238614995,0.5990074562549171,0.10802528755724108,0.10951271500960637,0.2216025074421069,0.17525724543441654
2024-05-30,0.23823513714569924,0.1646058716469857,0.20821540995354207,0.10397776496379094,0.2276667792725882,0.5983105585279226,0.10775186641960917,0.10995186413239882,0.21396635017332585,0.17569255698120156
2024-05-31,0.23626333831850388,0.17869537300829771,0.20912511020918614,0.11035154213281999,0.22060219120492927,0.6004867835140999,0.11020841713901552,0.1115963278171685,0.21262950146923712,0.1956326514450772
2024-06-03,0.23092646052857857,0.19516069225631463,0.20573528170711766,0.09432520301259045,0.21726314082771378,0.5136236243899509,0.10961359597398357,0.10708375665234611,0.20763536848394917,0.20431880959277463
2024-06-04,0.23120282650516114,0.19310835259618436,0.2043803967781412,0.10249668737184645,0.21751380750937985,0.5060950565957277,0.10871438936404781,0.1049976624276785,0.20426607827120302,0.20735816124948311
2024-06-05,0.23129061886290073,0.19298205381483458,0.20730042512560545,0.10268272878203581,0.21920471766153649,0.5139071190636704,0.10967482615153534,0.10501314651842755,0.2022069907978277,0.2073815758543923
2024-06-06,0.23304143703742144,0.19348077114666373,0.20662721867114012,0.09494261518869493,0.21910763464688968,0.5003696416218546,0.11543614615540682,0.10493252790591015,0.20244535760819934,0.20910377014303516
2024-06-07,0.2340693250964232,0.19045027785629123,0.204158513860756,0.09594395375533421,0.2052072699970677,0.4975711052458138,0.11867542906538435,0.1039764846012131,0.20988235687620582,0.2103578058711582
2024-06-10,0.24327249146761656,0.19058409642833474,0.20360007850554168,0.09755832597030314,0.20076146322635116,0.47596947620910895,0.11578813618355192,0.10159955062187047,0.2112942787716114,0.196117023684323
2024-06-11,0.3086206344649759,0.19017994573139854,0.20341146146851732,0.09696818465506721,0.19928014898304336,0.4779553111736683,0.11575341737081209,0.10148102996574795,0.20784571468868404,0.19158775969877284
2024-06-12,0.3062686297417812,0.1741592830245688,0.20015427214998163,0.101396457737684,0.17589525798004638,0.4761014154308757,0.12074630270104553,0.08838299666077341,0.20607446520765726,0.1914177170339332
2024-06-13,0.30357852964173804,0.17364172750167053,0.14777324641690043,0.10128321512940384,0.17344168690969905,0.45402310105428995,0.12243677352072461,0.08669096062746308,0.20732989776578825,0.18544245112641325
2024-06-14,0.3041489731709021,0.1720041804744862,0.14616921709826228,0.10127759593828965,0.17317788932355796,0.4508445147752082,0.12238281598276668,0.08454701610594974,0.2007311294438843,0.18626743170729318
2024-06-17,0.26316681954163545,0.17263172649952818,0.1460841610709123,0.1010532222145294,0.16663531420197167,0.4510148998136747,0.12249652294379001,0.08089712799444895,0.20372875531987159,0.18685359968741164
2024-06-18,0.26414248329727835,0.1676816305387092,0.14563430544001355,0.10080464736607854,0.16304135354738106,0.4498494069347398,0.12356997178513843,0.07722421005981739,0.2089946318463952,0.18819522399577593
2024-06-20,0.2756520380104498,0.1803288229707635,0.15195418707565994,0.10244124095750856,0.15899357057474442,0.46346793702447014,0.12287477850062219,0.07839946147653282,0.20617514200858866,0.19972565778511658
2024-06-21,0.27909529970504376,0.18174697109954585,0.15306051336753695,0.10557088856572346,0.16000701644180745,0.4798862506460907,0.12240623068115163,0.07879397921951849,0.20571601087953936,0.2009855029003215
2024-06-24,0.27861193108732446,0.19036319350075379,0.1522399183667651,0.11891961390126536,0.1615605527901501,0.5247316784383484,0.1214198658748522,0.07922106058659914,0.20975194658918095,0.21182564042444385
2024-06-25,0.2766191358279409,0.1905592596551549,0.15689003471682644,0.11816056199876791,0.1618517012270362,0.5505533006583622,0.12404500010952374,0.07949896150242412,0.20843994456345682,0.211872175786712
2024-06-26,0.2776642325448832,0.19440463654448742,0.1546336489294394,0.11768937366117993,0.16105492944979793,0.5509610538833825,0.1231621197559987,0.07938332901812012,0.20844608995668093,0.2118919920939377
2024-06-27,0.27763311318437917,0.19427458452734964,0.1555941262761164,0.11549599222451423,0.16070659863653639,0.558190362509014,0.12409270108570708,0.07889610393380649,0.20864620786485416,0.21146237690893796
2024-06-28,0.28304512612570804,0.1942113485072628,0.15337010866180892,0.11632343695414535,0.1609737576730854,0.5545306169239569,0.12694316415629953,0.0734270326571434,0.25072601746098344,0.21011195165096636
2024-07-01,0.2922943808117211,0.194238817099834,0.1496517386503069,0.11751149687575857,0.1696344257652226,0.5533970314738794,0.1298028309602058,0.07289769836882679,0.2627183570545087,0.2095668357598068
2024-07-02,0.293887948047933,0.19173653246946545,0.14927029549355453,0.11683303180914195,0.16924011179960405,0.5505619857654545,0.13198088292589985,0.07467002295739074,0.2629414288463193,0.20478596311874517
2024-07-03,0.29387894250137253,0.19014644338021594,0.14469071083152626,0.11474602225184223,0.16699175624825197,0.5587037409052863,0.1319296072290281,0.07521664305192656,0.2641613064812266,0.2046415181986509
2024-07-05,0.29772993740275977,0.19389833847684704,0.1459443967223524,0.11529957506797284,0.16976253212475842,0.5652706248425468,0.1330802831896621,0.07621141729636792,0.26097692446432497,0.2064862057823528
2024-07-08,0.29511376720720545,0.18939675678638127,0.1387068617652317,0.12151177327937701,0.17056586061661427,0.5641395633101483,0.1350785870496372,0.07506279663908183,0.26125720108710676,0.2006363887263883
2024-07-09,0.28383494459372827,0.1906282414431907,0.12506558635959494,0.11417236285216467,0.17489301716440567,0.5093560699076964,0.12972582626656703,0.0701214158370453,0.2613025796865375,0.19715536392478636
2024-07-10,0.28456358489790956,0.19473552675380587,0.12256655904468061,0.11409585641894278,0.17786285985454656,0.5097057033950747,0.13116877481133832,0.07261342967407315,0.26287379325687776,0.19907601264528393
2024-07-11,0.2971980357154241,0.1930528969905739,0.10975590244811749,0.1140141641229168,0.19489765240239235,0.5081224925368428,0.1268497512819534,0.07889561696320377,0.2623285502205917,0.19862599079927667
2024-07-12,0.29750760536578597,0.18937469031261728,0.10972884787499057,0.11628390927541213,0.1948687891980241,0.5088725637132278,0.12469369705672649,0.07540685588933309,0.2391525487593897,0.19620527246401176
2024-07-15,0.29892196921702313,0.19332864607654746,0.10998044633831096,0.11713954788039038,0.16296493275443494,0.4942013985523426,0.1295425010244142,0.07060426049425088,0.2383009201317262,0.20226151229531436
2024-07-16,0.2992506876943524,0.1775829388952045,0.11173337063095604,0.11519028955576664,0.1671089649213001,0.4967459117471142,0.1315323054180571,0.0685973076647437,0.29064522460765446,0.1850345138241309
2024-07-17,0.3132716678856171,0.1673478973481866,0.1519148023741359,0.12171726188799147,0.17251901409490503,0.5202562118677558,0.13799568838132378,0.08345881957639754,0.313737158713909,0.17513599702707164
2024-07-18,0.32223775320924924,0.16531288996018664,0.15428930585774142,0.11366121350743423,0.17427521150095035,0.5243305347688142,0.13338214988533795,0.08796629745326463,0.31745077902344504,0.16969904556325546
2024-07-19,0.3223637978277171,0.17229274710876327,0.1497251187995443,0.11361203038177364,0.16846028288852183,0.508409119904908,0.1323542962020116,0.08553393217101804,0.31646458461142757,0.18409632706540435
2024-07-22,0.32099598480555985,0.17654769467238485,0.15034689081766434,0.11621767325940759,0.1721742137179384,0.5260140065966205,0.12564793875986352,0.08960339400339914,0.3194346628014267,0.18434934701330663
2024-07-23,0.32021116164619357,0.1846977572206818,0.1554642546161699,0.1156576921327756,0.1721132659777968,0.526620377497112,0.12648341180105738,0.08969692261214791,0.3114081125368527,0.18784224057530988
2024-07-24,0.3275423579557875,0.18526063105680704,0.17094757688393217,0.11954875801281989,0.2018239698247912,0.5627874263093868,0.12860520047696353,0.11327403005765278,0.3114485186599822,0.19197053451993695
2024-07-25,0.2563522559676506,0.19105965283134588,0.17931673049567068,0.11960023740021868,0.2111198800461198,0.5644242641158158,0.13014214850205297,0.1142929902139871,0.31168089931597587,0.19892547937401947
2024-07-26,0.24343737711257554,0.18586380289873375,0.17584057565633404,0.11985738018682959,0.20880477387030824,0.5539871961020937,0.1286710792539592,0.11641558581096205,0.31238900056820973,0.19545106773269338
2024-07-29,0.24304855359588126,0.18539033214056563,0.18194306732543042,0.12098649774855812,0.2091233742882383,0.5427419036038897,0.12775996892027053,0.11630889387083372,0.3136297394321514,0.19666752062267578
2024-07-30,0.24162033248188006,0.192426230787253,0.18656806075899135,0.1246027603648742,0.21009664479161924,0.5709965258813658,0.1916610464731488,0.11732600502487286,0.3151993325067206,0.19942179013180722
2024-07-31,0.23885702469287046,0.19265805052183513,0.20023819010298904,0.13349141808344006,0.20713292705123942,0.6929731753909373,0.19159218454932625,0.12441276541692714,0.3115779615465475,0.1973333440052637
2024-08-01,0.24192181593849546,0.242049689488351,0.20477175341167736,0.14123747069145107,0.20703142162116864,0.7072234838230078,0.21171726252167758,0.13110855562344007,0.30635669129134185,0.20229298780056965
2024-08-02,0.2330586029597536,0.244967710170423,0.20863130111355935,0.14663060977199838,0.21382719332716316,0.7027356069237031,0.2248274253434808,0.14145888173395152,0.31401594557684975,0.19398099663537838
2024-08-05,0.27243725686770603,0.2544055489366334,0.21722073433408223,0.15804477930198513,0.22739910093138976,0.7187423775072617,0.22760460234294513,0.16368310195252436,0.3340139497004196,0.20005212258961627
2024-08-06,0.2738803131340688,0.24073902448522091,0.2226937345765143,0.15049185147913427,0.23177668161455905,0.7065474593695135,0.22758975055260644,0.16658815125007448,0.3336485568634044,0.1816936367817033
2024-08-07,0.2759995574949978,0.2407684827136791,0.21819492466765902,0.15037810911619082,0.2294398781777224,0.6867576054231954,0.22792086245410634,0.16659161446960447,0.33122838918058084,0.18556728733751177
2024-08-08,0.27407783976495653,0.24330036292156904,0.21822544130581295,0.150424647578934,0.23262427290883123,0.7145096346891598,0.22809982751647154,0.18123814016329712,0.3310421276172655,0.19328350888467075
2024-08-09,0.2767061981638028,0.24350707468523272,0.21618935305741582,0.15009760830053032,0.2347645503020229,0.7133407683138886,0.22758414278374292,0.1817539710161205,0.33543473900829773,0.19416273198200348
2024-08-12,0.2726883341107131,0.24346355406859363,0.21740107444198875,0.15167089112763435,0.23350551113850945,0.7253886484234459,0.23500119808485342,0.18153703378255792,0.3117450460760574,0.19415105974700836
2024-08-13,0.26417127844562,0.24350269437749683,0.22034499444649314,0.14976660796581592,0.22991555003100284,0.7517703788390034,0.23126051454773372,0.1880494386714214,0.29799047288860975,0.19652869850611102
2024-08-14,0.2601635807814276,0.2438936756361066,0.2198286855344171,0.1491283460010417,0.2303760611055285,0.7526267629311627,0.2317189468381694,0.18719908125299614,0.2981934446733188,0.19657088794632205
2024-08-15,0.2625130187843861,0.248931966538834,0.21929925571711478,0.1492168254590619,0.2337536232795275,0.7499914002280639,0.23244060751396087,0.19347516296032816,0.29135159062160704,0.1967751048017244
2024-08-16,0.25546128150071895,0.24613023718678428,0.2192033651541487,0.1494606986017193,0.22786681533816588,0.7489428512433215,0.23142904805629552,0.19285785209973774,0.29120952256681404,0.19347701443197038
2024-08-19,0.25474207141663896,0.247673742210926,0.217308889989462,0.14335938892273634,0.230023341959457,0.7574888445845908,0.23057046469977655,0.1948049306177901,0.29129454965463725,0.1899947121650346
2024-08-20,0.2546227204683523,0.24978989576203056,0.2161129525628046,0.14182203898935156,0.22961952562679183,0.7569429292015917,0.23207691888575785,0.19487625627783386,0.29138765046058474,0.21303612357591156
2024-08-21,0.24819985601550795,0.24614269568962988,0.2130186201705831,0.1417927318504918,0.2238941218744166,0.7532934862580594,0.2315764842284468,0.19298691965045925,0.2904371927779549,0.21300337034856576
2024-08-22,0.2401097221104938,0.24638651681272142,0.21318109617532377,0.14315720755271188,0.22043046200763375,0.7433187856948968,0.23019423052780744,0.19269804409970598,0.29058499008654337,0.2114810716444785
2024-08-23,0.23890561608700597,0.24980010386147888,0.21442137008793982,0.14229337034757364,0.22107680726172588,0.7539082546253599,0.23049988378197322,0.19431481414574375,0.289648229941539,0.21482948287473755
2024-08-26,0.2334284753277431,0.2455856091287524,0.21327757874316353,0.14447021691030948,0.22131966993561294,0.7567558964414822,0.22778607970306697,0.19429900931229072,0.2895182958835738,0.21791487233101925
2024-08-27,0.23369191694661576,0.246923017471546,0.21237867100932428,0.14247214429751245,0.22061286012594689,0.7560836296159172,0.22549147064358016,0.19354366121826752,0.22575353295630496,0.21941604521440708
2024-08-28,0.22274780019168167,0.2366328360319631,0.18670999385141698,0.13858534037902073,0.2188492133388459,0.7317837233421701,0.22149536576045697,0.18984650736864803,0.18716627812187286,0.21797704968300224
2024-08-29,0.21810795225921253,0.23849187678467598,0.18463788106486947,0.13820064599837437,0.2197472164279433,0.7532867587828317,0.22126871930935552,0.18838977167904683,0.18078610836423537,0.21982003415167342
2024-08-30,0.21847861430222956,0.2349402890991994,0.1847844880834581,0.13826346187667216,0.22167113269124147,0.7503005426311407,0.2224611940160421,0.18896619143860457,0.18114724369633234,0.2087067318849242
2024-09-03,0.23306402014435335,0.23995327459978605,0.18460275015074454,0.13429828677603223,0.22245302915123755,0.7873198647560917,0.22759022274874885,0.1967174264150393,0.18017063141243778,0.2170615598094112
2024-09-04,0.23391098768784116,0.23962443819232754,0.17897346990668467,0.13749638651956267,0.22155979474269016,0.7881721428989946,0.22590163473411526,0.19675373777546765,0.1790204447508015,0.214746617519248
2024-09-05,0.21880053539150832,0.2387729320278238,0.17299136576454982,0.14965247154672132,0.1979346155297953,0.7647570367020007,0.22540983977599988,0.18497538388486662,0.1848117485816313,0.21209599553758374
2024-09-06,0.2193779024900459,0.23540920653022526,0.16362233653185781,0.14986022790231637,0.19103314816722083,0.772140384242463,0.22412327214503447,0.19109945123983327,0.1846882842939316,0.20261797751405136
2024-09-09,0.21933104219346441,0.23963644692425307,0.16689131303496607,0.14702616859576745,0.18674198559830787,0.7793073111189616,0.22150926659016718,0.19109750898387923,0.17950774963738256,0.21248992413452858
2024-09-10,0.21965485689223477,0.24156785032754555,0.16132881823972275,0.14734612542888853,0.19726917226876037,0.7797878021423291,0.2226420326812843,0.1914772477990317,0.1794146995333022,0.23536099864028687
2024-09-11,0.22196487272882934,0.23190736029458975,0.16216472721912137,0.14611538472433883,0.20583099419377793,0.7846753734220913,0.1798742875822136,0.192880184025707,0.18045405317464625,0.229560461690888
2024-09-12,0.2178018873813104,0.23369580913345478,0.14758492285565086,0.13846270967935667,0.20479840390031528,0.6947027086723182,0.17881965195258953,0.188727875312961,0.18064960516709408,0.23361668196051164
2024-09-13,0.21184667960799658,0.19505699851995323,0.13933117180816648,0.1317351156881638,0.20562127888093423,0.6639704674022513,0.1578775374778902,0.18388344708376772,0.18144504288734564,0.23080496771953893
2024-09-16,0.22644636957917266,0.18413683710677795,0.12837870313328495,0.12227506834892306,0.19488872594692128,0.6644718824026605,0.14803457004567458,0.17401019035124007,0.16087658223624268,0.235062381338593
2024-09-17,0.17543260608036,0.1702274942408601,0.11586544198342062,0.1092884099009312,0.16579550255996836,0.6348615574832036,0.1452289584075966,0.14728183526023744,0.1380339432996231,0.23253509880644305
2024-09-18,0.17867669962629568,0.16783545101272362,0.10821403799651567,0.10928025350394668,0.1683623343771429,0.6311102642228968,0.1497989242139223,0.14694823326038886,0.13811430401590502,0.23212191916113464
2024-09-19,0.20345064811335953,0.16777233634965993,0.11170801601631893,0.12003449486549146,0.17343003569287427,0.617378006072153,0.15249299281280576,0.15019047344643705,0.13891963124774145,0.2316946546015951
2024-09-20,0.19994493392112309,0.16321092256436603,0.11088109271597575,0.12577078334133143,0.17488344771505596,0.5982051302852882,0.15831049331038594,0.138436606387363,0.1394954772001334,0.22554956169630977
2024-09-23,0.1989551567853257,0.16677124467689589,0.11252105378306698,0.1255773305263229,0.17512635898152293,0.5979512368511516,0.1584156999919832,0.13830911328734005,0.1336276447705593,0.2306313312060846
2024-09-24,0.1984101653850303,0.16682208439817273,0.11185555720059033,0.12451840891260373,0.17873131919355445,0.597368871698544,0.14386253796699128,0.13820554100552745,0.12993611088670298,0.23071575391416832
2024-09-25,0.19342452632429863,0.18046289724794262,0.11564014095469424,0.12429539305157106,0.17307804625342282,0.5714099324487945,0.14517052048426474,0.13222061033567123,0.12189453737845941,0.2359446637663608
2024-09-26,0.19379025430247165,0.18473862970743354,0.11626982591464058,0.12448662999804978,0.17258752113822015,0.5698947790279085,0.14383769540875702,0.1323126681407351,0.11897014605501749,0.23885245701068347
2024-09-27,0.19008436675123783,0.19372201589575583,0.11594847437433999,0.12497104815622638,0.17143943627053804,0.5619725023239445,0.14268658667370102,0.12436796621647729,0.12426643937804978,0.25163797901600954
2024-09-30,0.2003411209268219,0.19670676558394537,0.11630995828092286,0.12369345981466208,0.1707603972330178,0.5604534951757494,0.14293330478959657,0.12459861134405935,0.12446926935791257,0.25401190427199755
2024-10-01,0.21866531602648195,0.20098413654242378,0.11634803082331643,0.12346589599915188,0.18243319508743144,0.5541528958985277,0.1429068212924051,0.1254636924455068,0.12467940945389597,0.26271589141527113
2024-10-02,0.2186429846635408,0.19675927407349972,0.11728262564595976,0.12700107810169747,0.18249460495869274,0.5539335797469995,0.14062560607718114,0.12527899353118485,0.1319011195113826,0.24462962924000733
2024-10-03,0.21912399227595794,0.19657908838874638,0.11584137222342597,0.12893427382813077,0.18248835003847394,0.5624737861575343,0.1440066922881934,0.125221025700709,0.1309578016279175,0.24401070688379645
2024-10-04,0.2181581310887296,0.19701130713944828,0.11466474861041859,0.12943251255659594,0.17269149332659145,0.5539902156401129,0.1455624076687395,0.12496155661160525,0.13137156592398924,0.2478720777607052
2024-10-07,0.225866651626841,0.19389104333190277,0.11039416447816436,0.13731683556885935,0.17835332696220005,0.5417515953022748,0.14771843842897317,0.12496437076785755,0.13428069829206973,0.24575201137450864
2024-10-08,0.232492509819681,0.19901663277525675,0.10998992568107457,0.1298908837446912,0.18087206679825774,0.5495722087046808,0.14740952829481904,0.12730780888319534,0.13398606630299814,0.2530961468722768
2024-10-09,0.23733693648511678,0.1971354325467781,0.11154738730219659,0.1278893396285351,0.18183704317748278,0.5484329208230502,0.14759699296144776,0.12851357173261782,0.14250837432925947,0.25113557490200544
2024-10-10,0.2365197046509686,0.1966274518668919,0.10988477060063763,0.12775941058307902,0.18064925913568874,0.5456750407251751,0.1476665882235846,0.12716534535508434,0.14572365335925344,0.24967222703968472
2024-10-11,0.2334779886676081,0.1953593624058962,0.11131354551092297,0.12791834504308494,0.17987013379907624,0.507838325388092,0.15131812569458186,0.12787229179210646,0.14510487520882126,0.24721675261448756
2024-10-14,0.23818313620854545,0.19524879466560155,0.1069203831489172,0.13117555063648684,0.1787260857701296,0.510093138629997,0.15103939192869165,0.12717273738458632,0.14875200784759932,0.247098138952416
2024-10-15,0.22503098944107516,0.20019476943303915,0.11433743371522145,0.12889326936934437,0.16980618812898396,0.4418647761969389,0.14327342316246908,0.11257588787787799,0.2766729739941803,0.25565934534537826
2024-10-16,0.22512502142741295,0.19282362985675966,0.11432427188224305,0.12849679080295942,0.17094196617271973,0.44147394696364484,0.1424525058004267,0.11222173712551327,0.2876762621946517,0.25233527441694736
2024-10-17,0.22458059245138956,0.19533929834460906,0.10690730277770266,0.11912533709925553,0.170861687789766,0.44146809729059444,0.14234913411139813,0.11159842507453709,0.28608164246994355,0.25102103560706873
2024-10-18,0.225160838301951,0.18745450289987925,0.10695903644260253,0.12139834230975415,0.1630957601441719,0.4159236878780798,0.14231201418564185,0.09622080380455571,0.2867683111250057,0.25063741387722144
2024-10-21,0.2254063781223623,0.18526082742016575,0.10665937127897869,0.12405824211225697,0.16104046645364076,0.41941936196836865,0.14459274268850056,0.09358187890616068,0.2868758857814079,0.24423138683102355
2024-10-22,0.2251939940389492,0.1780860879549856,0.10632917337604328,0.12368260852645618,0.16098204900124694,0.42038087567858007,0.14105026897625533,0.09372888321785786,0.28554696605372226,0.21615427454595953
2024-10-23,0.23383037184081354,0.17819287235745115,0.10631529950726087,0.13571672101386556,0.15056764946887216,0.37565813227877204,0.12702805931661948,0.09598751932021742,0.28341000308082337,0.2136348037636216
2024-10-24,0.23390082924038097,0.17727485046671076,0.11319790538884159,0.13790687809683866,0.14802834420531405,0.37364201871029806,0.12691075811673466,0.09375760690123369,0.28386392343380873,0.21266510814236997
2024-10-25,0.23387952986054875,0.17587918187088117,0.12197652660571155,0.134301094789762,0.14785356562681118,0.37324370605603385,0.12823408484038884,0.09311990374170467,0.28286672362790294,0.2126808017772467
2024-10-28,0.21762593966900615,0.17454996946929982,0.11954462515408948,0.1296123380469858,0.1480792756366669,0.3676050607141964,0.11710036579909502,0.09329198127363691,0.2827346393090021,0.2108408809364847
2024-10-29,0.21766427727906465,0.17865277940128163,0.12181027890062748,0.13584461818233734,0.15046118542002507,0.3642435945228873,0.12024141335880197,0.09327228347140813,0.2780392213471917,0.2127186324273381
2024-10-30,0.21856933554425456,0.17891716507941297,0.12188386260207354,0.13792048561053413,0.14762319727611783,0.361054187752399,0.11755315786400919,0.09329549057174054,0.27765266859237214,0.21327630541944184
2024-10-31,0.19813224227282245,0.1784217141429762,0.12061917399005179,0.133838870120338,0.22172144550683143,0.38033882451916773,0.11248084150351752,0.09946018357695027,0.2773778002111218,0.21037761183526768
2024-11-01,0.20154112062521454,0.19538510440806425,0.12051145261037456,0.12380984482272475,0.22393326906563235,0.3780142434280716,0.10083110552796602,0.1000625973710986,0.27775770114242576,0.21464685813442302
2024-11-04,0.20075046373145397,0.19300733904906878,0.12390902520393655,0.12390076036643373,0.2239919536724799,0.37789860576088014,0.10086989561305462,0.10003538935203365,0.28202327725385895,0.22797479431729797
2024-11-05,0.20137731825498947,0.1934929254320036,0.12389620005784102,0.1253964451048177,0.22416749944398742,0.37038671959421704,0.10204220333122456,0.10572304230854478,0.28631219317111767,0.2278913401881179
2024-11-06,0.20121372058672332,0.19347365742363531,0.118313288059833,0.14069910622585682,0.23240438778640307,0.3816647097788282,0.12846805496252622,0.1270353903361513,0.3244326767973081,0.22449348599008265
2024-11-07,0.2104429109681065,0.1888591954660453,0.11870401506710153,0.1407128924868573,0.23555285748911,0.3846675050827188,0.1356515994535444,0.1282020752970374,0.32645647164598685,0.21715730190569277
2024-11-08,0.21044687878715876,0.17782280011444762,0.1204141624633997,0.13998120079909873,0.23534098806112122,0.3783735387460354,0.15791246837788017,0.1281947429755761,0.3280909429153241,0.20465046200809428
2024-11-11,0.20161005774351357,0.17605031549077535,0.1194230590176049,0.13992411604871127,0.23658722845323674,0.3837557624415412,0.1600926757648822,0.1279927088418014,0.3302509968575979,0.20308001253258734
2024-11-12,0.1833309731629711,0.17279018215930295,0.12608869746407142,0.13987376875996235,0.23035127971855063,0.36362046436184503,0.1600910779133729,0.12494320768219834,0.3347607327778667,0.19197028798496707
2024-11-13,0.1835652239429689,0.1820158652858115,0.1268510065830628,0.13888295177736884,0.22922975837561585,0.36823369383627086,0.1600815288461116,0.12493789898993919,0.3354601979558571,0.18996351545883003
2024-11-14,0.1873003748529891,0.18908676689495107,0.12842050561310522,0.13892958262451616,0.229321305451475,0.35969322535316933,0.15775968755174663,0.12675047453147806,0.34145354762516056,0.18819608373647517
2024-11-15,0.19143297868648707,0.18884227591704786,0.13638267921642216,0.14134177501505163,0.24400645922552727,0.37515745948496787,0.162193473948959,0.13116711322271205,0.34138987983122737,0.18187598495626495
2024-11-18,0.18309989451595876,0.18914975605983322,0.13716538420622407,0.13744538893704672,0.2394493129112965,0.37449950885520167,0.16000465669529398,0.12812170224232605,0.3394067116947631,0.18331514301912613
2024-11-19,0.17555418327869898,0.18359866799379093,0.14031010865405857,0.1435547869533529,0.23711549406719837,0.38250998876041054,0.15923869617897113,0.12595990883464228,0.34522647768558723,0.17131540172411078
2024-11-20,0.16893474762693794,0.18486637083947363,0.13871416912417076,0.14397803165243267,0.23693390028415234,0.3836001917675274,0.15827256531902056,0.1247129669040654,0.3620107621907603,0.17664535644975146
2024-11-21,0.16892566259835665,0.1845760518357888,0.14738282691766347,0.15072286791013484,0.2369985710859389,0.3817279484360703,0.16086240747142536,0.1251573190291143,0.3610642536152561,0.1792287434994262
2024-11-22,0.16859233959515574,0.18449487400441913,0.14593110581113425,0.14995322270723568,0.23877413993562363,0.3951498569494556,0.1672130394372959,0.12444087305956704,0.3625477277462223,0.1788885531302232
2024-11-25,0.1660288769368224,0.18958646367930154,0.14659211678997316,0.14724274625565423,0.23829137559124358,0.40896774005318653,0.16657833647265594,0.12278174467456426,0.36835128089986263,0.1834720216238189
2024-11-26,0.16518501862270624,0.17120623738018173,0.13790973693539252,0.14789292315618416,0.24648791746004836,0.38456458457114606,0.1683330803132077,0.12068131257183479,0.27591204225735894,0.16838977492684662
2024-11-27,0.16294248738016326,0.17183853059850657,0.13935655055430243,0.14680157556203052,0.24835408336123868,0.37575790447826246,0.16657714790807535,0.1209074169361252,0.2663583020760333,0.168282435671184
2024-11-29,0.16532674696621646,0.1675077240285428,0.1391433420140615,0.14618412023555993,0.24834773589280607,0.3800474403280138,0.1665745993552216,0.12182207998606952,0.26410981925274996,0.1683926647646285
2024-12-02,0.16385534978921404,0.16668002981681723,0.13812661987885083,0.14328125506209005,0.2531291985127145,0.37949463442401876,0.1665284964446315,0.12157451662188762,0.26431959688439555,0.16823940254064682
2024-12-03,0.1668133533716038,0.1671292541042874,0.13965937605772932,0.1394666767655597,0.253135425474726,0.36098009081509747,0.17917292673073268,0.12131511447768634,0.2652483162642703,0.16825666633346606
2024-12-04,0.16647368127689205,0.1820855986483773,0.14178058781279618,0.14853424329912712,0.24945475181856125,0.3752308573664702,0.1793786134182607,0.12206583362811617,0.26561636368546226,0.18641510333878883
2024-12-05,0.15199800012079495,0.18189840530948373,0.13241549857576118,0.1450573135177966,0.2502843453376984,0.3652859314988316,0.17968606157704467,0.1183241032213,0.3077336057082888,0.18706348100181605
2024-12-06,0.15199794293517885,0.199114963088768,0.1290040734197713,0.14350125972509034,0.25026004618735553,0.3693600046455788,0.18411787982096608,0.11831641997873725,0.34183125074003096,0.1886010779871938
2024-12-09,0.157492235279909,0.2013748583992598,0.12229361918136224,0.14341119258330867,0.2498036678421056,0.376317259862973,0.18990556181353113,0.11982421233051063,0.3485431331300027,0.18904466049442342
2024-12-10,0.15645026809969745,0.20121192675483887,0.1206820363788119,0.14466607573890508,0.25033049547612757,0.3837057018193514,0.19063775384874196,0.1204423532814377,0.34931036679614047,0.18877953845770393
2024-12-11,0.15784055466159794,0.19712012543378826,0.1267919085390493,0.1377965124123681,0.25040901447163655,0.3947528481806803,0.18901771246509472,0.1218917213854238,0.3854841592714492,0.18593376799573924
2024-12-12,0.14958154174553578,0.19948241029957917,0.1255637753999929,0.14883809348491533,0.2504094536162027,0.3949389244281085,0.187919091899002,0.12272645836886122,0.39631769021388635,0.18558318892227366
2024-12-13,0.13619302029142227,0.20032339253793835,0.12639933740511972,0.14995186947388278,0.16965067959899569,0.3753640600333418,0.18677886679773212,0.10555574142921048,0.3974864331884782,0.18680962342686433
2024-12-16,0.1289865069022587,0.20266951097184094,0.1341919428080118,0.1514604285793005,0.16957320485325925,0.37406389102387666,0.1867231517063763,0.10556471460818453,0.4131582102712862,0.19128103344410202
2024-12-17,0.12765783172566175,0.20303977971049061,0.1448310147962206,0.15712890466431279,0.16807106143034903,0.37518245618855484,0.18749750277331156,0.10639530316063942,0.4164059556078013,0.16297629538554198
2024-12-18,0.14789814433412116,0.21685044364394726,0.14686728495446083,0.1582056206115383,0.20574332091522224,0.36556710833635175,0.18883649654534987,0.13675712600095102,0.4234357209594269,0.16559176902725867
2024-12-19,0.146767990794967,0.20415952610239657,0.14769973545574824,0.1412082321184324,0.19781322279331495,0.34566522650246523,0.1674324992374515,0.11577147239147988,0.3911951163319527,0.15426892009715737
2024-12-20,0.14429125405292295,0.20871107899684707,0.14934439358590487,0.1413206588302375,0.19511494455476294,0.35184014884659304,0.16447869578713423,0.11895680109616054,0.3952873156830465,0.15506570997540148
2024-12-23,0.14353206840404767,0.20868396644691456,0.1500740186288193,0.14086290222901357,0.19412197903809097,0.3699303408430803,0.1459023659499081,0.11958958099272726,0.3931388268808219,0.1565251796639445
2024-12-24,0.1367806020355536,0.21022352925805893,0.15103012762059737,0.14042482673167378,0.19219062171205922,0.36766525665701566,0.14328749086820464,0.12388415320433414,0.38829994528436074,0.15712666331367847
2024-12-26,0.1361306111083327,0.20981326011632848,0.1453009715100772,0.1407966362274663,0.1901307070322824,0.36182441010761773,0.14443977723139678,0.1234705017659033,0.3899117792268399,0.15750373802615866
2024-12-27,0.14589297571789836,0.1970879587300927,0.14460104661687098,0.14060273836849557,0.19719336309488691,0.3645020303902269,0.14462717089801785,0.12745617104406828,0.38916270353968047,0.1530249289906068
2024-12-30,0.1515433961250611,0.18565962669057126,0.14609869704896444,0.14042359819319147,0.20087806263024674,0.3645215712486365,0.1507988330062625,0.13043024928568872,0.3863114808767407,0.15254398686731935
2024-12-31,0.1457388131315085,0.1913960703629855,0.14204783672342491,0.13526787012695496,0.18448414967846183,0.35867745014271857,0.14465733938030428,0.12530016488715087,0.3862042522029215,0.16346602108715597
2025-01-02,0.16640803395340079,0.19526228301280782,0.1407174212680227,0.1368346144549904,0.18573938971950282,0.36831683341656696,0.14547038064081566,0.12495040835504523,0.3862529757610694,0.1596574189058526
2025-01-03,0.1668474839254997,0.19725139184194262,0.1381657653450823,0.13245725433166086,0.18806256142807568,0.36339439139014273,0.14594657298393676,0.12977334582292277,0.3878145562686781,0.1586337104059637
2025-01-06,0.16735055975037869,0.193196888702971,0.13809188298833497,0.13786383491267054,0.18933870714929235,0.37619381290592957,0.16455240481095604,0.1307576800753435,0.36490895801718803,0.15003673788524127
2025-01-07,0.17158831718905213,0.20033329074982165,0.14072498178573656,0.13224868243482762,0.19301872798834188,0.4180875111227622,0.16115906777035116,0.13415750233820894,0.36531260853077324,0.14649663272253394
2025-01-08,0.1711881085263696,0.2004043954334123,0.1587469920372125,0.13940284701954883,0.19152849866532104,0.4076235764364758,0.14794482416159493,0.13389779556685696,0.37155864713736636,0.1509749490949693
2025-01-10,0.18352278586306583,0.20740156197706994,0.15759065326911584,0.1398523358381894,0.1953338449311141,0.39847611707109887,0.15528626289117703,0.14032479381949495,0.3614125328946629,0.14755544233206383
2025-01-13,0.18424202678499216,0.2079817037708981,0.16753901663863166,0.14298004672696069,0.18427182023700509,0.40213074650392844,0.15006256222940104,0.13935284366215125,0.3829330413587287,0.1658594954766136
2025-01-14,0.18475281743189725,0.2105422254459814,0.16635316830823485,0.14463071180581347,0.18159457177995356,0.4020137273154431,0.1521910900368011,0.13936273381479372,0.3832834801104676,0.16689980774660224
2025-01-15,0.19129213000671771,0.21257243569890685,0.166720772066423,0.14464824996368933,0.1967388091619415,0.4095419688154905,0.15218999056127466,0.1486090542856937,0.382911134759729,0.17493047408110549
2025-01-16,0.22224484536193875,0.21352432695677415,0.17798716619114588,0.14592306991248064,0.18995807368167042,0.4132653428652702,0.15343848883073188,0.1485249932254966,0.4169617559992909,0.17491098427946944
2025-01-17,0.21982422855371847,0.2170803621596505,0.17315557753251468,0.14771865177531096,0.19256665302569825,0.42205640905669295,0.14253255942489407,0.15163341865454566,0.41710248736924876,0.17770440140278426
2025-01-21,0.2363250534405035,0.2151842203741765,0.17154166345760763,0.13543943861906346,0.187589188462762,0.4146974753615882,0.14373413196404664,0.15294814972553192,0.42750172065267705,0.15900730116610434
2025-01-22,0.2373697085331353,0.2168920721420839,0.17946821915922356,0.13433178593817943,0.2210299093176333,0.43471158258400167,0.15493928648473312,0.1537567326139659,0.40356209625860207,0.16527533538941325
2025-01-23,0.2373739793934531,0.20354210155215893,0.18193340155311888,0.13369229979580186,0.22097863962446299,0.431011354086172,0.15471536086194113,0.15445411498323408,0.3823497418198896,0.16424687367010127
2025-01-24,0.23064308908952041,0.20064175597628495,0.18186052679494782,0.13509100872074653,0.22113272160334368,0.43445040642336263,0.14791106827513162,0.15390903803207454,0.3756092829107391,0.16768912454255858
2025-01-27,0.25137059825468083,0.20287784763597883,0.21850478642206844,0.16310222220977857,0.22908103380461936,0.6556425876430001,0.17722081375994042,0.15928710153128156,0.38011469533341524,0.1732811596974288
2025-01-28,0.27527856801540596,0.20324306542855053,0.21783923901653993,0.1771372184907299,0.24186113068245868,0.7021955639260614,0.18483526660449548,0.15967098567120122,0.3425847286122059,0.1808061650801207
2025-01-29,0.27501065274249475,0.20145147853475684,0.21788155534215636,0.16918930345261188,0.24385649672706566,0.7106451932174982,0.18476658376500493,0.1594949239939622,0.32827373512427427,0.18192401293025173
2025-01-30,0.27556908906565925,0.2009856368924541,0.2198515592047589,0.1754350457085131,0.30180442440621874,0.708630099082733,0.1860626161906392,0.1602420699346138,0.32950057115707493,0.182219627805384
2025-01-31,0.2731628690260101,0.2260587380610163,0.21213626474400454,0.17537318914535602,0.29977866581195817,0.7147213363416804,0.18748183668154786,0.16054005293803458,0.30303518306614063,0.1861212711164813
2025-02-03,0.2859335284315319,0.22464922733670825,0.20696724680708345,0.17107423823656698,0.2992593801963958,0.7182406810670713,0.19370144230441144,0.16128249058912383,0.290866884129876,0.18594243791173604
2025-02-04,0.28907822204958955,0.22075851291577217,0.20510632450877075,0.1720857098160109,0.28139830952150746,0.7199709438975943,0.19279966309170943,0.13573886965704404,0.2820565739278577,0.19644618429910432
2025-02-05,0.28783582002844454,0.21060584646135952,0.2034601028566012,0.17223707055739315,0.28163034417520755,0.7355339421569416,0.19337305154576095,0.1359574366141005,0.2758085024840184,0.19438147978984333
2025-02-06,0.2814036745625909,0.2106023157687431,0.2052538465391473,0.17248702662453297,0.2825401915469536,0.7355633598101194,0.19229141581727618,0.13223910849480494,0.2766829665968754,0.19881629239357157
2025-02-07,0.2873910742979573,0.2106971296391869,0.20541528123113298,0.1734032782043643,0.28507080664629186,0.7276642843119491,0.19303167886314457,0.13441876725088084,0.2757812649724239,0.1988421746940358
2025-02-10,0.28421281596033565,0.21711461157923934,0.20594325052491433,0.17496554959240343,0.2840889868266275,0.7327622067920669,0.19267810077866027,0.13197842240628438,0.277386476608028,0.2057386462273315
2025-02-11,0.2933020635837957,0.21825619936372095,0.20773239628553947,0.2196103528744132,0.2840785714471762,0.732907721962728,0.19438322153537943,0.13198629677744367,0.2763323763253737,0.20619998566918787
2025-02-12,0.29826781569629085,0.22514534122906946,0.2082965321590352,0.22268960063479307,0.28061130199034384,0.7313021986824794,0.19405136899088593,0.12845274742058296,0.27903188661684314,0.22581450315670756
2025-02-13,0.3030092784810159,0.22375336141146432,0.20597522002845928,0.22183400789199226,0.27876487466263417,0.7371257392096161,0.19030900985671276,0.12652189706785005,0.279022966895838,0.22546448448014433
2025-02-14,0.3051129762041773,0.22243067788190551,0.20727471459346278,0.22499177659494168,0.2782980226921098,0.7372043233836846,0.2365035355326763,0.1257474663494449,0.28250846691050757,0.22031841463185975
2025-02-18,0.29525816402222255,0.22050760001455225,0.20638573156299056,0.2229264925427021,0.27791232711143543,0.7325454020117168,0.23933989994555685,0.12530004672230083,0.31087198798241306,0.22548649337426854
2025-02-19,0.2952005906182647,0.22033446944342336,0.21138552103836866,0.22457181490194708,0.27835295758901124,0.7210150838433689,0.23944381042524018,0.12095228348574016,0.3128330432144952,0.2251908559220398
2025-02-20,0.29478828626900666,0.220454378909652,0.2115079162372248,0.21736333181348738,0.27691902794113876,0.7138996871207622,0.22436577864953391,0.1211119870698471,0.3166165654401639,0.22881808940561038
2025-02-21,0.29274170531500027,0.22099317906675425,0.21069745490295336,0.22060344468969223,0.27985406642552046,0.7004502763680822,0.22926656971218717,0.12718770607064267,0.3776605848786086,0.2308108346907942
2025-02-24,0.29317910926537144,0.2211838956942647,0.18956635451985376,0.2237053326136884,0.2805214198297769,0.7059961455332089,0.22910711750078122,0.12805147789120663,0.3718588602560184,0.2248573866522838
2025-02-25,0.28356425881423475,0.21765861253132465,0.19039369293525124,0.22028214472981958,0.2812615995853615,0.7053297301555197,0.21942913209908152,0.12030220714355588,0.37769071519001224,0.2288768163741606
2025-02-26,0.29362406624811693,0.21554067661188311,0.19908824492634372,0.22411271090812815,0.281682547016181,0.7114974664742866,0.2216968566730748,0.12028432652616407,0.3568274467945345,0.2170139172969977
2025-02-27,0.29588932941586044,0.2154964761378307,0.1989575864931892,0.2243138409594687,0.28581224808271677,0.7528195971492321,0.22155930586338268,0.1296603415013686,0.3586318527926515,0.21745368695885195
2025-02-28,0.2955914025631845,0.21687819130707073,0.19899525759891037,0.222723633460737,0.2768428798140339,0.7553597999877177,0.2225459537257328,0.12672645501950103,0.36240693644271116,0.2145038130349245
2025-03-03,0.2735832184822167,0.23893933654530136,0.19604648252778445,0.22475865094485867,0.28239123721607323,0.7934490396359813,0.22337308159017355,0.1365793913489406,0.3235554894442318,0.23415799459464653
2025-03-04,0.2745941212428447,0.23583074076296617,0.1993887659563505,0.24587822577480611,0.2797811787457535,0.789094681668649,0.2287369132815538,0.13675128645169965,0.328184278097236,0.2323775781679847
2025-03-05,0.25635356119590486,0.2301174175991592,0.19988941391473772,0.24511802901879018,0.2976233440679975,0.7863857179513595,0.22928994866197625,0.1378676888451467,0.31431326159358436,0.2378150377641693
2025-03-06,0.25638936693493725,0.23206902770004667,0.18717323416980872,0.241390393633835,0.2685835740921869,0.7863970998550565,0.22441406188556542,0.14446947204686483,0.32358124107642783,0.2411968523036835
2025-03-07,0.2594497360381228,0.2408493242144726,0.18665556414825155,0.24142908260850765,0.2686099470235572,0.790001845184349,0.22415316545667519,0.1445347588145244,0.3200016863818408,0.24366985485367798
2025-03-10,0.29812323858625317,0.24160426867114995,0.18641894831417904,0.2417965421002998,0.281806525282883,0.7970260344379788,0.22274172617873358,0.16140410676276576,0.32462000725979784,0.25089505935467016
2025-03-11,0.2956114165180486,0.24887233958320001,0.15650616299175574,0.22999800033783838,0.2778572993829918,0.6357318505728771,0.20957209200902374,0.15865670597377152,0.32009220651679976,0.2580700219875465
2025-03-12,0.27664365536309177,0.24957713154841155,0.15844352775838735,0.2226845133584969,0.26193460099606514,0.6080737393812832,0.21657595156306503,0.15694493724528658,0.32065358830339075,0.2514125901703827
2025-03-13,0.2895008721172567,0.2500824641568445,0.15842308851812412,0.22374203027793121,0.2621144560061597,0.5972311077465275,0.2165857904112162,0.1599499325719797,0.3206272023864046,0.2513354887242175
2025-03-14,0.29645109019302607,0.25801736526968433,0.1566922284138557,0.21870454279070461,0.21595677952362602,0.6171967304820406,0.21601051168995272,0.17243480981291584,0.32107005307166964,0.2645020854741847
2025-03-17,0.29673018597380657,0.21899181539329513,0.15539493470014606,0.21799064447584857,0.21597446361834483,0.6097560941279526,0.2164458591409887,0.17460770513107804,0.3287319911570493,0.25613746309330754
2025-03-18,0.2822430130507953,0.221084534484806,0.1557792742215333,0.22129397007378668,0.21726074317126973,0.6124269766081029,0.21418787644030507,0.17597940888687033,0.3284317720194722,0.25634725152998256
2025-03-19,0.27698118190160964,0.21639708685082798,0.15692579564590733,0.21775646701970774,0.2201251955328999,0.612682464606793,0.21442805856439592,0.1781925816675135,0.328362420892411,0.2490248849166838
2025-03-20,0.2770866494337246,0.21606754166585013,0.15615838126616136,0.2176388421131264,0.2197839055561383,0.5934761390097082,0.21460959500747512,0.1773059411509115,0.3316817881856452,0.2489634062352335
2025-03-21,0.2839506178035929,0.21417952139817426,0.15348079346981838,0.22419126311048404,0.22202249327146137,0.5859006800116557,0.21508239729354342,0.17667266922718916,0.32966153924555,0.24530313212990912
2025-03-24,0.27859051848218835,0.21417028382378614,0.1533561957569132,0.22380351196135792,0.21942484875606239,0.5932606267634206,0.21526980622730935,0.1847111406652191,0.3292951995462464,0.24524915577687434
2025-03-25,0.28171599585532797,0.2077831547014064,0.159712899005245,0.22285489848182766,0.219223634438571,0.5863565107095235,0.22048228345695756,0.18346465371029277,0.3275546205854543,0.2405483670922649
2025-03-26,0.27486854688113077,0.208344650255584,0.15681202090986812,0.18431205264124018,0.22191491544689307,0.6074360364266446,0.22844119934207333,0.18578540770761712,0.3288535637376828,0.2429266909976608
2025-03-27,0.2709002329797226,0.20319177018536325,0.15669198340119606,0.18081540461006837,0.22173115986798164,0.6087973792073291,0.23163397345919376,0.1857581322695463,0.3272838201674583,0.2234750344882498
2025-03-28,0.2722948783511923,0.2037063872236301,0.15338121582410014,0.17909225347537766,0.23624406871687584,0.5996524715796592,0.23045354052186257,0.18914482680413056,0.3265186549654955,0.22351679940140048
2025-03-31,0.27637752188202325,0.2036311142834904,0.1545330562919263,0.1831853698849255,0.23688275178554405,0.5917769070736699,0.18613012657640232,0.19104302735421363,0.3268103108080953,0.2244127829534192
2025-04-01,0.27722506095368443,0.2039487601602024,0.27450031472694675,0.18324451894172591,0.2439579040078748,0.5949433488857837,0.1813237525202532,0.19101474446885724,0.29929130271101134,0.22033514920332709
2025-04-02,0.27747151026903216,0.2078941283825791,0.2718986885235464,0.1807382683491481,0.24007997900462635,0.5953550066131519,0.18179188479877426,0.19227157358178892,0.29394206291058533,0.2209528146869987
2025-04-03,0.3790824273120321,0.27738207420154753,0.2828502003020087,0.19466702197543584,0.24642095505991116,0.628269855319785,0.18766692289591969,0.23519838609634472,0.3028143968595146,0.26914406048426265
2025-04-04,0.4252392359352181,0.3640984259074454,0.30269101843550594,0.22976977227985504,0.25976614984251667,0.6492534939581108,0.23270429550966398,0.281297375599439,0.22698099190684606,0.33981023305166813
2025-04-07,0.43053470427436064,0.3671632896662768,0.3041398653902929,0.2367020694004441,0.2591340712483696,0.6598264857563595,0.23978983186354677,0.2814890325244856,0.22320298918888717,0.340781029126036
2025-04-08,0.4446453410063909,0.3710935216547849,0.29987652318150093,0.23330150508107966,0.25748243548555483,0.6574889100199495,0.23735086921951862,0.28306166718334275,0.26256971799668155,0.3435349492888772
2025-04-09,0.6497960317339406,0.4234158040888701,0.2977134405722493,0.24142722498368385,0.3985899489583662,0.8603269536562523,0.2498213603667093,0.42799681338677537,0.28011084249603235,0.37575248111214055
2025-04-10,0.6582911068261463,0.47286050117420425,0.29929528897021834,0.24376132307076498,0.40095082036070917,0.8422155539682119,0.25077722467558844,0.443110140090307,0.28583695633677947,0.4068991261897039
2025-04-11,0.6684144968838045,0.47099532313314607,0.3054282609019082,0.24488223290050698,0.40338610405319913,0.8388925960934687,0.25639575149821103,0.44398021869620014,0.2853811596215572,0.4177186136107731
2025-04-14,0.6724844759642441,0.46229189795839687,0.3072923688476018,0.24420867122394796,0.39848737397616646,0.7999472832898438,0.2578010598388762,0.44330012140994995,0.2886528487483827,0.40814313089264054
2025-04-15,0.6724001357875694,0.4622210474894628,0.30629404818823447,0.22888683424847558,0.39881738925209764,0.7993806070794081,0.2551861516385277,0.44236219455592196,0.29027604077179936,0.4081651796497174
2025-04-16,0.679721730332623,0.46288559780498617,0.3065306446108895,0.2289989783564816,0.40066620415091553,0.8229078305581503,0.25582287310443236,0.44450223887313,0.29033053902696176,0.40565834799483963
2025-04-17,0.6820060958785207,0.46447393374087437,0.31472534685759435,0.23416811292871165,0.4006675702823758,0.8104263722966936,0.26749036111479624,0.4424339664021236,0.7262568821046106,0.4084219285862967
2025-04-21,0.6802594944364733,0.46450515617463045,0.31412117854212945,0.23160694463551956,0.4049930550456305,0.8174727667775588,0.27368165573328174,0.44604082313808524,0.7470561834461642,0.40870716330281465
2025-04-22,0.6777613386491022,0.4720995909845495,0.3139613553351131,0.23539842325390312,0.40003018609503216,0.8079545026993075,0.27674824616897603,0.44822302390490487,0.7451503110310974,0.41016880832640434
2025-04-23,0.6778614553385456,0.4690114353215901,0.31520230872386673,0.23613255344503306,0.4048626567569629,0.8147096364462844,0.27451795452573086,0.450413858204448,0.7439697228874823,0.4051659967179063
2025-04-24,0.6785781472023646,0.47258976519943735,0.3114807780090594,0.23352656730851104,0.4167312181147919,0.7991809178805878,0.284183324530267,0.45455139480909124,0.743859426018861,0.40664707047445137
2025-04-25,0.6713424646194398,0.4718511630397946,0.31140928366115644,0.23466405144530006,0.41621164138640687,0.8095935341628052,0.28580538945153755,0.4533119293947074,0.7443482823048723,0.40644237198442235
2025-04-28,0.6694117137203657,0.46747419749997177,0.3119878602016686,0.23482912087731428,0.4097941201089805,0.7957738030561645,0.2862767049948547,0.44924527206125997,0.7426371087111675,0.39676510243222735
2025-04-29,0.6695304017029885,0.4655650154321506,0.31229331006574224,0.23266122682708829,0.4102704784057394,0.7946180384482926,0.2843962731527182,0.4490468124045383,0.7413188144063538,0.393374702897355
2025-04-30,0.6694330546752445,0.46592055468305377,0.3111093661199974,0.23002744400975603,0.4081231911749825,0.7886581811664518,0.28260685416154896,0.44793751562865025,0.7406841345717461,0.39940970618561655
2025-05-01,0.6686675414009404,0.4602248997245132,0.31206453504867104,0.2363957032564861,0.4618294832834771,0.7902600708206811,0.2854261116978071,0.44727568367118387,0.7429421708818857,0.3960523296117299
2025-05-02,0.6774991694018995,0.46384324245596287,0.31408391516478285,0.23620063109067527,0.46493763401185123,0.7935867095195666,0.28539238794244554,0.44924125056416037,0.7400395580075365,0.3960255563980773
2025-05-05,0.6805057035508295,0.46592932859571223,0.31417084888910074,0.23132781565021232,0.46449038787274294,0.7935110507840288,0.28648726477622466,0.4496112629662212,0.7403374073903036,0.4026489732853485
2025-05-06,0.6793050570223391,0.46580714434911313,0.31421226562777305,0.2312282321801751,0.4654948585984742,0.7878892868779755,0.2862979116545271,0.4471371395158575,0.7420009020855376,0.4054525974651297
2025-05-07,0.6779463338575383,0.4650546246384492,0.31716329473070815,0.23214203111939286,0.4655799847785375,0.7931710025513837,0.28227888104290577,0.44727008868331813,0.7419862497266358,0.4044358408210733
2025-05-08,0.6782439609223799,0.4640913968245949,0.31805752232388335,0.23333830203910996,0.4633597512871832,0.7741694968134217,0.2736376384458936,0.44641070004943184,0.740388770345819,0.4042657824685295
2025-05-09,0.6775153257932083,0.4666368214470398,0.3175138231270757,0.23315729824833223,0.4633751302219702,0.7716384976058184,0.27068336297420353,0.4463527376910277,0.7403897749942764,0.40659568268421986
2025-05-12,0.7000664467799939,0.4737909055485411,0.3171503107704211,0.23625179928083495,0.45490435143487484,0.7838235702243715,0.2782762373973068,0.45186315942353683,0.7399436514557948,0.41072338382224083
2025-05-13,0.6983308639048169,0.4733698952022075,0.3296995404328515,0.2309327380988877,0.4530875213612031,0.7959545277240071,0.2766119527666609,0.4518533966183741,0.8828110850301581,0.4093379363766769
2025-05-14,0.6981838937985132,0.47195268440368904,0.2509072208747437,0.2308357678469841,0.45177657548615685,0.801825767028681,0.2765664364810286,0.4518505905635164,0.8818975140030774,0.40963437083962584
2025-05-15,0.6981546541962569,0.472278563858404,0.2564725308441846,0.25306944174436063,0.45154542897185473,0.8024073284750867,0.28951288118013846,0.451747845913637,0.9208529462636907,0.4113339027971843
2025-05-16,0.6420491320542582,0.43984997250425045,0.24360134711731685,0.24171346753421555,0.4428430188608704,0.7601578623511227,0.28510879495006797,0.4249768186511008,0.9404041990236568,0.382836575391329
2025-05-19,0.6032755900944275,0.3717541612225799,0.214189839999153,0.20266263772537943,0.424075296916226,0.7179064929664901,0.2462787176435501,0.3820087139511339,0.983789121393091,0.3217605437599567
2025-05-20,0.592240160998179,0.3671296699346187,0.2090533503249563,0.1907992251529092,0.42308724681279286,0.7174294609259555,0.23754029340824498,0.38230600883445975,0.987593497949985,0.32210846992349595
2025-05-21,0.5755361609127736,0.3626551206728583,0.20887226765541836,0.19078592303425487,0.42427737607883426,0.7192844390615389,0.2345432399213162,0.38289716344924235,0.973599890563582,0.31781625434858163
2025-05-22,0.3691487837174949,0.3036469475434015,0.20855026730672013,0.18317948767551503,0.3203767226974148,0.4895765464959775,0.22434683199932598,0.24050624305297982,0.9546200386313531,0.28325453499506886
2025-05-23,0.35833911917666605,0.20973792361918753,0.20330376357614993,0.1819298900704356,0.3122979676691117,0.45309745159422715,0.22378798612097522,0.19946799333601722,0.9453515127426576,0.23023429478661872
2025-05-27,0.34623744499395975,0.21092122910431182,0.197042713251968,0.17994783997232267,0.3142798145889585,0.45348898607183613,0.21834172402460944,0.2014983337756503,0.9429846669378844,0.2114221210733101
2025-05-28,0.340236588526442,0.21470964120195532,0.19127862986106645,0.17667688273461007,0.3158641492020316,0.4541183792846784,0.2150387218045062,0.20233818875117693,0.9475411174159993,0.21524203613245474
2025-05-29,0.34026076640768904,0.2171412384788956,0.19196910424405803,0.1758142916240319,0.31423983434765745,0.4597911680091129,0.21571060251080054,0.20161257415791717,0.9485195909496786,0.21569271762330955
2025-05-30,0.3198588811863886,0.2185712685221876,0.19423014398059998,0.17741264850112087,0.2872699107209279,0.4148259463873808,0.21335002053025218,0.18726335454145265,0.9510564077898439,0.21373590797750447
2025-06-02,0.3177654859388165,0.21332076586074863,0.1821897948497369,0.16887637174752412,0.2826333872868668,0.399607913505457,0.20359630901138628,0.1871796159041546,0.7313372189035281,0.20002485815522678
2025-06-03,0.3123063720727819,0.19526705726347837,0.18282745823579583,0.1718566794362962,0.2672258930879036,0.3660098784786901,0.19312975077216415,0.16756315755227677,0.7150118967711513,0.19692585565127754
2025-06-04,0.29720444673345886,0.18690766516013899,0.18334628579017118,0.16528328961095842,0.26511227057675263,0.3659847320443802,0.19003472591025927,0.15583773979313673,0.7140323908269054,0.18213914686829225
2025-06-05,0.2903141328370295,0.18667993861743365,0.1784004509952834,0.16473664568174295,0.2624170667095034,0.36472050967826136,0.19435513635592766,0.15408920851566452,0.7131535922980682,0.1811595380495109
2025-06-06,0.2892259273769947,0.1928687899389883,0.1800259205170042,0.16344640462455118,0.24977909082541266,0.35663847633095164,0.161007932965972,0.1463694652614195,0.7207985070090344,0.19200155719365822
2025-06-09,0.29074756163860627,0.19283595610472576,0.17986955650087152,0.1626771430766348,0.2493517826118537,0.3425269379534889,0.16145225836338042,0.14596738940883905,0.7213024729407169,0.19329540414541888
2025-06-10,0.2911032302494971,0.19778038177274923,0.18068602991120672,0.16426232753740938,0.2500298218183374,0.3311905773988954,0.16087328480235216,0.14598279192055705,0.7211148557142099,0.20370901854828674
2025-06-11,0.2951671146917604,0.1982123949093395,0.18197377755886082,0.16311665434342423,0.2501384668706993,0.3344609031953187,0.16129363089483167,0.14662868437022072,0.7252573521125742,0.21124544917102747
2025-06-12,0.2944620879414209,0.1835014498959406,0.18365264930178693,0.16305947666854154,0.25074797055611187,0.33345951822421166,0.16234086920634527,0.14649425275670258,0.7308464480049255,0.1965928169730809
2025-06-13,0.2958842386240767,0.18381176999134727,0.18002648900555035,0.15752626095388,0.1433103120286265,0.3418317526821111,0.16400630373151298,0.15141853125949775,0.7291322588471192,0.20505975280451819
2025-06-16,0.278795295559012,0.17922267342203582,0.18127618893275416,0.15815898221780994,0.1319510205346092,0.33936384288198035,0.16407337759650706,0.14832894638469193,0.729086751245588,0.20501186267193847
2025-06-17,0.26652167004916133,0.1709050985373794,0.1879282581317099,0.16221994651320998,0.13290598258672834,0.3386964835971745,0.16682610039567497,0.14983387134375434,0.7275433114568557,0.18660058973106577
2025-06-18,0.26689505721502993,0.17230878018158516,0.1902384105583377,0.1628819092283114,0.12971683723016733,0.33721980576496263,0.16687031950408396,0.14676068667017356,0.7256010978698498,0.1865059635944242
2025-06-20,0.2724965526011371,0.17298750558483023,0.18231821404541995,0.1603185026051221,0.1322421763621421,0.3349407792832962,0.1680688008337464,0.14723893934287494,0.7261569406543698,0.1884818619760113
2025-06-23,0.2720704083049945,0.18310369702430623,0.18313417587261585,0.1585751180541349,0.13718841238877422,0.3349920371463988,0.17126865789225798,0.1483203043880289,0.7259076999514605,0.20382606843031678
2025-06-24,0.27243259038056744,0.19557536255018687,0.18212947639982327,0.15764278959092154,0.13772894598591073,0.33684855460561364,0.1706569533702418,0.15013581577485816,0.7287984445633219,0.22235801409636283
2025-06-25,0.19862440467113399,0.18546754459346163,0.18213534586458047,0.15397489599221334,0.12374846204109508,0.32492651587498966,0.16178807192048136,0.11913738984409936,0.7289849060376619,0.2167713192010519
2025-06-26,0.19559281733975709,0.18637561623207885,0.14488930396112218,0.15207344718744276,0.12510869474361186,0.2905281227061574,0.15705622693838747,0.11964480102210194,0.5162346000489914,0.2208852296230879
2025-06-27,0.19567610721828774,0.18630331049990367,0.13763503389360615,0.155795611028864,0.12558547695360284,0.2727669963408035,0.15800746281477232,0.1200574842245835,0.5189265312585677,0.2198283195526573
2025-06-30,0.2056731872423135,0.18662608055679727,0.12315384461937973,0.11771516426651701,0.12555995755374927,0.2716734968071011,0.13532371540423618,0.12003365712924392,0.400459673253418,0.22216446116107708
2025-07-01,0.20954832674834054,0.19213446138711862,0.13256747743163683,0.12276124775113877,0.13188692527138104,0.290141891860151,0.1391242842977949,0.11931948148378681,0.3796794995053301,0.22528899037564434
2025-07-02,0.2166713048156486,0.19176704487643872,0.13156368761681403,0.12661399676651072,0.13061631667739068,0.2965258403580167,0.13618094181975882,0.11965448291236824,0.34394170668040874,0.2245047675585929
2025-07-03,0.21499007356890096,0.18886164597305183,0.13017370792520083,0.12758232598218958,0.13574550108756417,0.29442384220693446,0.13505836785448935,0.12009521482559969,0.3396967951809021,0.22078173369543289
2025-07-07,0.20960587694695673,0.18549241431988028,0.1306840416176036,0.12818094004340616,0.12901664042097685,0.28740177759462604,0.13509366691210756,0.11000469071435874,0.2976905074873653,0.21942176173776348
2025-07-08,0.20910671957583837,0.21317354766250002,0.13017856728093233,0.12884579941611027,0.12982719029810508,0.28771566256998277,0.14215415514778107,0.1101743475229278,0.29279496242001923,0.22947072485810535
2025-07-09,0.18638758636085673,0.21324676469513504,0.1302856489082054,0.1295046459290336,0.12725530992366826,0.28441352783762175,0.1408409850121762,0.10728819952853812,0.29666170237245987,0.2302120240088472
2025-07-10,0.17401688250131636,0.21288252068920913,0.12934522371605853,0.13028777426699528,0.11478460225560483,0.2746199130768212,0.1373410259521509,0.09245025744787702,0.2987361816475989,0.23095979834142474
2025-07-11,0.17551109541487375,0.20690083390270067,0.12920378629100474,0.12811502458961413,0.11073830764398453,0.27245128381119726,0.13892883334875908,0.09100839876588927,0.30039267017634413,0.22511953554819006
2025-07-14,0.17969295620626247,0.2201977310385458,0.127757115076261,0.1280870912756799,0.11128815157604946,0.2634058517270597,0.14636424328655556,0.09083892202880606,0.30262054679130723,0.2305442847665035
2025-07-15,0.17948642622558372,0.21914837523233963,0.12822966103942743,0.1250795442271174,0.1115077036770185,0.260703875000951,0.14305133799246111,0.09223672879118983,0.31267299133713466,0.2324115165163993
2025-07-16,0.17960893118255844,0.21995002322799612,0.22060793833371856,0.12507756250908297,0.11197750061514034,0.25962052003292263,0.14354462585550185,0.09167263745484859,0.3114127476321597,0.2336671036907148
2025-07-17,0.17867960667677055,0.21908211964073213,0.22252464884280682,0.1337505246382655,0.11491727210663884,0.25241542548333157,0.14983114626025398,0.09183302608980756,0.3126542329861669,0.23442309325408336
2025-07-18,0.1788207280268139,0.21497377219151945,0.2207217357158013,0.13680913280331,0.11643954980658555,0.25413775493449553,0.15043128363649924,0.09193607575049015,0.3168450572201509,0.2539017579187826
2025-07-21,0.17548423441345562,0.21472734550688516,0.22077350971776097,0.13597642136087845,0.11579035121960131,0.24978631587053182,0.14155906197609133,0.08973350329526278,0.31424855257044765,0.2531671697580362
2025-07-22,0.17147706703900337,0.20518666256480664,0.22711690771469098,0.13558796729375497,0.12077830577366508,0.266025280123893,0.15406227560427238,0.08642762581946703,0.30655050302308157,0.24471086646143586
2025-07-23,0.16666667768778962,0.21183487334401535,0.2273925080718253,0.13550461549876244,0.1205671562735963,0.2704595932964292,0.15218968929164636,0.0885800200165743,0.3167583553276364,0.24647949179922912
2025-07-24,0.1666027497819194,0.21139800948924914,0.22691638455866062,0.13276871237176308,0.12106194125058897,0.27226252301677084,0.1524796221759796,0.08799791169605622,0.34443614954560325,0.2400623340884715
2025-07-25,0.1543257167311777,0.21192651162226211,0.22684715155162516,0.13268921341305692,0.12131044515298663,0.26998213181670266,0.1522399408202765,0.08713048151145232,0.3382231534885413,0.2340167129623095
2025-07-28,0.15440089526978196,0.21285644360430103,0.230182147500358,0.13870776445368194,0.11804902986913793,0.2711482258972447,0.15199992065872675,0.08717577131730797,0.3280481073303753,0.23527716773977278
2025-07-29,0.15366964489519075,0.21264471209072655,0.23175124532509625,0.1487194476566993,0.11404309024048502,0.26166279243524543,0.14365673352340658,0.07918906652110569,0.3862440812582449,0.22968892580359976
2025-07-30,0.15639775638547734,0.2243071978870226,0.2288863203324458,0.14958589796667873,0.11254263967760808,0.26264067188487233,0.15805923743426845,0.07663731630487153,0.39221530364171436,0.23097402720991225
2025-07-31,0.1515280877495818,0.221628218704838,0.22650378500913856,0.14941178971123903,0.15482961654081087,0.2643139748847492,0.15888594083505053,0.07212765881173092,0.42496659453710717,0.22741446510363594
2025-08-01,0.17023880346522888,0.22120648472767182,0.22579495653527043,0.15478228066347954,0.1666409225323162,0.2785522049679883,0.1589832058717547,0.08955576720629407,0.44083803725869525,0.23220990261012894
2025-08-04,0.1581529513450847,0.21993897177262764,0.23003006123368575,0.15404119035214214,0.1732166957113567,0.2867123112624039,0.15729673416759724,0.0972148237195093,0.44437021042370517,0.2349416652328274
2025-08-05,0.1581965341791248,0.2158085577335846,0.23007585482713303,0.1491284211173163,0.1760087064204411,0.2907138118353274,0.15178293559287623,0.09637584062916808,0.46625031063236355,0.22392502466916095
2025-08-06,0.2145271390782166,0.20378483946862086,0.23047259221151653,0.1490968396382525,0.17669725163076427,0.28530867100102764,0.15991468218723107,0.0939381521595651,0.4634573916610036,0.2070279366983564
2025-08-07,0.23088584267167753,0.20336044404930603,0.23029777888171726,0.1520990448925504,0.17899447306440788,0.2632809861105924,0.1591015347648815,0.09413603177633793,0.46325973760158146,0.2074718354427718
2025-08-08,0.25664579305042584,0.20458043220433922,0.2303351657371606,0.15196905345786693,0.17714671153315237,0.2637049091660383,0.1590830649639136,0.09412030018577588,0.4719219868287198,0.20388112144461362
2025-08-11,0.259105575362025,0.20684274234541644,0.23032218476379113,0.14865392052692092,0.1767153822166573,0.26246256871449325,0.16002115304558837,0.09396490181419603,0.466240803442474,0.20483672031459735
2025-08-12,0.2554206035098157,0.20626666798024726,0.23224481117378618,0.147668020256925,0.18041574470765878,0.2622807970259808,0.15987779784901843,0.09741515401075435,0.4805773561561386,0.20108232522447403
2025-08-13,0.256527805061303,0.20299730233192065,0.22752263065398426,0.14273203421164737,0.1845679998248344,0.2445040294673834,0.15565196305776616,0.09746677874973217,0.47512524354903085,0.20138112616006396
2025-08-14,0.2512108341494899,0.19935710757137376,0.22687500942887154,0.14429815541141275,0.1842541374858664,0.2371742354843447,0.15818636092207428,0.09709824140111142,0.44955134510782474,0.19485098819256993
2025-08-15,0.25227438795267143,0.2004661774735112,0.22775099161171253,0.1439574716606416,0.18051487758392046,0.23901150269088206,0.15890307180568602,0.09559483582957923,0.5747675800223297,0.19195255459800312
2025-08-18,0.2459836958654098,0.20098257857188656,0.22699876568904181,0.14680347853693285,0.18147542486221982,0.2369376209939768,0.16143170046410069,0.09229966443022784,0.574255780479852,0.1905416301133634
2025-08-19,0.24621797983650986,0.16902179750618856,0.22734263308198427,0.15012443661699928,0.18674424695862998,0.2625366835743506,0.1625926683797484,0.09417046178887956,0.5746691505375897,0.17180875667324577
2025-08-20,0.25495112013969484,0.1704674568016789,0.22733650131885136,0.1483006832267296,0.1843013346925456,0.2590558939744891,0.1634851178739748,0.09355644953387691,0.5744138190390472,0.17518272149205144
2025-08-21,0.25558258890351165,0.17463715559422444,0.22723777184878913,0.14795018458855425,0.1839236595369082,0.25901851080961347,0.1634141652759976,0.09434071073301538,0.5742662802902606,0.17354226730355557
2025-08-22,0.25623852436410505,0.17989162586227136,0.22563883772159768,0.14969732956179715,0.18439938474711617,0.2625267082875995,0.1609856531781624,0.10278424584306609,0.573880571907078,0.18244349664335288
2025-08-25,0.2529758421232978,0.1641455651120673,0.2268530214084011,0.15704816362334476,0.18526859496235626,0.2623240914710161,0.15566876680161826,0.10400477169116351,0.5733398401421506,0.17920556113501335
2025-08-26,0.2536562487588951,0.16373069289216532,0.2237297275787196,0.15719452217795998,0.18501311456346334,0.23883153905595048,0.15402989166776254,0.1031998370274896,0.5680113068646424,0.1774650927366449
2025-08-27,0.25366412447864917,0.164875134156334,0.14337289991232177,0.15723860449020913,0.1870417167061303,0.23894296739620305,0.15386128201380692,0.10305662403210747,0.5687304873249557,0.17949191345210636
2025-08-28,0.2539133378264293,0.1634867869652927,0.1409324056465168,0.14732776339809833,0.18445202468621436,0.23953394275021092,0.15227739337177237,0.10225419763483964,0.5668825654975149,0.1792010544004921
2025-08-29,0.25431004056297796,0.1609388455695891,0.14234582247340488,0.14740428927822866,0.18498856812149886,0.2595804096607742,0.1540827916519901,0.10417952906272362,0.5670059393638772,0.14481622494387575
2025-09-02,0.2572265930672808,0.16081532534180018,0.14244195154764316,0.1470907022206247,0.18519161426666317,0.2654060714653261,0.15489846653448489,0.10689097823680505,0.5671645876464266,0.14485541863285084
2025-09-03,0.2764449096895574,0.17800803214319505,0.13108443691132343,0.1462105355074416,0.18313464533681925,0.2543003823104881,0.14216423518470764,0.10777407294285526,0.5670788601917479,0.1638295009421114
2025-09-04,0.27609252163085224,0.16965500517227236,0.13046728017128037,0.1480154419695108,0.1837019369206666,0.246517700549122,0.14337934607793376,0.10768174343563883,0.5632205728054201,0.1605092572551192
2025-09-05,0.2758612688330214,0.17958590174162073,0.13095820688495285,0.14843225767505544,0.19584094723039744,0.25330142854976695,0.14383299782580938,0.10820806350001633,0.5438189258360957,0.18015449858832527
2025-09-08,0.27773705535334725,0.1786814282923738,0.12840380210370098,0.14983591497572532,0.1961244258707212,0.2546129473643267,0.14476704111579522,0.10782686727463897,0.544581918076695,0.1806089858499327
2025-09-09,0.28282486693565484,0.17734844234297575,0.12372170338865329,0.14440780259011118,0.19610967786638683,0.25209226163998527,0.14307665397341643,0.10790059328071795,0.5935243490920493,0.179765528044139
2025-09-10,0.29755012015610466,0.18519177978705872,0.12332164288137609,0.1326739641794363,0.19657539346588776,0.2760404704009845,0.1482176916299996,0.10759674453070313,0.5412925969648584,0.18243020884719824
2025-09-11,0.2967559473596354,0.17229700620634683,0.12768091126430456,0.13049035546282378,0.1965729558288152,0.26881665088878876,0.13117850959476263,0.10948566361948958,0.5413909125281531,0.18077961588474573
2025-09-12,0.29778834264345255,0.16923032912202346,0.11747792981702643,0.12807463707675934,0.16566370037532524,0.26806998899092943,0.12227443456529986,0.10858192307591653,0.49853705865143505,0.18059219367369744
2025-09-15,0.2851396751440591,0.16896484663578623,0.11238732640099348,0.1206771100013493,0.16188073391963945,0.25870471307773285,0.12468351914333446,0.0951954164440635,0.4697240121195333,0.1719266326801082
2025-09-16,0.2851400804702136,0.1722708456195136,0.09717827430975395,0.12053357114198524,0.15064884210276963,0.24053881697428967,0.12603529307456934,0.08708642565664283,0.48160990422137545,0.16799881317798226
2025-09-17,0.2843033711426299,0.16915280877722497,0.09708150132214034,0.12627563633309108,0.1456847880916527,0.25041780312117373,0.1309408151357888,0.08526295765085178,0.4737538811326518,0.16779049043802519
2025-09-18,0.2511309986013449,0.17120496908861957,0.11101100760567151,0.12631828194174693,0.14525594918700727,0.27093880222724603,0.13793945960510248,0.08385571717279006,0.47322512750950807,0.17086232853271419
2025-09-19,0.2513635621793867,0.17917884138287077,0.11457266925870653,0.11871750633793245,0.15437739125613134,0.270037152022434,0.14008410689013148,0.08411254671084271,0.4712524780303236,0.17313706652526614
2025-09-22,0.2523536628473899,0.17619469238681174,0.11648992602088133,0.11880605448432713,0.15537520263414478,0.29225165912586437,0.15119724173380397,0.08264572033387715,0.4694240584482643,0.17445638778134284
2025-09-23,0.25161796148301396,0.1746937775429397,0.12244542988816064,0.11985921434185695,0.15793091796037395,0.3036213288508866,0.14873152099023063,0.08454661332413003,0.46970227433225736,0.17663785488040926
2025-09-24,0.2531477592280344,0.17643905856283917,0.12075145471571003,0.11997984547257015,0.151625258978815,0.3037599185419004,0.1486876603594379,0.08098257380761122,0.463650023618429,0.1767883472450838
2025-09-25,0.2541129198212163,0.17660313888721949,0.11899208834943578,0.1208625243323594,0.14545974742378637,0.3032186703122101,0.1485203439163442,0.08227262044789405,0.46246664424022865,0.1747264703686315
2025-09-26,0.2548831948000587,0.17631374403142505,0.12263433000491579,0.11663045023902505,0.14753948791836524,0.3032586576664731,0.1456094475336629,0.08347708821499167,0.46312632921867014,0.17711953195392516
2025-09-29,0.2545951515215371,0.19109921841748595,0.12238854146420756,0.11679681448308778,0.1483438934553114,0.30823359880458695,0.1465124252337514,0.08303722783601926,0.32131621449953723,0.19588723738923583
2025-09-30,0.25401663770593125,0.19025897698660008,0.1345483475922528,0.11426360654497902,0.148604599900513,0.3162542986582218,0.14407862008204964,0.08327445333405782,0.3200933284090622,0.200836583565686
2025-10-01,0.2536071738770039,0.18807175397993295,0.13307115454442708,0.10721558321473443,0.14248419436400117,0.2972681767515979,0.1341793693170195,0.08100629036552438,0.31574343994399046,0.2018586592649264
2025-10-02,0.2438985403238973,0.18826642016730835,0.13264396484184773,0.10627418787143697,0.14232490904422923,0.29763936397719803,0.13311618334988737,0.08002718840895887,0.31169755799385096,0.20125132276643626
2025-10-03,0.24231631973055046,0.18279566425388113,0.1376040615679232,0.11033381931070615,0.14235065423794924,0.29853926953248505,0.13300610531972296,0.07837273608525347,0.3133501914911542,0.20651330563563802
2025-10-06,0.24271493034587713,0.1756923519305889,0.13824532778099277,0.11069991980210736,0.15404012940353293,0.2976904154479797,0.1366297314371214,0.0673656611300524,0.31389086379489595,0.2009691841456481
2025-10-07,0.24233343049636843,0.17671995111069194,0.1368281933572687,0.10605630695063807,0.1554130473268441,0.2967749980739616,0.13736033991484878,0.06687189233023413,0.3118964413643219,0.20074315170091547
2025-10-08,0.24189446980851192,0.17735344397451522,0.13586868032955735,0.10926346123247048,0.15446161774228415,0.30165219974258967,0.14127217259155175,0.06769507911923724,0.3070153569964061,0.20072543087052114
2025-10-09,0.24845121414201324,0.17699504223927623,0.13657862233983456,0.10992582427171912,0.1536284198002846,0.3054310828294527,0.13950432019088632,0.06884060579629957,0.3091523517460726,0.200444820890039
2025-10-10,0.270886372035601,0.18318308791485038,0.13384928038366564,0.11294264267688948,0.1666504322557637,0.3384294618175885,0.13861784295822185,0.10686864314758798,0.33143403152177064,0.2074825738809607
2025-10-13,0.2715751929450788,0.19246705475549422,0.13228648163874282,0.10954231959539926,0.16652245298768356,0.33152796405159274,0.140421845915977,0.1136051508707387,0.32689574174677505,0.2100565305015175
2025-10-14,0.26896416067520046,0.19094201077673126,0.13230580853845034,0.11436205665105788,0.16623002459334724,0.3527961001978929,0.14385499096438373,0.11099344595355973,0.32589604708027964,0.2097351161438926
2025-10-15,0.2475088843524259,0.17988640025717498,0.13207919090340367,0.1156269722388561,0.1662491509893456,0.3528090524657665,0.14628956972804752,0.11070878772881163,0.3249725692568712,0.19824757642986135
2025-10-16,0.24862150360104054,0.179904039100641,0.13218007444253335,0.11394564084710584,0.16607415025531647,0.35359206001544513,0.15248936775559893,0.1109250631461671,0.3290857285775674,0.19934701431102544
2025-10-17,0.2541967268166399,0.1666993844113045,0.13186843931544762,0.11887802192378147,0.14712472993130735,0.34284850260458244,0.15652858625444327,0.11129007953345317,0.32770778781978854,0.1856092718283289
2025-10-20,0.2747726394650261,0.16872396057251113,0.13121725446117374,0.1162577451859617,0.1470602413652875,0.34308538302676644,0.1567084442932348,0.11453499321965997,0.3302040516908408,0.18531796536239162
2025-10-21,0.26933917902490917,0.1684488554262702,0.1332998298653459,0.16339569085644265,0.14704294577577423,0.34271318310094995,0.15618938111296057,0.1145466415658841,0.22155203205433444,0.18434202220621776
2025-10-22,0.2543375023075476,0.16238349822140502,0.1305161569953475,0.16476533611549232,0.14737174602650496,0.3254338107555322,0.15297195065326055,0.11588580443622418,0.22406145114477696,0.18513943072539774
2025-10-23,0.2526361411994155,0.16330416694771777,0.12610680293019608,0.16923887299015253,0.14742149496580986,0.3265898620064462,0.15052376080112348,0.11476425876399031,0.21776367093404161,0.18712718134641548
2025-10-24,0.2507152043143096,0.1630213893483534,0.13115667505249556,0.1669616989751179,0.13973845626284825,0.3323742416525559,0.1530107844523868,0.11664933708303928,0.21783442641181233,0.18799486116221703
2025-10-27,0.25580292169046737,0.1630104114326128,0.13021787559557815,0.16625130795047993,0.14295961347505437,0.34090584953151165,0.15248288895090867,0.12013822810213022,0.21773721367165283,0.1883020041733723
2025-10-28,0.2559625074264067,0.1581919967798353,0.14108678589755005,0.1661996550233229,0.1471695122128699,0.36215052526362,0.15033471639032717,0.11991818500553446,0.20444631743526825,0.18048234304625002
2025-10-29,0.25599745141427177,0.1591154857945549,0.1413243923789627,0.1817136388215193,0.14744316270086918,0.3566953181586771,0.14975952474741394,0.11968446891280247,0.23050693605113584,0.1833518771145168
2025-10-30,0.25468769426157095,0.16014524549250436,0.13311487176011016,0.18109471776790625,0.17254983481269776,0.35456575321366895,0.14277916517067904,0.1246114049970535,0.23982544708722583,0.18550866932964302
2025-10-31,0.2419125066951309,0.17331448253822826,0.13079856651772054,0.18116599738911504,0.1705816144068955,0.35506691587928324,0.14258141780734657,0.12424356076615176,0.2412581490513312,0.18333732709537362
2025-11-03,0.2114293584584658,0.1864456425463517,0.13331854758298595,0.185756809202518,0.1694498887072459,0.343695146120539,0.13913060621778037,0.12376117604975077,0.2471096836507613,0.18274924131885273
2025-11-04,0.21005851457068658,0.18470377132168822,0.12897063913665296,0.18671127620836442,0.16742026602202706,0.3544350059759534,0.1396153557358647,0.12791590989084298,0.2412077309964407,0.17606382294085154
2025-11-05,0.2078154569027077,0.1814697321055151,0.1303094761037728,0.18638442066327687,0.17240579343283416,0.3581962724958739,0.14174104291299233,0.12764473733087758,0.23879036561550887,0.1757380187467975
2025-11-06,0.2026168711328642,0.17874038577121582,0.13013863901202263,0.18577904727652866,0.18091496936797288,0.3765116797835957,0.14209853657207405,0.1311044060227246,0.23942639382579017,0.1750043286562303
2025-11-07,0.20241903393239058,0.18395063777356313,0.1274519198647761,0.19349964301019207,0.17874072324612494,0.37654186476170876,0.14318542726742775,0.13022497957085877,0.24126297565844357,0.18389783603660198
2025-11-10,0.20182135017388056,0.16931943951061518,0.12698229484523527,0.1934337884759348,0.18638063625579027,0.40684129145796366,0.14361411255571804,0.13729285410852715,0.24142622512489925,0.16847358498978893
2025-11-11,0.20958150677994938,0.1689468957565093,0.13900573652504233,0.197127264650662,0.18601712287828326,0.4117964110524606,0.15756380854347482,0.1370929724404444,0.24856950617345816,0.16648031457403134
2025-11-12,0.21125257335849343,0.1772065247796894,0.13895371741681178,0.19702684956013586,0.18632778482497528,0.4117872014211331,0.15763280109959737,0.13688287000378196,0.2694697086480706,0.1709719055857511
2025-11-13,0.21122246357193297,0.18081386506622685,0.13908704129690536,0.19513515973454065,0.1902049094116783,0.4249744859708126,0.15642113359982024,0.14582608559009475,0.27006107721280476,0.16955914177760636
2025-11-14,0.21150820156738948,0.18445170724770774,0.13398205727553944,0.19437369259601409,0.19448956787074922,0.42751609736489565,0.1563397713324013,0.1458284636023693,0.2766463520865194,0.16634452664017846
2025-11-17,0.21854363661889842,0.19208565506379266,0.1424877288435087,0.19371369573526614,0.183265421540224,0.42994673709302955,0.1565415853946135,0.14798552012744534,0.27664918383885384,0.17118117876527286
2025-11-18,0.21848590006777754,0.19160316487936882,0.1423776017795352,0.19286072641346935,0.19686452257431938,0.4378322185710322,0.15241643561885376,0.14955262963312507,0.27644929093038034,0.17364636210315013
2025-11-19,0.2181964663820883,0.19385640530470552,0.14554376246292913,0.18972124141335472,0.19937232849709857,0.4410772178827317,0.14870092818150477,0.14889743732375915,0.26967327528447166,0.17933645154493982
2025-11-20,0.21436779865382835,0.19152784472240114,0.1447516920888429,0.1897063886089756,0.20315905590923863,0.44663440330120746,0.1508282449217072,0.15481980813347884,0.2726013154887103,0.17673419414296374
2025-11-21,0.1911119489251918,0.18377758569030808,0.14436812967640666,0.19907070333610327,0.19752839526015067,0.4246203410618112,0.1591604549123051,0.13660340544509303,0.27242022691553835,0.16538640291922485
2025-11-24,0.19390941711291595,0.17404263265376324,0.14627086231475,0.19949198790712158,0.1968417829567373,0.4206988846570996,0.1716089512841587,0.1360172103167068,0.2686939992901452,0.16507075357621204
2025-11-25,0.19366172967624248,0.1753422008561192,0.1473022167483967,0.19823687582353605,0.19847488493297116,0.4075623660357514,0.171042626497164,0.13843624048504136,0.27873213094440025,0.16999806109827006
2025-11-26,0.19357378385875118,0.1764530483094866,0.1473078983866766,0.19646062723489974,0.2068658619547033,0.40950354998635724,0.16745849481441494,0.1392006438733528,0.2809328669161435,0.16870352984531004
2025-11-28,0.19061396569388445,0.17910101744352092,0.14821785722638622,0.19594939385488627,0.21135196912569743,0.41162942428955607,0.16187441680108555,0.1379411317963369,0.27958990396590105,0.16781119966236188
2025-12-01,0.1879613572383476,0.17922981852547437,0.1509059829861915,0.19651901528001786,0.2125666229424653,0.4139390911137355,0.1582916062923857,0.13822453941163726,0.2839969441438271,0.16408673816533803
2025-12-02,0.15674832660218158,0.18253147422882465,0.15100209239922138,0.2046681308744099,0.2127148238058338,0.41462279351380116,0.16038717060291813,0.13526705467863312,0.27475519203194637,0.1677221821267631
2025-12-03,0.15946264650523462,0.18411386152599668,0.147130348511161,0.16757634062363944,0.22295937451205391,0.4150508109747471,0.16158167981090749,0.1355184996815234,0.31099462301744335,0.17725000422782736
2025-12-04,0.15541632634355704,0.18133705776270906,0.1542558762506866,0.16738343928333654,0.22327401427106658,0.41921290171403586,0.16273817655297315,0.1343775067362489,0.31358326425583394,0.1718619557387454
2025-12-05,0.1578312824095954,0.18496198466526523,0.1543259377585927,0.1644321483437637,0.22417280956142469,0.4185851865327394,0.1662735036017436,0.13355950956689713,0.3139506336117123,0.17005233249338392
2025-12-08,0.15570752157665183,0.18563296447702335,0.15003196291479037,0.16432818968114865,0.22944213083945314,0.4164293938509441,0.19004127853483435,0.1320590418545145,0.31504501874999385,0.16997367969724433
2025-12-09,0.14302380789905197,0.18562424721960136,0.152869304499679,0.1639608238374525,0.2240497124643139,0.40801543593179346,0.19335795101580858,0.1275394652742152,0.3128271958031378,0.17839906641459688
2025-12-10,0.14365675569103578,0.19396744818873277,0.16623198521692437,0.16397992431566974,0.22506425735702298,0.37886134874373417,0.1937151860540796,0.12879403820101717,0.3164110850223821,0.17858922584971942
2025-12-11,0.1440463568493832,0.1933831785627188,0.16970243389544584,0.1521675670150096,0.22869472972506336,0.3675920754500429,0.19041138272093389,0.12895793658977037,0.3131141402266084,0.17571683397591667
2025-12-12,0.14319465657977073,0.1916728254746302,0.16790289198498626,0.16084746762621216,0.21657793686746976,0.3740746435808939,0.19534242147574624,0.12877549440224317,0.3048359277687874,0.17026315241204926
2025-12-15,0.14990253095570982,0.17275642319211693,0.1688555640111752,0.16144354996294524,0.2140264931307905,0.37560040547564666,0.20097114985018025,0.12850425268353663,0.3036323185054818,0.17250756259540456
2025-12-16,0.1490549545886422,0.16964790807988991,0.17892737330180294,0.15806063558589917,0.21471991903923568,0.3694418425047124,0.1962249159805106,0.1286032045259362,0.30204987628512414,0.1892584809806404
2025-12-17,0.15201995786887978,0.17901049764134588,0.17891705611506914,0.15614982975132655,0.21464492143653524,0.3682863114822425,0.20266590251368186,0.12795514294840826,0.301753679225575,0.20075285091838257
2025-12-18,0.15204699385260592,0.1818758547584166,0.18162796681761886,0.1566992394028806,0.21854840210612442,0.3723160294813441,0.20593236103208107,0.12949939384802883,0.30210759335970366,0.20177047285397506
2025-12-19,0.15266502681854496,0.1817521229126628,0.18565953298621432,0.15607221418352105,0.21189865510631173,0.3787651398002997,0.2068780153985409,0.12797587521627124,0.29667140800541125,0.20096444981840736
2025-12-22,0.15489347571942916,0.1819417803768062,0.18488349465717724,0.14317954705798108,0.21194011973888316,0.3815601920346689,0.2088543088727835,0.12899839135116484,0.29670316415340087,0.19235891519851667
2025-12-23,0.15503823421239193,0.18210621053515505,0.18673764997318906,0.14389399840368106,0.20460336289940628,0.3518444866180435,0.20736580360902132,0.12176486434054352,0.29563134319825973,0.19325643024066236
2025-12-24,0.14236114939865976,0.1816249128754581,0.17164574473477273,0.13668438841157163,0.20398310097919448,0.34166668035956643,0.19950509782499837,0.12197847029337086,0.2919477915599635,0.18967298706723998
2025-12-26,0.141164366092379,0.17375397576353388,0.1719093808562366,0.1369340431784162,0.2031820291776148,0.3429217279838095,0.19946744802415034,0.12199003761255009,0.2752849168569153,0.18498689973456903
2025-12-29,0.14108991203686,0.16912443468988683,0.1719921109534291,0.1364960007904072,0.19884094600725075,0.32818634413651127,0.19947016750433472,0.11155736347486837,0.2706287437177512,0.1873376944153291
2025-12-30,0.14116341414457223,0.16650573895940912,0.17266656534162841,0.13646436608463297,0.19404347004086317,0.32423499656326177,0.1996167047726759,0.11168682335654241,0.2542305644597648,0.18402471316117736
