Date,AAPL,CVX,JNJ,KO,MSFT,NVDA,PG,SPY,UNH,XOM
2020-01-02,72.33386993408203,91.18257904052734,121.9369888305664,45.14126205444336,151.8295440673828,5.963802814483643,103.95930480957031,296.125244140625,261.7021789550781,52.94704055786133
2020-01-03,71.6306381225586,90.86721801757812,120.52519226074219,44.894989013671875,149.93902587890625,5.868345737457275,103.26011657714844,293.8829345703125,259.05377197265625,52.52136993408203
2020-01-06,72.201416015625,90.55931091308594,120.37486267089844,44.87857437133789,150.32656860351562,5.8929572105407715,103.40331268310547,295.004150390625,260.8522033691406,52.92463684082031
2020-01-07,71.86184692382812,89.4029312133789,121.10993194580078,44.53379821777344,148.95596313476562,5.964299201965332,102.76310729980469,294.17462158203125,259.277587890625,52.49150466918945
2020-01-08,73.01783752441406,88.38167572021484,121.09323120117188,44.61589050292969,151.3285369873047,5.975487232208252,103.2011489868164,295.7424621582031,264.7441711425781,51.699913024902344
2020-01-09,74.56880187988281,88.23900604248047,121.45243072509766,45.428585052490234,153.21913146972656,6.04111385345459,104.32997131347656,297.747802734375,263.2410583496094,52.095699310302734
2020-01-10,74.73737335205078,87.43553161621094,121.17676544189453,45.58455276489258,152.51011657714844,6.073428153991699,104.4310302734375,296.8908996582031,264.0552673339844,51.63269805908203
2020-01-13,76.33409118652344,87.60076141357422,121.71142578125,46.077091217041016,154.343994140625,6.263845920562744,105.1976318359375,298.9328308105469,255.7523956298828,52.12557601928711
2020-01-14,75.30332946777344,87.33040618896484,122.39640808105469,45.97037124633789,153.2568817138672,6.147011756896973,105.03754425048828,298.47698974609375,257.89068603515625,51.6775016784668
2020-01-15,74.98063659667969,87.20275115966797,122.80570983886719,46.545005798339844,154.24942016601562,6.104502201080322,106.10738372802734,299.1515808105469,265.2004699707031,51.59534454345703
2020-01-16,75.91987609863281,87.77345275878906,123.79978942871094,46.64351272583008,157.07579040527344,6.1880269050598145,106.20004272460938,301.6400146484375,269.0745544433594,51.39372634887695
2020-01-17,76.7603759765625,86.78976440429688,124.61007690429688,46.74201965332031,157.95494079589844,6.196728229522705,106.48646545410156,302.5788879394531,267.0436096191406,51.199554443359375
2020-01-21,76.24016571044922,85.085205078125,124.69364166259766,46.93082809448242,157.38772583007812,6.163417339324951,106.21688842773438,301.986328125,268.88665771484375,50.46770095825195
2020-01-22,76.51232147216797,84.77734375,123.84159851074219,47.292022705078125,156.63148498535156,6.217360973358154,106.4022216796875,302.0228576660156,268.9403381347656,50.17646026611328
2020-01-23,76.88079833984375,84.92752838134766,124.07547760009766,47.472618103027344,157.595703125,6.285722255706787,105.91582489013672,302.3692321777344,267.9293518066406,49.862815856933594
2020-01-24,76.65922546386719,83.9888916015625,123.9000473022461,47.349491119384766,156.0076141357422,6.226558208465576,106.04293823242188,299.68023681640625,261.9794921875,49.52676010131836
2020-01-27,74.40503692626953,82.8925552368164,124.25926971435547,47.185302734375,153.39874267578125,5.971012592315674,106.50897979736328,294.8764343261719,254.1776885986328,48.34684371948242
2020-01-28,76.5098876953125,83.44071960449219,124.8857650756836,46.79948425292969,156.4046630859375,6.164163112640381,106.7970962524414,297.9666442871094,255.77023315429688,48.27963638305664
2020-01-29,78.11141967773438,82.87753295898438,125.7545166015625,46.79948425292969,158.84344482421875,6.103756427764893,105.9751205444336,297.72039794921875,253.11297607421875,47.876365661621094
2020-01-30,77.99826049804688,83.65097045898438,125.6041488647461,48.318153381347656,163.3240509033203,6.11046838760376,106.72932434082031,298.6866760253906,251.39512634277344,48.38417053222656
2020-01-31,74.53987884521484,80.45210266113281,124.35948181152344,47.940528869628906,160.91358947753906,5.877295970916748,105.60231018066406,293.2631530761719,243.76327514648438,46.39026641845703
2020-02-03,74.3351821899414,79.80632781982422,125.44544982910156,48.08829879760742,164.83648681640625,5.974244594573975,106.01750946044922,295.44158935546875,245.16793823242188,45.352230072021484
2020-02-04,76.78926086425781,80.23434448242188,126.6400375366211,48.30173110961914,170.26234436035156,6.143280982971191,106.48357391357422,299.9445495605469,251.26991271972656,44.7846794128418
2020-02-05,77.41542053222656,82.80996704101562,128.63653564453125,48.309932708740234,170.05438232421875,6.233519077301025,107.45809173583984,303.4082946777344,264.5920715332031,46.845802307128906
2020-02-06,78.3209457397461,82.21675109863281,128.25225830078125,48.42485809326172,173.58026123046875,6.320274353027344,107.73770904541016,304.4292297363281,261.66632080078125,46.21104049682617
2020-02-07,77.2563705444336,81.80375671386719,126.88228607177734,48.58903884887695,173.82603454589844,6.254150390625,106.83948516845703,302.8067321777344,258.7674560546875,45.90485382080078
2020-02-10,77.62328338623047,82.44200897216797,126.8572006225586,49.048736572265625,178.3727569580078,6.5370402336120605,106.91575622558594,305.0672912597656,256.8081970214844,45.4200439453125
2020-02-11,77.15498352050781,83.50830078125,126.96582794189453,48.917415618896484,174.34591674804688,6.659344673156738,105.2125015258789,305.5959777832031,260.1722717285156,45.8518180847168
2020-02-12,78.98722839355469,84.13156127929688,126.2139663696289,48.76963806152344,174.60118103027344,6.774935245513916,104.61083984375,307.5648193359375,271.5260314941406,46.412376403808594
2020-02-13,78.42475891113281,83.84620666503906,125.37865447998047,48.93381881713867,173.65591430664062,6.7311859130859375,105.8904037475586,307.2366943359375,270.380859375,46.15481948852539
2020-02-14,78.44406127929688,83.62590026855469,125.41202545166016,49.21291732788086,175.20614624023438,7.203746795654297,106.89031219482422,307.7289733886719,267.32098388671875,45.942726135253906
2020-02-18,77.00772857666016,83.74745178222656,124.58505249023438,48.86814880371094,176.98321533203125,7.372287273406982,105.81414031982422,306.9359130859375,270.3272705078125,45.35944366455078
2020-02-19,78.12299346923828,84.12730407714844,124.41796875,49.065162658691406,177.5140380859375,7.822970390319824,106.29716491699219,308.4034423828125,273.16339111328125,45.70790100097656
2020-02-20,77.32154083251953,83.4207992553711,123.94181823730469,49.024112701416016,174.8031768798828,7.673820495605469,107.26317596435547,307.1364440917969,270.3181457519531,45.34429931640625
2020-02-21,75.57134246826172,82.81306457519531,125.24493408203125,49.360687255859375,169.27720642089844,7.310139179229736,107.36483764648438,303.9734191894531,269.69195556640625,44.791324615478516
2020-02-24,71.98168182373047,79.54639434814453,122.6640853881836,48.145755767822266,161.97869873046875,6.793332576751709,104.48372650146484,293.89208984375,248.54103088378906,42.69301986694336
2020-02-25,69.54351043701172,76.50768280029297,121.60482788085938,47.464412689208984,159.3057861328125,6.514170169830322,102.89909362792969,284.9865417480469,235.65719604492188,41.05681610107422
2020-02-26,70.64674377441406,74.47930908203125,120.78932189941406,47.2838134765625,161.29629516601562,6.653378009796143,101.82291412353516,283.9382629394531,235.3082733154297,40.1553840637207
2020-02-27,66.0286865234375,71.50895690917969,116.955810546875,45.09201431274414,149.9314727783203,6.283013343811035,96.17926025390625,271.1860656738281,227.18431091308594,37.738929748535156
2020-02-28,65.99005889892578,70.90882110595703,113.05506896972656,43.90991973876953,153.561767578125,6.7175517082214355,95.95048522949219,270.04669189453125,228.1148223876953,38.966102600097656
2020-03-02,72.13378143310547,73.37776184082031,117.71244812011719,45.90469741821289,163.7796173095703,6.87574577331543,101.3144760131836,281.7414855957031,244.35372924804688,40.81441116333008
2020-03-03,69.8428726196289,71.70648956298828,113.9881820678711,46.019615173339844,155.931396484375,6.613581657409668,100.13660430908203,273.674560546875,233.876708984375,38.86003875732422
2020-03-04,73.08251190185547,74.8515625,120.6212158203125,48.367401123046875,161.65640258789062,7.076724052429199,105.5006103515625,285.1778564453125,258.9465026855469,39.70846176147461
2020-03-05,70.71189880371094,73.83358764648438,119.3853988647461,46.577842712402344,157.59963989257812,6.797644138336182,103.06857299804688,275.69818115234375,253.16668701171875,37.958621978759766
2020-03-06,69.7728500366211,72.4129867553711,119.40222930908203,45.3629035949707,153.1447296142578,6.617311477661133,103.09400939941406,271.14056396484375,253.98081970214844,36.125457763671875
2020-03-09,64.25437927246094,61.283634185791016,114.70279693603516,42.57184982299805,142.76568603515625,6.104921817779541,98.34860229492188,249.96595764160156,244.64903259277344,31.709197998046875
2020-03-10,68.8820571899414,64.55787658691406,119.07435607910156,44.04946517944336,152.52859497070312,6.493939399719238,102.15338897705078,262.9004211425781,250.51828002929688,32.88332748413086
2020-03-11,66.4897689819336,63.07646942138672,110.80203247070312,42.85917663574219,145.6187744140625,6.130539894104004,94.56073760986328,250.0843963623047,248.53208923339844,31.800092697143555
2020-03-12,59.923583984375,57.933433532714844,105.4300765991211,38.713626861572266,131.80857849121094,5.380359649658203,86.29865264892578,226.15701293945312,224.0438995361328,28.164066314697266
2020-03-13,67.10292053222656,63.37275314331055,112.89531707763672,40.13795852661133,150.54759216308594,5.990502834320068,96.66228485107422,245.49041748046875,244.45071411132812,28.876123428344727
2020-03-16,58.470340728759766,52.94990539550781,106.87604522705078,37.47975158691406,128.3583221435547,4.8851318359375,91.9422836303711,218.62791442871094,202.21730041503906,26.126379013061523
2020-03-17,61.041290283203125,53.702003479003906,114.82889556884766,39.069698333740234,138.92686462402344,5.404236793518066,100.1958999633789,230.43206787109375,219.45213317871094,27.8837890625
2020-03-18,59.5469970703125,41.8205451965332,113.45858001708984,37.140235900878906,133.07867431640625,5.044817924499512,99.52647399902344,218.76466369628906,195.046630859375,25.088592529296875
2020-03-19,59.09075164794922,43.59820556640625,106.80878448486328,34.63937759399414,135.26820373535156,5.297282695770264,93.91673278808594,219.2295379638672,197.5087432861328,26.0809268951416
2020-03-20,55.33933639526367,45.117576599121094,100.78950500488281,31.716190338134766,130.1876983642578,5.117697238922119,86.7986068725586,209.781982421875,185.63841247558594,24.800743103027344
2020-03-23,54.1637077331543,41.19001388549805,93.43352508544922,31.1033992767334,128.88916015625,5.290317535400391,82.7904281616211,204.41827392578125,175.09805297851562,23.82356071472168
2020-03-24,59.59769058227539,50.55690383911133,100.19261169433594,32.66850280761719,140.6046142578125,6.1979451179504395,87.51042938232422,222.939208984375,197.5087432861328,26.846004486083984
2020-03-25,59.26939392089844,52.62323760986328,100.37757110595703,34.45719528198242,139.25868225097656,6.109398365020752,85.51905059814453,226.2766571044922,210.70895385742188,28.247394561767578
2020-03-26,62.38831329345703,58.02458953857422,106.40524291992188,36.67648696899414,147.96945190429688,6.398426532745361,90.99320220947266,239.4888916015625,229.48928833007812,29.406381607055664
2020-03-27,59.805301666259766,52.2509880065918,103.53853607177734,35.45091247558594,141.8936767578125,6.286247730255127,93.3574447631836,232.35557556152344,217.86163330078125,27.989835739135742
2020-03-30,61.51203155517578,54.65918731689453,111.81925201416016,37.26444625854492,151.8745880126953,6.606118679046631,97.45034790039062,239.90147399902344,225.79617309570312,28.406465530395508
2020-03-31,61.386497497558594,55.04662322998047,110.23876953125,36.643367767333984,149.4860382080078,6.5566205978393555,93.21337890625,236.32565307617188,224.0888214111328,28.762502670288086
2020-04-01,58.15651321411133,52.0838623046875,108.28839111328125,34.879520416259766,144.17799377441406,6.045970439910889,92.64563751220703,225.68984985351562,213.25192260742188,28.4291934967041
2020-04-02,59.126956939697266,57.82707214355469,111.93693542480469,36.39494705200195,147.1637420654297,6.354401111602783,96.94192504882812,230.89772033691406,216.05551147460938,30.603246688842773
2020-04-03,58.2772216796875,57.05979919433594,112.79443359375,36.29557418823242,145.808349609375,6.066863536834717,97.51813507080078,227.56031799316406,206.21600341796875,29.70180320739746
2020-04-06,63.361183166503906,61.070919036865234,117.49386596679688,38.64737319946289,156.65179443359375,6.6760125160217285,99.83153533935547,242.84461975097656,223.154296875,30.656267166137695
2020-04-07,62.62732696533203,61.473548889160156,115.57711791992188,38.51487350463867,154.964599609375,6.442950248718262,95.56066131591797,243.0922088623047,222.88470458984375,31.239534378051758
2020-04-08,64.230224609375,65.31753540039062,120.43626403808594,39.59969711303711,156.51904296875,6.639946937561035,97.53509521484375,251.2524871826172,240.667724609375,33.21662902832031
2020-04-09,64.6937255859375,64.04888153076172,118.72968292236328,40.57683563232422,156.528564453125,6.54045295715332,97.1622314453125,255.07589721679688,237.3429412841797,32.67123031616211
2020-04-13,65.96350860595703,64.50466918945312,117.50228118896484,38.86268615722656,156.8792266845703,6.712080001831055,98.25537872314453,252.7469940185547,236.78585815429688,32.390953063964844
2020-04-14,69.29484558105469,64.27678680419922,122.76496887207031,40.51059341430664,164.6421661376953,7.0627946853637695,102.50080871582031,260.2012023925781,243.06689453125,32.14097213745117
2020-04-15,68.66240692138672,62.666263580322266,124.1352767944336,39.425785064697266,162.91709899902344,6.985436916351318,102.72116088867188,254.6724090576172,253.11309814453125,30.663827896118164
2020-04-16,69.20796966552734,60.76704025268555,125.82504272460938,39.00344467163086,167.80801391601562,7.33018159866333,102.95842742919922,255.90101623535156,268.1644287109375,29.65635108947754
2020-04-17,68.26890563964844,66.22154998779297,127.8006362915039,39.798431396484375,169.2866973876953,7.270983695983887,105.66160583496094,262.8143310546875,261.092529296875,32.73939895629883
2020-04-20,66.85186767578125,63.486698150634766,127.50640106201172,38.53143310546875,165.93124389648438,7.139902114868164,102.19574737548828,258.1839599609375,253.5265655517578,31.194091796875
2020-04-21,64.78545379638672,62.02052307128906,125.83345031738281,37.57911682128906,159.06881713867188,6.7036237716674805,101.41615295410156,250.34478759765625,246.3827362060547,31.027429580688477
2020-04-22,66.65150451660156,64.14765167236328,128.61610412597656,37.82754898071289,164.4715576171875,7.117515563964844,101.17887878417969,255.90101623535156,248.92562866210938,31.91371726989746
2020-04-23,66.3932113647461,65.94046783447266,130.734619140625,37.32242202758789,162.48106384277344,7.064287185668945,101.85364532470703,255.88272094726562,256.3927917480469,32.91362380981445
2020-04-24,68.30995178222656,66.10002136230469,130.18814086914062,37.62052917480469,165.44784545898438,7.203080177307129,101.32477569580078,259.4493408203125,261.74847412109375,33.12572479248047
2020-04-27,68.3582534790039,68.15116119384766,129.70899963378906,38.738468170166016,164.97393798828125,7.38938045501709,100.19022369384766,263.190185546875,264.1656494140625,33.28480529785156
2020-04-28,67.25019073486328,68.3031234741211,127.27100372314453,38.705345153808594,160.9550323486328,7.247106075286865,99.71250915527344,261.9799499511719,259.1157531738281,34.06503677368164
2020-04-29,69.45903015136719,71.88121032714844,126.3042221069336,39.02001953125,168.1776885986328,7.423707008361816,99.87459564208984,268.8382568359375,258.47760009765625,35.95123291015625
2020-04-30,70.92435455322266,69.89085388183594,126.13607788085938,38.00144958496094,169.86483764648438,7.26999044418335,100.54850006103516,266.33514404296875,262.80877685546875,35.201290130615234
2020-05-01,69.78253173828125,67.9460678100586,124.66488647460938,37.76130676269531,165.466796875,7.033692836761475,99.65277862548828,259.2843322753906,255.6561279296875,32.678802490234375
2020-05-04,70.76984405517578,69.46540832519531,124.64807891845703,37.380374908447266,169.51417541503906,7.245365142822266,98.75708770751953,259.9994812011719,258.3788146972656,33.99686813354492
2020-05-05,71.83202362060547,70.56696319580078,125.68211364746094,37.5956916809082,171.333984375,7.306303977966309,98.9618148803711,262.4017333984375,263.3210144042969,33.95897674560547
2020-05-06,72.5731430053711,68.40946960449219,124.48833465576172,37.05741882324219,173.0211944580078,7.407040119171143,96.47945404052734,260.623046875,259.4841003417969,33.32268142700195
2020-05-07,73.32389068603516,70.37702941894531,124.07642364501953,36.9332160949707,174.02593994140625,7.583144664764404,95.68614196777344,263.7678527832031,256.0963439941406,33.51205825805664
2020-05-08,75.06912231445312,72.52693939208984,125.00957489013672,38.18364334106445,175.04959106445312,7.7729291915893555,98.91064453125,268.1322021484375,257.8935241699219,34.98161697387695
2020-05-11,76.2503662109375,70.9316177368164,125.3542251586914,37.71162414550781,177.00221252441406,8.024646759033203,98.36466979980469,268.1871643066406,259.41217041015625,34.648319244384766
2020-05-12,75.37896728515625,69.20713806152344,123.69811248779297,37.11539840698242,172.9927520751953,7.762980937957764,97.71638488769531,262.841796875,258.5224914550781,34.06916809082031
2020-05-13,74.46881866455078,67.38386535644531,123.689697265625,36.38665771484375,170.376708984375,7.740594863891602,97.17896270751953,258.1932373046875,249.80625915527344,32.378074645996094
2020-05-14,74.92630767822266,68.40946960449219,124.11849212646484,36.187923431396484,171.11602783203125,7.9898247718811035,97.0851058959961,261.2830810546875,261.1374816894531,32.663780212402344
2020-05-15,74.48335266113281,67.73333740234375,126.47234344482422,35.823551177978516,173.60888671875,8.447742462158203,97.76756286621094,262.484130859375,261.4519958496094,32.43212890625
2020-05-18,76.23825073242188,71.34083557128906,126.53966522216797,37.23960876464844,175.2676239013672,8.705930709838867,99.1324234008789,270.47943115234375,263.6085510253906,35.0112419128418
2020-05-19,75.79772186279297,69.08232116699219,125.2785873413086,36.88352584838867,174.0543670654297,8.760900497436523,95.91644287109375,267.70123291015625,259.73565673828125,33.930171966552734
2020-05-20,77.2718505859375,71.68772888183594,124.1520767211914,38.00144958496094,176.46864318847656,8.924566268920898,96.63301849365234,272.24896240234375,258.7831726074219,35.0344123840332
2020-05-21,76.69576263427734,70.9477310180664,123.33663177490234,37.40522384643555,174.34906005859375,8.730804443359375,95.2169418334961,270.369384765625,257.81268310546875,34.408931732177734
2020-05-22,77.1895751953125,69.59103393554688,122.21073150634766,37.2892951965332,174.425048828125,8.980531692504883,96.05292510986328,270.8828430175781,260.535400390625,34.439823150634766
2020-05-26,76.66671752929688,71.91897583007812,122.3716049194336,38.16707992553711,172.5811767578125,8.673590660095215,95.56669616699219,274.2202453613281,264.98333740234375,35.45140075683594
2020-05-27,77.000732421875,72.38147735595703,122.65095520019531,38.697059631347656,172.8092803955078,8.482068061828613,97.15338134765625,278.3003234863281,272.9627990722656,35.70622634887695
2020-05-28,77.0346450805664,70.04583740234375,124.41169738769531,38.99517822265625,172.4195098876953,8.444012641906738,99.00448608398438,277.78692626953125,273.1424560546875,34.77959060668945
2020-05-29,76.95960998535156,70.6856460571289,125.91848754882812,38.65565872192383,174.17791748046875,8.830544471740723,98.88504791259766,279.0246887207031,273.9332580566406,35.111637115478516
2020-06-01,77.9060287475586,71.52586364746094,124.59793853759766,38.91236114501953,173.77870178222656,8.76164436340332,100.01959991455078,280.15240478515625,274.90380859375,35.73711395263672
2020-06-02,78.26671600341797,72.99041748046875,125.4952163696289,38.837833404541016,175.7557830810547,8.780547142028809,100.7105712890625,282.4721984863281,275.2452392578125,36.532466888427734
2020-06-03,78.69756317138672,74.90980529785156,125.83381652832031,39.66593551635742,176.1834716796875,8.725082397460938,101.11148834228516,286.23138427734375,274.3825378417969,38.022804260253906
2020-06-04,78.01981353759766,74.21604919433594,124.20851135253906,39.682491302490234,173.86427307128906,8.726078987121582,98.99594116210938,285.47955322265625,267.849853515625,37.914695739746094
2020-06-05,80.24188232421875,77.70795440673828,124.69100952148438,40.651371002197266,177.93238830566406,8.87886905670166,100.94088745117188,292.7962341308594,280.2233581542969,40.988033294677734
2020-06-08,80.71630096435547,79.5810775756836,124.24241638183594,41.28073501586914,179.0349578857422,8.764403343200684,101.55509185791016,296.3354187011719,278.09375,42.26987075805664
2020-06-09,83.26517486572266,78.26294708251953,123.55671691894531,40.57683563232422,180.40367126464844,9.004289627075195,100.94940948486328,294.1256408691406,277.8511657714844,41.32778549194336
2020-06-10,85.40740203857422,75.21813201904297,125.11432647705078,40.26215744018555,187.09515380859375,9.32356071472168,101.7086410522461,292.48455810546875,274.7419738769531,39.111595153808594
2020-06-11,81.30693817138672,68.88960266113281,119.2479476928711,37.71162414550781,177.04844665527344,8.755688667297363,99.17510986328125,275.62310791015625,254.95518493652344,35.65989303588867
2020-06-12,82.00889587402344,71.21751403808594,120.33148193359375,38.10436248779297,178.44566345214844,8.891313552856445,98.62915802001953,278.9237976074219,256.2311706542969,36.424354553222656
2020-06-15,83.02313232421875,70.32334899902344,119.56964111328125,38.689292907714844,179.5862274169922,9.131448745727539,99.54187774658203,281.5278015136719,257.2466125488281,36.40119552612305
2020-06-16,85.22343444824219,72.48168182373047,122.28692626953125,39.0820426940918,183.98703002929688,9.026683807373047,100.770263671875,286.94659423828125,263.28509521484375,37.21971893310547
2020-06-17,85.10480499267578,70.56229400634766,121.91448974609375,38.92327117919922,184.62387084960938,9.193413734436035,100.59967803955078,285.7546691894531,262.9256591796875,36.00737380981445
2020-06-18,85.13870239257812,70.87064361572266,121.39811706542969,39.265872955322266,186.60089111328125,9.175495147705078,101.75128173828125,285.8646240234375,261.9191589355469,36.23130798339844
2020-06-19,84.65216064453125,69.86083984375,121.7536392211914,38.45532989501953,185.48883056640625,9.218546867370605,101.44416809082031,284.23095703125,262.8306884765625,35.50544738769531
2020-06-22,86.86698150634766,70.60082244873047,121.38114929199219,38.221351623535156,190.6405029296875,9.482819557189941,100.44612884521484,286.0542907714844,264.1212463378906,35.84522247314453
2020-06-23,88.72115325927734,70.48519897460938,120.93251037597656,38.137794494628906,191.91412353515625,9.406425476074219,100.42906951904297,287.3712158203125,268.5703125,36.061439514160156
2020-06-24,87.1550521850586,67.5560531616211,118.3591537475586,37.31053161621094,188.045654296875,9.192914962768555,99.31156921386719,280.0408020019531,260.9717102050781,34.362613677978516
2020-06-25,88.31206512451172,68.76625061035156,118.23214721679688,37.54450225830078,190.42185974121094,9.44624137878418,100.56555938720703,283.0429382324219,267.3249206542969,34.879974365234375
2020-06-26,85.59862518310547,66.64645385742188,116.65763854980469,36.40805435180664,186.6103973388672,9.112784385681152,98.29644775390625,276.3203125,258.8960266113281,33.683067321777344
2020-06-29,87.57137298583984,67.57916259765625,117.6988296508789,37.06819534301758,188.61593627929688,9.15757942199707,100.36935424804688,280.38153076171875,261.4949951171875,34.22361373901367
2020-06-30,88.30238342285156,68.78168487548828,119.04480743408203,37.335594177246094,193.43495178222656,9.453954696655273,101.9986801147461,283.9730529785156,266.17877197265625,34.53248596191406
2020-07-01,88.13536834716797,67.54063415527344,118.83316040039062,37.45258712768555,194.56600952148438,9.486056327819824,102.34841918945312,285.9622802734375,268.68768310546875,33.75257110595703
2020-07-02,88.13536834716797,68.07250213623047,119.33263397216797,37.502716064453125,196.04879760742188,9.567927360534668,103.11614990234375,287.5370178222656,269.1659240722656,34.03828811645508
2020-07-06,90.49301147460938,68.2729263305664,121.03410339355469,37.79519271850586,200.26895141601562,9.793878555297852,103.75592803955078,291.97576904296875,273.2720642089844,34.27765655517578
2020-07-07,90.21221160888672,66.53083038330078,120.92406463623047,37.77847671508789,197.94024658203125,9.826231956481934,104.2592544555664,288.9644775390625,267.7130126953125,33.3896369934082
2020-07-08,92.31326293945312,66.56166076660156,121.27958679199219,37.661495208740234,202.29356384277344,10.168893814086914,104.83077239990234,291.17462158203125,269.2561950683594,33.31242370605469
2020-07-09,92.71025848388672,63.778961181640625,120.61931610107422,36.69216537475586,203.7097930908203,10.460539817810059,104.48102569580078,289.5169982910156,262.758544921875,31.93791389465332
2020-07-10,92.87240600585938,65.69832611083984,120.51771545410156,37.72834396362305,203.09194946289062,10.430927276611328,105.68382263183594,292.47314453125,262.8216857910156,32.934051513671875
2020-07-13,92.44397735595703,65.8293685913086,122.92180633544922,37.8118896484375,196.8187255859375,10.005897521972656,105.8203125,289.94061279296875,270.47442626953125,32.941768646240234
2020-07-14,93.97380065917969,68.10333251953125,125.21587371826172,38.329986572265625,198.0353240966797,10.329151153564453,106.70748138427734,293.6979675292969,278.42510986328125,34.03056716918945
2020-07-15,94.62008666992188,68.51959991455078,125.5036849975586,38.772865295410156,197.7406768798828,10.180093765258789,106.20418548583984,296.3962097167969,274.4091796875,34.46299362182617
2020-07-16,93.45577239990234,68.11104583740234,126.34172058105469,38.56394958496094,193.8246307373047,10.088017463684082,106.42597198486328,295.41998291015625,277.1888427734375,34.192718505859375
2020-07-17,93.26695251464844,67.20915985107422,126.42636108398438,39.12382125854492,192.8361053466797,10.154458999633789,107.16812896728516,296.2764892578125,276.6292419433594,33.605865478515625
2020-07-20,95.23246765136719,65.7291488647461,126.63800811767578,38.53888702392578,201.12442016601562,10.462284088134766,106.83544158935547,298.6708984375,273.8586730957031,32.81821060180664
2020-07-21,93.9181137084961,70.4466781616211,126.7564926147461,39.44136428833008,198.41551208496094,10.280871391296387,106.69042205810547,299.30633544921875,275.3476867675781,34.47843933105469
2020-07-22,94.18194580078125,70.17687225341797,126.98506927490234,40.510948181152344,201.2670135498047,10.390617370605469,107.60316467285156,301.0099182128906,276.79168701171875,33.675357818603516
2020-07-23,89.89513397216797,70.15377044677734,126.64646911621094,40.343833923339844,192.51292419433594,10.083044052124023,108.29936218261719,297.4184875488281,273.4164123535156,33.74485397338867
2020-07-24,89.67241668701172,69.47543334960938,125.38516235351562,40.519309997558594,191.3343505859375,10.147494316101074,108.12767791748047,295.5029296875,271.4490966796875,33.53635787963867
2020-07-27,91.79766082763672,70.17687225341797,124.58946990966797,40.510948181152344,193.75811767578125,10.373446464538574,108.43672943115234,297.65789794921875,269.4727478027344,34.03056716918945
2020-07-28,90.2896728515625,68.68917083740234,124.293212890625,40.26026916503906,192.0187225341797,10.16839599609375,109.77586364746094,295.7699890136719,270.6730041503906,33.6290283203125
2020-07-29,92.02040100097656,69.4291763305664,124.04768371582031,40.12656784057617,193.95770263671875,10.417241096496582,110.14496612548828,299.40765380859375,276.76458740234375,33.999671936035156
2020-07-30,93.13384246826172,66.49999237060547,124.30168151855469,39.850807189941406,193.8055877685547,10.565057754516602,112.814697265625,298.33935546875,275.4559631347656,32.33173751831055
2020-07-31,102.8839111328125,64.70394897460938,123.38739776611328,39.47478485107422,194.8606719970703,10.565803527832031,112.55713653564453,300.6968688964844,273.2449645996094,32.49390411376953
2020-08-03,105.47631072998047,65.37457275390625,124.73335266113281,38.689292907714844,205.81983947753906,10.959481239318848,112.70308685302734,302.7873840332031,273.9939880371094,32.62517547607422
2020-08-04,106.18070983886719,66.66956329345703,124.6233139038086,39.01519012451172,202.7307586669922,11.17597770690918,114.84917449951172,303.9568786621094,274.7972106933594,33.56724166870117
2020-08-05,106.5655746459961,67.21687316894531,125.6221694946289,39.45806884765625,202.3980712890625,11.234705924987793,114.54874420166016,305.8448791503906,281.9897766113281,33.86068344116211
2020-08-06,110.2835693359375,67.42499542236328,124.90266418457031,39.67533874511719,205.6392822265625,11.283230781555176,113.92208099365234,307.8891906738281,283.4247131347656,33.69851303100586
2020-08-07,107.77619171142578,66.90853881835938,125.79145050048828,39.94272994995117,201.9608612060547,11.147859573364258,114.6431655883789,308.1101989746094,286.1049499511719,33.54408264160156
2020-08-10,109.34269714355469,69.1670913696289,125.3089828491211,39.875885009765625,197.94024658203125,11.113517761230469,115.11532592773438,309.0311584472656,287.9730529785156,34.37032699584961
2020-08-11,106.09085083007812,69.08232116699219,124.41169738769531,40.05136489868164,193.31137084960938,10.799970626831055,114.36846160888672,306.4802551269531,284.76934814453125,34.72552490234375
2020-08-12,109.6167221069336,69.93022918701172,126.68878173828125,40.469181060791016,198.83375549316406,11.387499809265137,116.28276062011719,310.7532043457031,290.8338623046875,34.7176628112793
2020-08-13,111.55664825439453,69.23645782470703,125.28360748291016,40.427391052246094,198.36802673339844,11.39023494720459,116.55745697021484,310.1914978027344,290.15704345703125,33.867252349853516
2020-08-14,111.45726013183594,69.64501953125,125.48673248291016,40.48589324951172,198.55810546875,11.510677337646484,115.9737319946289,310.2007141113281,292.1243591308594,34.016849517822266
2020-08-17,111.1662368774414,69.96878051757812,126.12167358398438,40.28533935546875,199.86978149414062,12.280115127563477,116.31707763671875,311.18609619140625,289.2455139160156,33.575889587402344
2020-08-18,112.09256744384766,68.52216339111328,127.05278778076172,40.4608154296875,201.01992797851562,12.204215049743652,117.18412017822266,311.8583679199219,285.90643310546875,33.4105339050293
2020-08-19,112.23320770263672,67.55253601074219,127.30677032470703,39.58341598510742,199.80030822753906,12.082527160644531,116.54888153076172,310.5599365234375,284.63397216796875,33.04044723510742
2020-08-20,114.7236328125,66.31704711914062,128.1786651611328,39.56671142578125,204.44998168945312,12.085016250610352,117.4759521484375,311.52691650390625,282.7658386230469,32.53647994995117
2020-08-21,120.63561248779297,66.52818298339844,129.3129425048828,39.508209228515625,202.96356201171875,12.625016212463379,117.98243713378906,312.63201904296875,283.49688720703125,32.29238510131836
2020-08-24,122.07845306396484,68.18592071533203,129.6538543701172,40.08478927612305,203.60195922851562,12.66159725189209,118.90095520019531,315.7999572753906,278.7138977050781,33.245174407958984
2020-08-25,121.07695770263672,67.34922790527344,129.5771484375,40.034645080566406,206.25071716308594,12.69120979309082,119.3730697631836,316.9049987792969,281.7642517089844,32.19002914428711
2020-08-26,122.72349548339844,66.29360961914062,129.78164672851562,40.24354934692383,210.7097625732422,12.714101791381836,118.79794311523438,320.08209228515625,278.69586181640625,31.50495147705078
2020-08-27,121.25643157958984,66.3952407836914,130.36111450195312,40.30205154418945,215.8834228515625,12.570023536682129,118.6434555053711,320.7819519042969,281.2677917480469,31.2923526763916
2020-08-28,121.05997467041016,66.958251953125,130.92355346679688,41.63905334472656,218.10342407226562,13.087126731872559,119.12415313720703,322.8541259765625,283.70440673828125,32.040409088134766
2020-08-31,125.16539001464844,65.62894439697266,130.7275848388672,41.388362884521484,214.8830108642578,13.312829971313477,118.74645233154297,321.68450927734375,282.0620422363281,31.4498291015625
2020-09-01,130.15103149414062,64.96428680419922,129.11700439453125,41.04574966430664,216.54086303710938,13.761384963989258,118.61769104003906,324.71435546875,282.314697265625,31.048255920410156
2020-09-02,127.45451354980469,65.05030059814453,131.08543395996094,42.77549362182617,220.7140655517578,14.284621238708496,120.61782836914062,329.4109802246094,289.0018310546875,30.85926628112793
2020-09-03,117.25041198730469,64.33872985839844,127.43826293945312,42.18219757080078,207.0415496826172,12.959362030029297,118.68634033203125,318.07452392578125,285.38299560546875,30.796274185180664
2020-09-04,117.32801055908203,64.0650634765625,126.62020874023438,42.650142669677734,204.135498046875,12.568056106567383,118.4288330078125,315.47760009765625,281.565673828125,30.77265167236328
2020-09-08,109.43244171142578,61.75047302246094,125.48686981201172,41.62233352661133,193.09263610839844,11.861613273620605,116.69480895996094,306.8577575683594,277.2789611816406,30.06397247314453
2020-09-09,113.79731750488281,62.5793571472168,127.56604766845703,41.93986511230469,201.31529235839844,12.660157203674316,118.5919189453125,312.9173889160156,281.5836181640625,29.882862091064453
2020-09-10,110.0822982788086,61.109275817871094,125.18859100341797,41.781105041503906,195.67471313476562,12.258646965026855,117.34721374511719,307.4840393066406,274.8874816894531,29.134801864624023
2020-09-11,108.63703918457031,60.74958038330078,125.92996978759766,42.6668701171875,194.39796447753906,12.112032890319824,118.58332824707031,307.640625,273.19293212890625,29.056062698364258
2020-09-14,111.89616394042969,60.43681335449219,126.41568756103516,42.717403411865234,195.71279907226562,12.816729545593262,119.00395965576172,311.692626953125,279.61767578125,28.867076873779297
2020-09-15,112.07076263427734,59.7017707824707,126.87588500976562,43.003814697265625,198.92372131347656,12.934965133666992,119.00395965576172,313.26739501953125,278.4034729003906,28.559974670410156
2020-09-16,108.76316833496094,61.42988586425781,126.45829772949219,42.78479766845703,195.3698272705078,12.460522651672363,118.20560455322266,312.0242004394531,277.760009765625,29.77262306213379
2020-09-17,107.02689361572266,61.6097297668457,125.41014099121094,42.582618713378906,193.3308563232422,12.409740447998047,118.05113220214844,309.2797546386719,276.3644714355469,29.764734268188477
2020-09-18,103.63196563720703,61.15621566772461,127.12300872802734,42.498390197753906,190.92982482910156,12.136672973632812,117.92236328125,305.7190856933594,279.1192932128906,29.284423828125
2020-09-21,106.77469635009766,59.66267776489258,123.64622497558594,41.35273742675781,192.97833251953125,12.46325969696045,117.35578918457031,302.316650390625,271.1177978515625,28.685977935791016
2020-09-22,108.45275115966797,59.06059646606445,122.88782501220703,41.8328971862793,197.62796020507812,12.583239555358887,118.4288330078125,305.3956298828125,266.6504211425781,27.97728729248047
2020-09-23,103.90357208251953,56.26119613647461,123.08382415771484,40.6114387512207,191.12034606933594,12.07145881652832,117.01241302490234,298.313232421875,264.7292785644531,27.079620361328125
2020-09-24,104.97054290771484,56.1439208984375,123.27982330322266,41.02420425415039,193.59765625,12.29473876953125,117.5360336303711,299.1082458496094,265.2004699707031,27.024499893188477
2020-09-25,108.90865325927734,56.16737365722656,124.1234359741211,41.04106140136719,198.0090789794922,12.818222999572754,118.13695526123047,303.9439392089844,274.1171875,27.27647590637207
2020-09-28,111.50817108154297,57.8094596862793,125.3590087890625,41.512794494628906,199.55259704589844,12.978776931762695,118.47173309326172,308.9922180175781,274.7787170410156,27.804054260253906
2020-09-29,110.6642837524414,56.222110748291016,125.31643676757812,41.209529876708984,197.47549438476562,13.168704986572266,117.82791137695312,307.3094482421875,275.6123962402344,26.99300193786621
2020-09-30,112.33264923095703,56.3003044128418,126.8673095703125,41.58861541748047,200.4005889892578,13.472140312194824,119.31300354003906,309.63946533203125,282.51739501953125,27.032373428344727
2020-10-01,113.28321075439453,55.0648193359375,125.53800964355469,41.42855453491211,202.42999267578125,13.555779457092285,119.52761840820312,311.6273498535156,283.6954040527344,26.087461471557617
2020-10-02,109.62640380859375,55.66691970825195,124.6176528930664,41.58018493652344,196.45603942871094,13.00590991973877,118.56617736816406,308.6686096191406,282.707763671875,25.969348907470703
2020-10-05,113.0019302368164,56.84766387939453,126.31344604492188,41.59703826904297,200.4481964111328,13.583658218383789,119.65638732910156,314.14227294921875,288.29876708984375,26.567792892456055
2020-10-06,109.7622299194336,56.53489685058594,124.63471984863281,41.22637939453125,196.18922424316406,13.677250862121582,119.84524536132812,309.6764831542969,284.9459228515625,26.292192459106445
2020-10-07,111.62458801269531,57.69217300415039,126.01520538330078,41.7486686706543,199.92417907714844,13.903769493103027,120.78092193603516,315.0669250488281,292.84783935546875,26.378808975219727
2020-10-08,111.51786804199219,58.818180084228516,126.87588500976562,42.50680160522461,200.63876342773438,13.779059410095215,121.596435546875,317.8592224121094,292.1591491699219,27.764678955078125
2020-10-09,113.45781707763672,57.864192962646484,128.64830017089844,42.8016471862793,205.62185668945312,13.703387260437012,122.6866226196289,320.69775390625,297.07952880859375,27.35521697998047
2020-10-12,120.66474151611328,58.262996673583984,129.38966369628906,43.03750991821289,210.94796752929688,14.16463851928711,124.03436279296875,325.8569641113281,299.009765625,27.268604278564453
2020-10-13,117.46382141113281,57.39501190185547,126.42422485351562,42.30464553833008,212.3390350341797,14.186793327331543,123.79403686523438,323.7303771972656,300.3237609863281,26.945756912231445
2020-10-14,117.55110168457031,57.043148040771484,126.20269775390625,42.220394134521484,210.43345642089844,14.034452438354492,123.64807891845703,321.6961669921875,291.6517333984375,26.890640258789062
2020-10-15,117.08550262451172,57.481048583984375,125.42720794677734,42.11088562011719,209.29010009765625,13.909743309020996,123.46780395507812,321.29864501953125,294.1164245605469,27.126867294311523
2020-10-16,115.4462661743164,56.9962272644043,126.20269775390625,42.14457702636719,209.29010009765625,13.75192642211914,123.94850158691406,321.1045227050781,298.9463195800781,26.851255416870117
2020-10-19,112.49755096435547,55.73729705810547,122.98153686523438,41.7992057800293,204.1068878173828,13.439530372619629,121.81962585449219,316.2226257324219,293.7992248535156,26.315814971923828
2020-10-20,113.98159790039062,56.050079345703125,123.17757415771484,42.32990646362305,204.51658630371094,13.586644172668457,122.30894470214844,317.4892883300781,293.0652770996094,26.53629493713379
2020-10-21,113.36082458496094,55.41670227050781,122.64920806884766,42.11088562011719,204.6595458984375,13.466413497924805,122.96991729736328,316.888427734375,292.5034484863281,26.111083984375
2020-10-22,112.27444458007812,57.39501190185547,123.6291732788086,42.6921272277832,204.74530029296875,13.303370475769043,122.09893035888672,318.6265563964844,295.1676025390625,27.44970703125
2020-10-23,111.58576965332031,56.745994567871094,123.76554870605469,42.55735397338867,206.02207946777344,13.531633377075195,122.90174102783203,319.7083740234375,299.5807189941406,26.898509979248047
2020-10-26,111.5954818725586,55.4714469909668,122.68330383300781,41.95083236694336,200.16233825683594,13.084568977355957,121.96949768066406,313.8001403808594,292.7481384277344,26.26069450378418
2020-10-27,113.09893035888672,54.35325622558594,121.98454284667969,42.03507614135742,203.18270874023438,13.33896541595459,122.88449096679688,312.7183837890625,290.4374084472656,25.843355178833008
2020-10-28,107.86106872558594,52.29671859741211,117.90274047851562,40.400848388671875,193.1116943359375,12.57253646850586,118.82742309570312,302.030029296875,279.1011047363281,24.85906982421875
2020-10-29,111.85736083984375,53.798065185546875,116.90576934814453,40.45138168334961,195.05540466308594,12.967828750610352,118.74976348876953,305.0997009277344,275.1865234375,25.961469650268555
2020-10-30,105.59133911132812,54.34543228149414,116.83759307861328,40.485084533691406,192.91162109375,12.479935646057129,118.34406280517578,301.91912841796875,276.5095520019531,25.685874938964844
2020-11-02,105.50403594970703,56.41759490966797,118.18397521972656,40.956809997558594,192.77822875976562,12.526487350463867,119.55253601074219,305.3031005859375,282.8164367675781,26.764652252197266
2020-11-03,107.12389373779297,56.09700012207031,118.02206420898438,41.571754455566406,196.68467712402344,12.963342666625977,121.90043640136719,310.6934509277344,291.1985778808594,26.307945251464844
2020-11-04,111.49848175048828,56.120460510253906,118.78898620605469,41.42012405395508,206.17446899414062,13.73475170135498,121.3997573852539,317.6372985839844,321.29254150390625,26.166200637817383
2020-11-05,115.4559555053711,56.40977096557617,119.09576416015625,41.647560119628906,212.74871826171875,14.098923683166504,122.90174102783203,323.83209228515625,321.1475524902344,26.118955612182617
2020-11-06,115.32479095458984,55.635658264160156,121.21762084960938,41.656002044677734,213.158447265625,14.499189376831055,123.63545989990234,323.75811767578125,314.8587646484375,25.811859130859375
2020-11-09,113.0219955444336,62.08671188354492,124.4813461303711,44.284244537353516,208.08009338378906,13.5719575881958,119.11231231689453,327.8263244628906,317.1603698730469,29.079689025878906
2020-11-10,112.68192291259766,64.95645904541016,126.35601806640625,45.47200012207031,201.04847717285156,12.714920043945312,121.07172393798828,327.3455810546875,320.5042419433594,29.724822998046875
2020-11-11,116.10211944580078,64.47947692871094,125.9470443725586,45.13505554199219,206.32688903808594,13.360125541687012,122.6341323852539,329.77734375,318.70086669921875,29.41838264465332
2020-11-12,115.83002471923828,63.07978820800781,126.37311553955078,44.65489196777344,205.26931762695312,13.398709297180176,122.70317077636719,326.57818603515625,321.1566467285156,28.410354614257812
2020-11-13,115.8786392211914,64.92520141601562,127.73653411865234,45.025543212890625,206.28878784179688,13.239646911621094,124.54179382324219,331.0993957519531,322.29840087890625,29.09581184387207
2020-11-16,116.88915252685547,69.5621337890625,128.5460662841797,45.362491607666016,206.97479248046875,13.456954002380371,122.94487762451172,335.2324523925781,323.3405456542969,30.773178100585938
2020-11-17,116.00493621826172,69.06227111816406,127.26785278320312,45.21929931640625,204.33560180664062,13.364356994628906,122.47010803222656,333.42938232421875,319.06341552734375,31.184450149536133
2020-11-18,114.68350982666016,66.8723373413086,125.58056640625,44.31793975830078,201.6416778564453,13.370827674865723,120.5883560180664,329.4167175292969,312.1855163574219,30.00707244873047
2020-11-19,115.27619171142578,68.02284240722656,125.38459777832031,44.7559814453125,202.92178344726562,13.382280349731445,120.44161987304688,330.8035583496094,305.38018798828125,30.160293579101562
2020-11-20,114.0130844116211,68.07046508789062,124.71992492675781,44.36848068237305,200.9825439453125,13.031298637390137,120.24307250976562,328.538330078125,303.2959899902344,29.789335250854492
2020-11-23,110.62203216552734,72.22815704345703,123.4499740600586,44.37690353393555,200.71507263183594,13.083324432373047,119.7769546508789,330.5076904296875,303.6221923828125,31.740880966186523
2020-11-24,111.90458679199219,75.87010955810547,123.4499740600586,44.8317985534668,204.29739379882812,12.901862144470215,119.38850402832031,335.8334045410156,304.48309326171875,33.853721618652344
2020-11-25,112.74022674560547,73.10888671875,123.28693389892578,44.587501525878906,204.30691528320312,13.177664756774902,119.70787048339844,335.3157043457031,301.92767333984375,32.91020584106445
2020-11-27,113.2843246459961,72.4503173828125,123.56153869628906,44.39375305175781,205.60617065429688,13.20405101776123,119.64746856689453,336.2495422363281,306.23199462890625,32.410213470458984
2020-11-30,115.6745834350586,69.17335510253906,124.14500427246094,43.80795669555664,204.49801635742188,13.343696594238281,119.87187194824219,334.7607727050781,304.7821350097656,30.748981475830078
2020-12-01,119.24053192138672,69.38758850097656,126.52186584472656,44.181514739990234,206.54229736328125,13.332245826721191,120.30350494384766,338.42230224609375,309.1770324707031,31.047351837158203
2020-12-02,119.59032440185547,71.30775451660156,127.11398315429688,44.24092483520508,205.73983764648438,13.486079216003418,119.43164825439453,339.13433837890625,314.9493713378906,32.20860290527344
2020-12-03,119.45427703857422,71.252197265625,127.85185241699219,44.80975341796875,204.66043090820312,13.342159271240234,118.55120849609375,339.0418395996094,315.9642333984375,32.426353454589844
2020-12-04,118.78386688232422,74.01342010498047,128.94161987304688,45.718170166015625,204.77500915527344,13.503759384155273,118.6634521484375,341.96356201171875,318.20147705078125,33.61178970336914
2020-12-07,120.24134063720703,72.01392364501953,127.82610321044922,44.98805618286133,204.70814514160156,13.552063941955566,118.84468078613281,341.2608337402344,316.35528564453125,32.9827766418457
2020-12-08,120.85344696044922,72.63282012939453,130.03994750976562,45.14935302734375,206.35125732421875,13.296347618103027,119.1640853881836,342.2593994140625,316.35528564453125,34.06339645385742
2020-12-09,118.32717895507812,71.76001739501953,131.3699188232422,45.276710510253906,202.32949829101562,12.878779411315918,117.7484359741211,339.18963623046875,313.2177734375,34.51498794555664
2020-12-10,119.74577331542969,74.06896209716797,130.64059448242188,45.03898239135742,201.10675048828125,12.920114517211914,116.9715576171875,339.0787658691406,308.8887634277344,35.49075698852539
2020-12-11,118.93932342529297,73.35485076904297,131.24122619628906,45.29368591308594,203.72422790527344,12.96094799041748,117.83476257324219,338.6811218261719,306.5425720214844,35.321407318115234
2020-12-14,118.32717895507812,70.9665756225586,127.91194152832031,45.225772857666016,204.6221923828125,13.25526237487793,117.26508331298828,337.1648254394531,305.6877136230469,34.047264099121094
2020-12-15,124.25424194335938,70.91102600097656,129.19903564453125,45.70969009399414,204.55532836914062,13.306805610656738,117.95559692382812,341.7230224609375,308.9071044921875,34.708534240722656
2020-12-16,124.18619537353516,70.37147521972656,128.42677307128906,45.0474739074707,209.4750518798828,13.189279556274414,118.49078369140625,342.2593994140625,308.6069641113281,35.24076843261719
2020-12-17,125.05098724365234,70.14930725097656,131.81610107421875,45.225772857666016,209.6087646484375,13.287629127502441,119.33672332763672,344.1732177734375,310.7259521484375,35.0633544921875
2020-12-18,123.0688247680664,69.18128967285156,132.5797882080078,45.62479019165039,208.8158721923828,13.218657493591309,120.01863098144531,342.79901123046875,307.7337951660156,34.45854187011719
2020-12-21,124.59429931640625,68.30850219726562,131.30128479003906,44.835227966308594,212.63702392578125,13.278666496276855,118.70661163330078,341.5732727050781,305.6421813964844,33.82952117919922
2020-12-22,128.14080810546875,66.9358139038086,131.04385375976562,44.79277420043945,213.92662048339844,13.224882125854492,117.86929321289062,340.9975891113281,304.669189453125,33.2569694519043
2020-12-23,127.24691009521484,67.99112701416016,130.3745880126953,45.064453125,211.13722229003906,12.956963539123535,117.68801879882812,341.3040771484375,307.01544189453125,33.68437194824219
2020-12-24,128.22824096679688,67.7054672241211,130.829345703125,45.370094299316406,212.7898712158203,12.941527366638184,118.87922668457031,342.6319274902344,309.9256591796875,33.54728317260742
2020-12-28,132.81443786621094,67.3642807006836,131.4471435546875,45.98136520385742,214.9010467529297,12.848153114318848,119.70787048339844,345.575439453125,314.6182556152344,33.66018295288086
2020-12-29,131.04603576660156,67.1341781616211,132.26234436035156,45.95589828491211,214.12725830078125,12.891228675842285,119.48348236083984,344.91607666015625,315.89154052734375,33.281158447265625
2020-12-30,129.92864990234375,67.7054672241211,133.90122985839844,46.219093322753906,211.76771545410156,13.092915534973145,118.9223861694336,345.4082336425781,313.74530029296875,33.54728317260742
2020-12-31,128.9278564453125,67.00721740722656,135.04244995117188,46.55868911743164,212.47462463378906,13.002531051635742,120.10496520996094,347.1632995605469,318.9199523925781,33.240840911865234
2021-01-04,125.74083709716797,67.2135238647461,134.28733825683594,44.79277420043945,207.9561309814453,13.060795783996582,118.96558380126953,342.43695068359375,317.8468322753906,33.466636657714844
2021-01-05,127.29546356201172,69.03053283691406,135.8662109375,44.30036926269531,208.15675354003906,13.350876808166504,119.72518920898438,344.7953796386719,313.5724182128906,35.07948303222656
2021-01-06,123.0105209350586,71.252197265625,137.14471435546875,42.89103317260742,202.75936889648438,12.563801765441895,120.98540496826172,346.85687255859375,326.7319641113281,35.974609375
2021-01-07,127.20806121826172,71.58546447753906,137.60813903808594,42.41560745239258,208.529296875,13.29037094116211,119.85467529296875,352.0102233886719,331.97021484375,36.25686264038086
2021-01-08,128.3060302734375,72.267822265625,137.3248748779297,43.366477966308594,209.79981994628906,13.22339153289795,119.8028335571289,354.015869140625,330.47882080078125,36.66007614135742
2021-01-11,125.32301330566406,72.68041229248047,136.75,42.61936569213867,207.76502990722656,13.566751480102539,118.99144744873047,351.6295166015625,328.0779113769531,37.77294158935547
2021-01-12,125.14813995361328,74.06103515625,135.68600463867188,42.54294967651367,205.31951904296875,13.430554389953613,118.30088806152344,351.7037658691406,325.0040588378906,38.611629486083984
2021-01-13,127.17890167236328,73.9896240234375,135.48008728027344,42.58539962768555,206.66647338867188,13.477365493774414,118.48213958740234,352.6508483886719,322.8849792480469,39.047096252441406
2021-01-14,125.25504302978516,75.7669677734375,137.8483123779297,41.795841217041016,203.4949493408203,13.147195816040039,117.22193145751953,351.41595458984375,318.7835388183594,40.57123565673828
2021-01-15,123.53522491455078,73.06922149658203,137.5480194091797,41.34587097167969,203.1415252685547,12.807816505432129,116.34144592285156,348.85321044921875,319.4837951660156,38.61968994140625
2021-01-19,124.20565032958984,74.98938751220703,139.67596435546875,41.184566497802734,206.7620391845703,12.972901344299316,115.3228530883789,351.5923156738281,320.2931823730469,39.38579177856445
2021-01-20,128.28652954101562,75.67969512939453,139.33279418945312,41.32890319824219,214.30877685546875,13.312032699584961,113.88133239746094,356.45794677734375,319.0654296875,39.942222595214844
2021-01-21,132.98931884765625,73.00575256347656,138.77503967285156,41.5581169128418,214.9105987548828,13.811765670776367,113.76930236816406,356.7829895019531,322.8487548828125,38.7971076965332
2021-01-22,135.12693786621094,72.78357696533203,140.3367156982422,41.1675910949707,215.84677124023438,13.657387733459473,112.8922348022461,355.5201110839844,316.0733947753906,38.248741149902344
2021-01-25,138.86781311035156,72.12499237060547,142.42181396484375,41.41379165649414,219.2666778564453,13.598376274108887,114.83744812011719,356.9221496582031,316.3099060058594,37.82133102416992
2021-01-26,139.1009979248047,70.90308380126953,146.2830810546875,41.84677505493164,221.9414825439453,13.38125228881836,115.57559204101562,356.36505126953125,312.03546142578125,36.99071502685547
2021-01-27,138.03219604492188,69.98268127441406,144.0522003173828,41.20155334472656,222.48602294921875,12.865833282470703,111.48543548583984,347.6552734375,302.8320617675781,36.57137680053711
2021-01-28,133.2030487060547,70.63330078125,145.15048217773438,41.727928161621094,228.24639892578125,12.998546600341797,113.204833984375,350.645263671875,307.524658203125,37.1439323425293
2021-01-29,128.21853637695312,67.60231018066406,139.97634887695312,40.87893295288086,221.58802795410156,12.937544822692871,111.3377914428711,343.6254577636719,303.36865234375,36.160099029541016
2021-02-01,130.33676147460938,68.56238555908203,139.61598205566406,41.159095764160156,228.9342041015625,13.183799743652344,111.9977798461914,349.3452453613281,303.7505187988281,36.224609375
2021-02-02,131.16262817382812,69.07814025878906,138.36312866210938,41.566612243652344,228.80043029785156,13.502264022827148,111.84144592285156,354.28509521484375,308.0430908203125,36.79716873168945
2021-02-03,130.14242553710938,70.58570098876953,137.71958923339844,41.405296325683594,232.1343994140625,13.476120948791504,111.98040771484375,354.56378173828125,307.28826904296875,38.240657806396484
2021-02-04,133.49456787109375,70.61743927001953,138.99815368652344,41.60905838012695,231.18862915039062,13.609332084655762,112.04987335205078,358.59356689453125,299.494384765625,38.974525451660156
2021-02-05,133.08102416992188,70.8237533569336,141.10902404785156,42.152408599853516,231.37014770507812,13.536375045776367,112.51881408691406,360.00494384765625,295.1201477050781,40.280921936035156
2021-02-08,133.22702026367188,72.585205078125,141.51226806640625,42.38164138793945,231.6280975341797,14.380718231201172,112.17144775390625,362.6048583984375,294.96539306640625,42.01473617553711
2021-02-09,132.3511962890625,72.172607421875,142.67066955566406,42.19487380981445,232.8699951171875,14.205924987792969,111.73725891113281,362.36346435546875,299.7763366699219,41.52267074584961
2021-02-10,131.7478790283203,73.410400390625,143.134033203125,42.10997009277344,231.9624481201172,14.70490837097168,111.34647369384766,362.20562744140625,303.2049560546875,41.924522399902344
2021-02-11,131.49485778808594,73.01365661621094,142.49046325683594,42.70426559448242,233.55775451660156,15.189454078674316,111.4420166015625,362.79058837890625,302.90484619140625,40.874778747558594
2021-02-12,131.72842407226562,73.43421936035156,142.9366912841797,43.035362243652344,234.03541564941406,14.901119232177734,110.82542419433594,364.582763671875,298.5121765136719,41.43245315551758
2021-02-16,129.60708618164062,74.93895721435547,141.64097595214844,42.67879867553711,232.8031005859375,15.268636703491211,111.0859603881836,364.2669677734375,295.2200927734375,42.67903518676758
2021-02-17,127.3202896118164,77.18396759033203,142.14724731445312,42.55994415283203,233.8179931640625,14.846092224121094,111.55487823486328,364.3504943847656,297.2571716308594,43.34333038330078
2021-02-18,126.220703125,76.44367218017578,142.21588134765625,43.10329055786133,233.42547607421875,14.769403457641602,112.48409271240234,362.7998046875,298.6668701171875,42.662635803222656
2021-02-19,126.3763656616211,77.0874252319336,139.84767150878906,42.54294967651367,230.72531127929688,14.866509437561035,110.39122772216797,362.1591491699219,295.1837463378906,42.949676513671875
2021-02-22,122.61048126220703,79.17150115966797,139.76129150390625,42.984432220458984,224.53997802734375,14.298052787780762,109.92230224609375,359.3735656738281,297.966552734375,44.53250503540039
2021-02-23,122.47425079345703,80.16929626464844,138.52662658691406,42.908016204833984,223.3527374267578,14.085163116455078,110.73859405517578,359.8099365234375,299.667236328125,45.14760208129883
2021-02-24,121.97797393798828,83.13048553466797,140.38294982910156,43.052345275878906,224.5782928466797,14.440726280212402,110.86016845703125,363.7747497558594,302.1227111816406,46.50080108642578
2021-02-25,117.73524475097656,82.35800170898438,140.52976989746094,42.59388732910156,219.25466918945312,13.25401496887207,109.92230224609375,355.0093078613281,299.0852355957031,45.72987747192383
2021-02-26,117.99799346923828,80.4670181274414,136.81704711914062,41.59209442138672,222.50054931640625,13.659379959106445,107.27367401123047,353.1801452636719,302.13177490234375,44.58991622924805
2021-03-01,124.35234069824219,82.1166000366211,137.55958557128906,42.36466598510742,226.86668395996094,13.786118507385254,107.93363952636719,361.7413330078125,304.3416748046875,46.2547607421875
2021-03-02,121.754150390625,82.43041229248047,137.30055236816406,42.534461975097656,223.9272003173828,13.352367401123047,107.59497833251953,358.9184875488281,304.3326721191406,45.98411560058594
2021-03-03,118.77645874023438,83.35580444335938,134.8829803466797,42.43257522583008,217.88546752929688,12.753287315368652,106.95235443115234,354.1644592285156,302.722900390625,46.35318374633789
2021-03-04,116.89838409423828,84.08804321289062,132.16322326660156,42.39862823486328,217.0907440185547,12.320533752441406,106.07527160644531,349.7817687988281,303.5777587890625,48.14923095703125
2021-03-05,118.15367889404297,87.70905303955078,134.77938842773438,43.12026596069336,221.75372314453125,12.411417961120605,109.40125274658203,356.2164306640625,315.6641540527344,49.96990203857422
2021-03-08,113.22980499267578,88.31258392333984,135.90182495117188,43.8419075012207,217.72264099121094,11.54665470123291,110.55622100830078,354.4429931640625,318.4560546875,49.92069625854492
2021-03-09,117.83257293701172,88.11140441894531,136.16082763671875,43.179683685302734,223.8410186767578,12.474233627319336,109.57493591308594,359.50360107421875,320.1022033691406,49.14977264404297
2021-03-10,116.7524185180664,89.61614227294922,137.41278076171875,43.672115325927734,222.53884887695312,12.422426223754883,110.582275390625,361.7413330078125,317.9377136230469,50.6588020324707
2021-03-11,118.67914581298828,89.4712905883789,137.4041748046875,43.196678161621094,227.0486297607422,12.945745468139648,110.20886993408203,365.4090881347656,321.1206970214844,50.28154373168945
2021-03-12,117.77418518066406,89.76902770996094,137.8013153076172,43.1110725402832,225.72727966308594,12.80875015258789,111.2769775390625,365.9011535644531,324.926513671875,50.822818756103516
2021-03-15,120.654541015625,88.71488189697266,138.5093231201172,43.68462371826172,224.8272247314453,13.142767906188965,111.64173889160156,368.083251953125,322.97344970703125,49.527034759521484
2021-03-16,122.1920394897461,86.61470794677734,139.32958984375,43.84727478027344,227.60397338867188,13.242400169372559,111.97171020507812,367.61895751953125,323.6305847167969,48.47728729248047
2021-03-17,121.40384674072266,86.92854309082031,138.81155395507812,43.86439895629883,226.96241760253906,13.292216300964355,111.52015686035156,368.87255859375,321.4219055175781,48.690513610839844
2021-03-18,117.28761291503906,83.78227233886719,138.5525360107422,43.29084396362305,220.91114807128906,12.675739288330078,111.76331329345703,363.5055236816406,330.4298095703125,46.59101104736328
2021-03-19,116.76214599609375,83.18680572509766,138.18121337890625,43.49629592895508,220.556884765625,12.798534393310547,111.16411590576172,362.8328857421875,333.6516418457031,46.32857131958008
2021-03-22,120.07069396972656,82.51091003417969,138.578369140625,43.65894317626953,225.9570770263672,13.137787818908691,113.04854583740234,365.73016357421875,334.8198547363281,45.8528938293457
2021-03-23,119.24356842041016,82.0522232055664,138.4488983154297,43.99281311035156,227.47947692871094,13.022710800170898,115.15007019042969,362.8515319824219,336.316650390625,45.28701400756836
2021-03-24,116.85945892333984,84.24897766113281,139.7958221435547,44.10409927368164,225.44961547851562,12.596531867980957,115.11534881591797,361.0070495605469,338.23321533203125,46.2055549621582
2021-03-25,117.34600067138672,84.54671478271484,139.84767150878906,44.532127380371094,222.46224975585938,12.489180564880371,115.91426849365234,363.0378723144531,338.6803894042969,46.0743293762207
2021-03-26,117.94933319091797,86.48595428466797,142.40333557128906,45.405311584472656,226.4262237548828,12.792062759399414,117.6250228881836,368.8882751464844,343.5997009277344,47.32912063598633
2021-03-29,118.12450408935547,86.03532409667969,143.3617401123047,46.09870529174805,225.23895263671875,12.90066146850586,119.46603393554688,368.7019348144531,345.954345703125,47.07488250732422
2021-03-30,116.67457580566406,85.23872375488281,142.47238159179688,45.49946975708008,221.9930877685547,12.824442863464355,117.6250228881836,367.7237548828125,340.9346618652344,46.49258804321289
2021-03-31,118.86402893066406,84.32140350341797,141.90257263183594,45.122806549072266,225.74642944335938,13.299192428588867,117.6076431274414,369.2142639160156,339.5747985839844,45.78730392456055
2021-04-01,119.69119262695312,85.09387969970703,140.5901641845703,44.951595306396484,232.04664611816406,13.760987281799316,116.6089859008789,373.2014465332031,335.01153564453125,47.06667709350586
2021-04-05,122.51316833496094,84.09607696533203,141.10821533203125,45.208412170410156,238.4810333251953,13.936090469360352,118.493408203125,378.5580139160156,337.8498840332031,46.33677291870117
2021-04-06,122.8148422241211,83.3477554321289,141.0736846923828,45.53371047973633,237.3224639892578,13.810554504394531,118.5368423461914,378.3345031738281,332.5472717285156,46.2055549621582
2021-04-07,124.4593505859375,83.83859252929688,141.26364135742188,45.610748291015625,239.2756805419922,14.09151840209961,118.74525451660156,378.7723083496094,333.7063903808594,46.410587310791016
2021-04-08,126.85317993164062,82.89714050292969,140.71102905273438,45.47378921508789,242.48329162597656,14.26438045501709,119.19679260253906,380.5703125,333.0218811035156,45.926700592041016
2021-04-09,129.4221954345703,82.8166732788086,139.2259521484375,45.525150299072266,244.9727783203125,14.347075462341309,118.42394256591797,383.3370361328125,343.4353332519531,45.820098876953125
2021-04-12,127.70951843261719,81.89933013916016,139.56272888183594,45.670684814453125,245.03018188476562,15.15310001373291,118.90155029296875,383.476806640625,343.4171142578125,45.51665115356445
2021-04-13,130.81370544433594,82.26947784423828,137.6977081298828,45.4481201171875,247.50048828125,15.621870994567871,117.32977294921875,384.61334228515625,341.79254150390625,45.688880920410156
2021-04-14,128.47824096679688,83.90296173095703,138.07765197753906,45.439544677734375,244.7237548828125,15.22085189819336,117.7552719116211,383.29986572265625,342.8238830566406,47.0092658996582
2021-04-15,130.8818359375,83.218994140625,138.48341369628906,45.653568267822266,248.46754455566406,16.077938079833984,119.17945861816406,387.4173889160156,355.947998046875,46.73042678833008
2021-04-16,130.5509796142578,82.8488540649414,140.08078002929688,45.953182220458984,249.65481567382812,15.85401725769043,119.18811798095703,388.7123107910156,356.8606262207031,46.46799087524414
2021-04-19,131.2126922607422,83.09026336669922,140.4693145751953,46.227115631103516,247.73983764648438,15.305292129516602,118.63238525390625,386.8026428222656,355.79278564453125,46.32036590576172
2021-04-20,129.52923583984375,81.5372314453125,143.74163818359375,46.372642517089844,247.28030395507812,15.11549186706543,119.622314453125,383.9705505371094,361.89849853515625,45.344417572021484
2021-04-21,129.9087371826172,82.6637954711914,143.83660888671875,46.74932098388672,249.50164794921875,15.304047584533691,118.84077453613281,387.60369873046875,363.9794006347656,45.926700592041016
2021-04-22,128.39068603515625,81.23145294189453,142.61920166015625,46.60379409790039,246.23660278320312,14.795673370361328,117.6609115600586,384.0636901855469,361.9076232910156,45.328033447265625
2021-04-23,130.70664978027344,81.71427154541016,142.9127655029297,46.62946701049805,250.04737854003906,15.209144592285156,117.05789184570312,388.2279357910156,365.34844970703125,45.574058532714844
2021-04-26,131.09591674804688,81.69013214111328,141.70399475097656,45.93605041503906,250.43040466308594,15.421114921569824,114.71568298339844,389.03839111328125,361.2870788574219,45.66427230834961
2021-04-27,130.7747802734375,82.63963317871094,140.8923797607422,45.867576599121094,250.8325653076172,15.325216293334961,114.645751953125,388.95452880859375,360.04583740234375,46.262962341308594
2021-04-28,129.986572265625,84.66740417480469,139.85626220703125,45.87614822387695,243.737548828125,15.220602035522461,114.8380355834961,388.8427734375,360.1279602050781,47.657161712646484
2021-04-29,129.88926696777344,86.01925659179688,141.7730712890625,46.4496955871582,241.7747039794922,15.268426895141602,115.80814361572266,391.32073974609375,366.4801025390625,48.337860107421875
2021-04-30,127.92362976074219,82.93737030029297,140.5038604736328,46.209999084472656,241.45877075195312,14.954334259033203,116.60344696044922,388.7496032714844,363.9702453613281,46.943660736083984
2021-05-03,128.9745330810547,84.9168472290039,142.64511108398438,46.638031005859375,241.15237426757812,14.782219886779785,117.98430633544922,389.5880126953125,370.4502258300781,48.23945617675781
2021-05-04,124.41071319580078,85.38356018066406,144.85543823242188,46.34696960449219,237.25540161132812,14.298505783081055,117.58228302001953,387.1845397949219,375.41510009765625,48.54288864135742
2021-05-05,124.65399932861328,87.67686462402344,144.25106811523438,46.227115631103516,235.99156188964844,14.40536117553711,116.638427734375,387.3055725097656,376.4738464355469,50.00271224975586
2021-05-06,126.24987030029297,87.72514343261719,144.82957458496094,46.68939208984375,239.1129150390625,14.469622611999512,118.10665130615234,390.39849853515625,378.7281188964844,50.4783821105957
2021-05-07,126.92244720458984,88.52982330322266,145.48574829101562,46.66371536254883,241.72683715820312,14.757811546325684,118.11540222167969,393.2398376464844,381.174072265625,51.2000846862793
2021-05-10,123.64728546142578,88.167724609375,147.01400756835938,47.00613784790039,236.67132568359375,14.213318824768066,120.31773376464844,389.3457946777344,384.13104248046875,51.32310104370117
2021-05-11,122.73103332519531,85.85832214355469,145.81382751464844,46.501060485839844,235.76173400878906,14.253670692443848,119.72346496582031,385.87103271484375,375.74365234375,49.69105529785156
2021-05-12,119.67028045654297,86.39745330810547,145.2266845703125,46.2613639831543,228.83909606933594,13.707932472229004,118.45621490478516,377.6730651855469,369.966552734375,49.95732116699219
2021-05-13,121.81475067138672,85.84222412109375,146.74632263183594,46.66371536254883,232.69775390625,13.61502742767334,120.36146545410156,382.2098693847656,372.8778991699219,49.341590881347656
2021-05-14,124.23213958740234,88.08727264404297,146.9708251953125,46.85204315185547,237.60011291503906,14.190653800964355,120.6148910522461,388.078857421875,374.0096435546875,50.564727783203125
2021-05-17,123.0819320678711,89.16551971435547,147.11761474609375,46.774993896484375,234.75636291503906,14.113435745239258,120.37019348144531,387.09130859375,372.9417724609375,51.74626541137695
2021-05-18,121.6977767944336,86.48574829101562,147.16940307617188,46.5181770324707,232.74563598632812,13.96423625946045,119.13793182373047,383.7562255859375,374.5389404296875,50.28182601928711
2021-05-19,121.5418472290039,84.05846405029297,146.8499755859375,46.372642517089844,233.32147216796875,14.014053344726562,119.38265228271484,382.750244140625,373.7358093261719,49.07533645629883
2021-05-20,124.09567260742188,84.3516845703125,147.70472717285156,46.78355407714844,236.54603576660156,14.558795928955078,120.60617065429688,386.8677978515625,372.950927734375,48.95883560180664
2021-05-21,122.26312255859375,84.80784606933594,147.60980224609375,46.75787353515625,235.2888641357422,14.936650276184082,120.60617065429688,386.551025390625,375.6798095703125,49.0254020690918
2021-05-24,123.89096069335938,86.01332092285156,148.17446899414062,46.911964416503906,240.6727294921875,15.554620742797852,120.57121276855469,390.49169921875,375.0591735839844,49.59952926635742
2021-05-25,123.69602966308594,84.60419464111328,147.7661590576172,46.903404235839844,241.5748748779297,15.590237617492676,120.98198699951172,389.6252746582031,376.9757080078125,48.47624588012695
2021-05-26,123.64728546142578,84.80784606933594,146.8886260986328,47.10885238647461,241.35415649414062,15.642295837402344,120.71104431152344,390.39849853515625,377.1217346191406,49.04204177856445
2021-05-27,122.11691284179688,83.9037094116211,146.66278076171875,47.50264358520508,239.26199340820312,15.431077003479004,117.96682739257812,390.6033935546875,376.6563720703125,48.72587203979492
2021-05-28,121.46385955810547,84.53902435302734,147.0449981689453,47.331424713134766,239.61709594726562,16.184795379638672,117.85320281982422,391.3020935058594,375.94439697265625,48.567779541015625
2021-06-01,121.14216613769531,86.86858367919922,143.81309509277344,47.3228759765625,237.42898559570312,16.204723358154297,116.13150787353516,390.95745849609375,371.1985778808594,50.30678939819336
2021-06-02,121.90247344970703,88.03334045410156,144.39517211914062,47.51120376586914,237.33299255371094,16.716585159301758,116.638427734375,391.5722351074219,370.4046325683594,50.70619201660156
2021-06-03,120.42085266113281,87.63420104980469,144.2561798095703,47.63105010986328,235.80712890625,16.90738296508789,118.72716522216797,390.1189880371094,372.3302917480469,50.905879974365234
2021-06-04,122.71151733398438,88.33470153808594,144.1953887939453,48.14469909667969,240.6823272705078,17.51364517211914,118.81455993652344,393.68695068359375,370.21295166015625,51.13054656982422
2021-06-07,122.72126007080078,87.7645492553711,143.2135772705078,47.973480224609375,243.5806427001953,17.554243087768555,119.2253189086914,393.3050231933594,365.293701171875,50.79771423339844
2021-06-08,123.54004669189453,88.5627670288086,141.95384216308594,47.63961410522461,242.390625,17.392841339111328,117.84445190429688,393.3888854980469,366.6535949707031,51.69634246826172
2021-06-09,123.92020416259766,87.78897857666016,143.8651885986328,47.49408721923828,243.36947631835938,17.298416137695312,117.80073547363281,392.8019104003906,366.0694274902344,52.1290283203125
2021-06-10,122.92597198486328,88.30210876464844,145.1597137451172,47.86219024658203,246.8723602294922,17.36493492126465,118.67472076416016,394.62786865234375,366.4254150390625,52.21222686767578
2021-06-11,124.13465881347656,87.89486694335938,143.31784057617188,48.076202392578125,247.49620056152344,17.76380729675293,117.8619613647461,395.2799987792969,363.13983154296875,51.72962951660156
2021-06-14,127.18563079833984,87.94373321533203,143.67405700683594,47.91233444213867,249.4156036376953,17.956640243530273,117.9056625366211,396.16497802734375,364.29888916015625,51.64641571044922
2021-06-15,126.3668441772461,89.84156036376953,142.9095001220703,47.79157257080078,247.9472198486328,17.7271785736084,117.67840576171875,395.4383544921875,365.3210144042969,53.52690505981445
2021-06-16,126.86396026611328,89.32842254638672,142.85739135742188,47.153324127197266,247.0067901611328,17.748859405517578,116.0440902709961,393.23046875,362.55572509765625,53.33551788330078
2021-06-17,128.46253967285156,87.21065521240234,143.5437469482422,47.39482498168945,250.3848876953125,18.592939376831055,117.10161590576172,393.10015869140625,362.6470031738281,51.57985305786133
2021-06-18,127.16612243652344,83.91999816894531,140.7288055419922,46.37705993652344,248.97413635253906,18.57450294494629,115.38865661621094,387.79693603515625,356.6654357910156,50.256874084472656
2021-06-21,128.95965576171875,86.37984466552734,142.34478759765625,46.88594436645508,252.045166015625,18.363727569580078,116.29757690429688,393.34869384765625,364.63470458984375,52.079097747802734
2021-06-22,130.5972442626953,86.66492462158203,142.1536407470703,47.05844497680664,254.80906677246094,18.821645736694336,116.34124755859375,395.45159912109375,365.2026062011719,53.077579498291016
2021-06-23,130.32432556152344,86.55906677246094,141.2935028076172,46.67893981933594,254.57872009277344,18.991554260253906,116.1751937866211,394.9749450683594,362.3355407714844,53.46865463256836
2021-06-24,130.0416717529297,87.2676773071289,141.93646240234375,46.91182327270508,255.94154357910156,19.139297485351562,116.25386810302734,397.3115234375,365.3674621582031,53.68498611450195
2021-06-25,129.74923706054688,87.39801025390625,142.66624450683594,46.851444244384766,254.3388214111328,18.96539878845215,117.91437530517578,398.72283935546875,370.93682861328125,53.801475524902344
2021-06-28,131.37704467773438,84.70193481445312,142.50119018554688,46.79969787597656,257.8897705078125,19.916114807128906,118.26398468017578,399.5265808105469,367.7398986816406,52.428565979003906
2021-06-29,132.88792419433594,84.51459503173828,142.50987243652344,46.45468521118164,260.4617004394531,19.95772361755371,117.45991516113281,399.7416076660156,364.66217041015625,52.10405349731445
2021-06-30,133.50196838378906,85.31283569335938,143.12672424316406,46.67032241821289,259.9818420410156,19.93355369567871,117.92311096191406,400.07794189453125,366.8055419921875,52.48681640625
2021-07-01,133.80416870117188,86.51016998291016,144.18666076660156,46.540931701660156,260.65362548828125,20.142330169677734,118.19403839111328,402.2931213378906,370.8818664550781,52.63658142089844
2021-07-02,136.4263153076172,86.39613342285156,146.8104705810547,46.73068618774414,266.4598693847656,20.416383743286133,118.7708740234375,405.3680419921875,374.9764404296875,52.56169891357422
2021-07-06,138.43423461914062,84.70193481445312,145.93295288085938,46.47194290161133,266.4693603515625,20.627151489257812,118.84078979492188,404.6296691894531,375.8008117675781,51.06397247314453
2021-07-07,140.91989135742188,83.83855438232422,147.18402099609375,46.851444244384766,268.64794921875,20.301528930664062,119.7322006225586,406.05963134765625,377.083251953125,50.26519012451172
2021-07-08,139.6234893798828,83.56975555419922,146.89732360839844,46.68756103515625,266.2390441894531,19.834144592285156,119.7147445678711,402.7510986328125,375.5168762207031,50.040523529052734
2021-07-09,141.44625854492188,84.76708984375,147.47938537597656,46.97220230102539,266.73809814453125,19.981138229370117,119.75840759277344,407.05029296875,377.49542236328125,50.94748306274414
2021-07-12,140.8516845703125,84.93814849853516,147.24484252929688,46.98944854736328,266.14306640625,20.44179344177246,119.8545913696289,408.50836181640625,381.0953674316406,50.89754867553711
2021-07-13,141.96286010742188,84.65308380126953,147.06240844726562,47.4552001953125,269.6556396484375,20.180200576782227,119.70597839355469,407.1158142089844,383.3853454589844,50.65626525878906
2021-07-14,145.38421630859375,83.05661010742188,148.06155395507812,48.52470779418945,271.1239013671875,19.773103713989258,120.58867645263672,407.7232971191406,379.904541015625,49.5329704284668
2021-07-15,144.7311553955078,82.51090240478516,146.2804718017578,48.67995834350586,269.70361328125,18.9008731842041,121.61998748779297,406.3307800292969,384.76849365234375,49.050376892089844
2021-07-16,142.6939239501953,80.32798767089844,146.0458984375,48.64546203613281,269.4348449707031,18.098398208618164,122.79981231689453,403.1436462402344,384.4479064941406,47.6941032409668
2021-07-19,138.85340881347656,78.16133880615234,144.98602294921875,48.06757736206055,265.8455810546875,18.71501350402832,122.73863983154297,397.19000244140625,374.7015380859375,46.054927825927734
2021-07-20,142.45999145507812,78.6256103515625,146.35000610351562,48.15382766723633,268.0624694824219,18.54784393310547,122.08316040039062,402.88189697265625,378.28314208984375,46.5624885559082
2021-07-21,141.7289276123047,81.30541229248047,147.25355529785156,48.77482604980469,270.05859375,19.34309196472168,121.65491485595703,406.14373779296875,379.8129577636719,48.060211181640625
2021-07-22,143.0935821533203,80.4908676147461,147.6792449951172,48.705833435058594,274.6075744628906,19.526460647583008,121.18880462646484,406.9942626953125,380.8480529785156,47.519371032714844
2021-07-23,144.80911254882812,80.5234603881836,149.25177001953125,49.17158508300781,277.995361328125,19.490581512451172,122.93891906738281,411.1814880371094,382.61590576171875,47.46112060546875
2021-07-26,145.22828674316406,82.22579956054688,149.32127380371094,49.21471405029297,277.4003601074219,19.227497100830078,123.36985778808594,412.1908264160156,378.8052978515625,48.659297943115234
2021-07-27,143.0643310546875,81.94886779785156,150.0076446533203,49.38722229003906,274.99151611328125,19.14179039001465,123.87116241455078,410.3122863769531,380.2342529296875,48.11845779418945
2021-07-28,141.31956481933594,82.41313934326172,149.59060668945312,48.938720703125,274.6844482421875,19.435773849487305,122.03307342529297,410.1440124511719,374.8023986816406,48.442962646484375
2021-07-29,141.96286010742188,83.54533386230469,149.59060668945312,49.206092834472656,274.953125,19.594226837158203,122.66631317138672,411.8450622558594,377.4678955078125,49.03373336791992
2021-07-30,142.1773223876953,82.92630004882812,149.6079864501953,49.1888427734375,273.42718505859375,19.431793212890625,125.08480834960938,409.8449401855469,377.59619140625,47.90211486816406
2021-08-02,141.8459014892578,82.77967071533203,149.6688232421875,49.059471130371094,273.3408203125,19.681926727294922,124.77699279785156,408.98504638671875,380.6648254394531,47.910438537597656
2021-08-03,143.639404296875,83.56975555419922,151.51068115234375,49.09396743774414,275.54803466796875,19.7466983795166,126.59748840332031,412.31231689453125,386.4631042480469,48.42632293701172
2021-08-04,143.2398223876953,81.69636535644531,150.61578369140625,48.386714935302734,274.9627380371094,20.204116821289062,125.2606430053711,410.28424072265625,386.13336181640625,47.29469680786133
2021-08-05,143.34703063964844,82.4538803100586,150.9025115966797,48.73170852661133,277.8514404296875,20.56586456298828,125.32227325439453,412.8824462890625,376.65264892578125,47.5942497253418
2021-08-06,142.66371154785156,83.04032135009766,150.3986053466797,48.85245895385742,277.7937927246094,20.295791625976562,124.3636245727539,413.56475830078125,380.2525939941406,48.1434211730957
2021-08-09,142.61483764648438,81.6556396484375,150.91989135742188,48.8610954284668,276.70928955078125,20.225040435791016,125.0407943725586,413.22833251953125,376.35955810546875,47.5942497253418
2021-08-10,142.13648986816406,83.14619445800781,150.9720001220703,48.99046325683594,274.8955383300781,19.86728286743164,125.11997985839844,413.7423400878906,377.193115234375,48.409671783447266
2021-08-11,142.39035034179688,83.77339172363281,150.9980926513672,48.930091857910156,275.3849792480469,19.631093978881836,125.42778778076172,414.7704772949219,373.4924011230469,48.5511360168457
2021-08-12,145.34825134277344,83.60234832763672,152.21441650390625,49.024967193603516,278.1296691894531,19.836387634277344,125.71798706054688,416.0135192871094,371.86199951171875,48.441322326660156
2021-08-13,145.55328369140625,83.04844665527344,153.1266326904297,49.3613395690918,281.0472412109375,20.118412017822266,126.3248062133789,416.7706298828125,375.26043701171875,47.9514274597168
2021-08-16,147.5251922607422,82.20137786865234,154.50807189941406,49.576969146728516,282.7266540527344,19.88123321533203,127.20426940917969,417.7519226074219,382.16705322265625,47.2503547668457
2021-08-17,146.61732482910156,82.0466079711914,155.92422485351562,49.40446472167969,281.26788330078125,19.390928268432617,127.41536712646484,415.01348876953125,386.3531188964844,46.929386138916016
2021-08-18,142.87841796875,79.82600402832031,153.94334411621094,48.73170852661133,279.5467529296875,18.974369049072266,126.0258560180664,410.4711608886719,382.2677917480469,45.94112777709961
2021-08-19,143.21035766601562,77.83654022216797,155.1422882080078,49.04221725463867,285.35443115234375,19.729755401611328,127.5120849609375,411.1065979003906,391.95001220703125,44.538997650146484
2021-08-20,144.66488647460938,77.84481048583984,155.89813232421875,48.85245895385742,292.6524658203125,20.74424934387207,127.60001373291016,414.37786865234375,393.6171569824219,44.54743576049805
2021-08-23,146.14874267578125,79.85076141357422,155.22518920898438,48.67995834350586,292.9312744140625,21.882312774658203,126.94921875,418.0229797363281,389.6325378417969,46.3803596496582
2021-08-24,146.06088256835938,80.76708984375,153.28497314453125,48.309078216552734,290.9793395996094,21.717880249023438,125.92029571533203,418.6864929199219,387.8462829589844,46.76044464111328
2021-08-25,144.83084106445312,81.32015991210938,152.27114868164062,48.360836029052734,290.3928527832031,22.136432647705078,125.47176361083984,419.5650634765625,384.4845275878906,46.84492111206055
2021-08-26,144.0303497314453,80.25526428222656,151.45840454101562,47.90370178222656,287.5851745605469,21.991933822631836,125.25191497802734,417.0883483886719,381.8372802734375,46.21141815185547
2021-08-27,145.06515502929688,81.4274673461914,151.13504028320312,47.99858474731445,288.19097900390625,22.5579776763916,125.1551284790039,420.8175048828125,383.5869140625,47.10675811767578
2021-08-30,149.4776153564453,81.22109985351562,151.7730255126953,48.45570755004883,291.9120788574219,22.60979461669922,125.70040893554688,422.6680908203125,383.1654357910156,46.591522216796875
2021-08-31,148.2183380126953,79.88378143310547,151.309814453125,48.56783676147461,290.26788330078125,22.3117733001709,125.22551727294922,422.0418701171875,381.30596923828125,46.05093002319336
2021-09-01,148.88214111328125,79.0087661743164,151.84291076660156,48.89559555053711,290.21978759765625,22.36759376525879,126.50071716308594,422.2661437988281,382.29534912109375,45.41743469238281
2021-09-02,149.99501037597656,80.65975189208984,152.88291931152344,48.96458053588867,289.56591796875,22.322736740112305,126.59748840332031,423.56524658203125,388.1210632324219,46.52394104003906
2021-09-03,150.62953186035156,80.47814178466797,152.9790496826172,48.930091857910156,289.5563659667969,22.76827621459961,126.6854248046875,423.46246337890625,387.3424987792969,46.3465690612793
2021-09-07,152.96273803710938,80.1231918334961,150.60186767578125,48.01582717895508,288.6332702636719,22.587867736816406,126.21044921875,421.94830322265625,385.8585510253906,46.07627487182617
2021-09-08,151.42027282714844,79.57010650634766,150.23483276367188,48.66271209716797,288.6621398925781,22.265918731689453,127.16913604736328,421.434326171875,380.4999084472656,45.6539421081543
2021-09-09,150.40505981445312,79.24816131591797,146.88755798339844,48.17970657348633,285.8159484863281,22.104455947875977,126.63262939453125,419.6304931640625,379.7304992675781,45.6877326965332
2021-09-10,145.42633056640625,79.30592346191406,145.9261932373047,47.964080810546875,284.335205078125,22.404468536376953,126.75574493408203,416.3219299316406,371.2828063964844,45.59481430053711
2021-09-13,145.9925537109375,80.8743896484375,144.90362548828125,48.360836029052734,285.5659484863281,22.079530715942383,128.1189422607422,417.38739013671875,381.0357971191406,46.76889419555664
2021-09-14,144.59658813476562,79.41324615478516,144.0296630859375,48.39559555053711,288.2582702636719,22.169240951538086,127.8990249633789,415.1349182128906,379.2156982421875,46.10160827636719
2021-09-15,145.48492431640625,81.0972671508789,144.571533203125,48.56071090698242,293.09478759765625,22.267915725708008,127.62643432617188,418.6023864746094,383.7934875488281,47.65578842163086
2021-09-16,145.25059509277344,80.33780670166016,144.39671325683594,48.10012435913086,293.47943115234375,22.169240951538086,126.7381591796875,417.9388732910156,383.1683349609375,47.148990631103516
2021-09-17,142.5855712890625,79.87553405761719,143.98597717285156,47.309322357177734,288.3351745605469,21.828359603881836,126.94044494628906,413.86767578125,386.2202453613281,46.591522216796875
2021-09-20,139.53982543945312,78.24105072021484,143.1644287109375,46.97909164428711,282.9794616699219,21.043935775756836,125.66524505615234,406.9667663574219,379.3628234863281,45.3498649597168
2021-09-21,140.0181427001953,78.29884338378906,143.793701171875,46.970401763916016,283.4602355957031,21.176498413085938,125.85870361328125,406.58233642578125,379.0318908691406,45.3076286315918
2021-09-22,142.3805694580078,80.60198211669922,143.26931762695312,47.03992462158203,287.0948181152344,21.869230270385742,126.28964233398438,410.5484924316406,375.6858825683594,46.633750915527344
2021-09-23,143.33726501464844,82.59969329833984,144.0821075439453,46.96171569824219,288.037109375,22.408456802368164,126.80852508544922,415.5365905761719,375.0700378417969,48.21327209472656
2021-09-24,143.4251251220703,83.04545593261719,143.6451416015625,46.831363677978516,287.83514404296875,22.008769989013672,126.24568939208984,416.2210998535156,374.1968078613281,48.64405059814453
2021-09-27,141.91197204589844,85.00189971923828,142.60511779785156,46.58803939819336,282.85443115234375,21.589147567749023,124.5835189819336,415.0303039550781,372.532958984375,50.08841323852539
2021-09-28,138.53427124023438,85.32384490966797,142.29046630859375,45.745086669921875,272.6141357421875,20.631288528442383,123.6424789428711,406.6666564941406,366.42010498046875,50.61210250854492
2021-09-29,139.43240356445312,85.2990951538086,143.34799194335938,46.02317810058594,273.07568359375,20.449886322021484,124.90013122558594,407.3511657714844,368.0655517578125,50.578311920166016
2021-09-30,138.134033203125,83.74713134765625,141.1455841064453,45.59735870361328,271.07568359375,20.64823341369629,122.9477310180664,402.3724365234375,359.17669677734375,49.68296432495117
2021-10-01,139.25668334960938,86.12458038330078,140.24542236328125,46.07532501220703,277.9794616699219,20.674150466918945,122.75423431396484,407.1542663574219,360.7301940917969,51.4652099609375
2021-10-04,135.83016967773438,86.446533203125,139.15293884277344,46.04924774169922,272.21990966796875,19.667455673217773,122.0594482421875,401.903564453125,355.7480163574219,52.13249588012695
2021-10-05,137.75332641601562,87.38758850097656,139.4675750732422,46.12745666503906,277.65252685546875,20.38410186767578,122.53437805175781,406.0852966308594,361.64935302734375,52.04801940917969
2021-10-06,138.62217712402344,86.61986541748047,139.7559814453125,46.6749382019043,281.835205078125,20.632286071777344,124.1701431274414,407.7731018066406,362.40313720703125,51.09356689453125
2021-10-07,139.88148498535156,87.239013671875,141.00576782226562,46.822669982910156,283.5083312988281,21.00606346130371,125.16392517089844,411.2985534667969,372.009033203125,51.237152099609375
2021-10-08,139.50070190429688,89.19544982910156,140.6474151611328,47.0312385559082,283.5083312988281,20.762859344482422,124.64505767822266,410.5484924316406,375.46527099609375,52.521034240722656
2021-10-11,139.4128875732422,88.43598175048828,140.05313110351562,47.12682342529297,282.9122009277344,20.627304077148438,125.16392517089844,407.57623291015625,372.27557373046875,51.99734878540039
2021-10-12,138.14378356933594,88.45249938964844,137.81576538085938,47.12682342529297,281.61407470703125,20.60338020324707,124.979248046875,406.5729064941406,370.6669921875,51.7270622253418
2021-10-13,137.55810546875,88.98080444335938,139.1354217529297,47.135528564453125,284.9121398925781,20.87050437927246,125.26947784423828,408.03558349609375,370.9519348144531,51.58346939086914
2021-10-14,140.3402862548828,89.82283782958984,139.93080139160156,47.457054138183594,291.1043701171875,21.674863815307617,126.6854248046875,414.89910888671875,386.4039611816406,52.36899948120117
2021-10-15,141.3945770263672,90.48323822021484,140.9707794189453,47.34408187866211,292.50830078125,21.790485382080078,127.01079559326172,418.05889892578125,393.4912414550781,52.867347717285156
2021-10-18,143.0638885498047,90.44196319580078,139.9394989013672,46.874813079833984,295.4698181152344,22.149309158325195,125.18153381347656,419.29656982421875,390.3198547363281,52.84201431274414
2021-10-19,145.22134399414062,92.20853424072266,143.2168731689453,47.05731201171875,296.37359619140625,22.217086791992188,123.70405578613281,422.5312805175781,390.09930419921875,53.63599395751953
2021-10-20,145.70948791503906,93.41376495361328,143.13821411132812,47.47444152832031,295.5851745605469,22.03070068359375,124.18778991699219,424.19085693359375,399.9441223144531,53.93162155151367
2021-10-21,145.9242401123047,92.2415542602539,142.8061065673828,47.231117248535156,298.8063049316406,22.61777114868164,123.29399871826172,425.2973327636719,406.5533142089844,52.95181655883789
2021-10-22,145.15298461914062,93.1165771484375,143.08580017089844,47.31800842285156,297.2677917480469,22.651653289794922,124.62134552001953,424.85662841796875,412.877685546875,53.31501770019531
2021-10-25,145.10421752929688,93.98336791992188,143.40042114257812,47.12682342529297,296.27752685546875,23.090213775634766,124.63905334472656,427.1350402832031,413.1809387207031,54.35396194458008
2021-10-26,145.76805114746094,94.18973541259766,144.85992431640625,47.33539581298828,298.18121337890625,24.63614845275879,126.40888977050781,427.5195007324219,417.9149169921875,55.61249923706055
2021-10-27,145.30923461914062,92.51396942138672,143.103271484375,48.247867584228516,310.7389831542969,24.371017456054688,125.5062484741211,425.62554931640625,416.8486633300781,54.16811752319336
2021-10-28,148.9407196044922,93.38075256347656,142.325439453125,48.69975280761719,311.87347412109375,24.85941505432129,126.2584228515625,429.7322692871094,418.65032958984375,54.320167541503906
2021-10-29,146.2366180419922,94.51168060302734,142.3516845703125,48.98653030395508,318.8638916015625,25.483362197875977,126.53276824951172,430.6042785644531,423.2740478515625,54.45531463623047
2021-11-01,145.41661071777344,94.5447006225586,142.47401428222656,48.812721252441406,316.700439453125,25.742515563964844,126.22303771972656,431.34503173828125,417.4277648925781,55.43511199951172
2021-11-02,146.4513702392578,93.96685791015625,144.7200927734375,48.75189971923828,320.3158874511719,26.314638137817383,127.4795913696289,433.0889892578125,415.5250244140625,54.75094223022461
2021-11-03,147.88641357421875,93.28994750976562,144.25686645507812,48.91701126098633,321.1523132324219,26.5109920501709,128.35568237304688,435.7331237792969,420.3876647949219,53.99919509887695
2021-11-04,147.36895751953125,93.70269775390625,143.8549041748047,49.1863899230957,323.49853515625,29.703514099121094,128.59458923339844,437.7864685058594,419.8636474609375,54.404632568359375
2021-11-05,147.89694213867188,94.71806335449219,142.83233642578125,49.39497375488281,323.133056640625,29.65467643737793,129.23171997070312,439.3055114746094,418.99041748046875,54.919883728027344
2021-11-08,147.0757293701172,95.05652618408203,142.34291076660156,48.9517707824707,324.0273132324219,30.70323371887207,128.2671661376953,439.68048095703125,425.2503356933594,55.51114273071289
2021-11-09,147.4374237060547,95.7581787109375,142.0282745361328,49.0908088684082,323.0273132324219,30.55670738220215,128.65652465820312,438.22711181640625,426.840576171875,56.051727294921875
2021-11-10,144.61207580566406,94.23100280761719,143.5664520263672,49.290679931640625,318.075439453125,29.362634658813477,129.92193603515625,434.7017517089844,422.7500305175781,54.94746780395508
2021-11-11,144.56321716308594,94.23927307128906,142.5089569091797,49.30807113647461,319.6427001953125,30.29058837890625,129.55030822753906,434.8422546386719,420.44281005859375,55.05018997192383
2021-11-12,146.6357879638672,94.29705047607422,144.2131805419922,49.19509506225586,323.7677307128906,30.29058837890625,129.6918487548828,438.1240234375,421.9135437011719,54.63075256347656
2021-11-15,146.6455535888672,96.43508911132812,142.9110107421875,49.20378494262695,323.1427307128906,29.926780700683594,130.4351806640625,438.2740478515625,414.3851013183594,55.1015510559082
2021-11-16,147.6232147216797,96.8148193359375,142.16810607910156,48.856170654296875,326.4504089355469,30.104196548461914,130.24937438964844,440.00872802734375,413.3003845214844,55.657958984375
2021-11-17,150.05751037597656,96.3805923461914,142.70126342773438,48.5867805480957,326.6719970703125,29.1652774810791,130.1697235107422,438.9397888183594,412.6845397949219,55.05018997192383
2021-11-18,154.3395233154297,95.57061767578125,141.93212890625,48.15227508544922,328.7430419921875,31.57138442993164,130.18740844726562,440.4305725097656,413.16253662109375,54.45097732543945
2021-11-19,156.95965576171875,93.44960021972656,142.3603973388672,47.908939361572266,330.51544189453125,32.877098083496094,129.92193603515625,439.6429443359375,404.4574890136719,51.93430709838867
2021-11-22,157.4191131591797,95.11969757080078,140.4866180419922,48.204410552978516,327.35595703125,31.851459503173828,130.78912353515625,438.4053649902344,402.1962585449219,52.653343200683594
2021-11-23,157.80039978027344,97.11542510986328,141.3575439453125,48.56071090698242,325.2848815917969,31.64215087890625,132.24041748046875,438.98663330078125,411.0115966796875,54.04008483886719
2021-11-24,158.3185577392578,97.85862731933594,140.96170043945312,48.16965103149414,325.5064392089844,32.567115783691406,131.55020141601562,440.15869140625,413.7968444824219,54.339698791503906
2021-11-26,153.30328369140625,95.6207275390625,140.04678344726562,46.69232177734375,317.5784912109375,31.399948120117188,130.49713134765625,430.3417053222656,404.37481689453125,52.43079376220703
2021-11-29,156.65652465820312,95.9046401977539,140.53062438964844,47.430992126464844,324.2734069824219,33.266822814941406,131.86874389648438,435.62054443359375,415.4882507324219,52.721839904785156
2021-11-30,161.6034393310547,94.25125122070312,137.17019653320312,45.933448791503906,318.455078125,32.56911087036133,127.93975067138672,427.1444396972656,408.336669921875,51.223812103271484
2021-12-01,161.0852508544922,93.60826873779297,139.06155395507812,45.80207824707031,317.9637756347656,31.336002349853516,129.55030822753906,422.4000549316406,408.44696044921875,51.181007385253906
2021-12-02,160.09783935546875,96.14678955078125,138.1906280517578,46.476409912109375,317.3954162597656,32.02482986450195,130.311279296875,428.86962890625,409.9913024902344,52.45647048950195
2021-12-03,158.2207489013672,95.53722381591797,140.20518493652344,46.88801956176758,311.1532897949219,30.596343994140625,132.6297607421875,425.137939453125,414.37176513671875,52.122623443603516
2021-12-06,161.62298583984375,97.03192901611328,143.3368682861328,48.087799072265625,314.216552734375,29.942407608032227,134.63851928710938,430.17303466796875,424.32257080078125,52.71327209472656
2021-12-07,167.3518829345703,98.46820831298828,143.70632934570312,48.35053634643555,322.62615966796875,32.32487487792969,134.28451538085938,439.07098388671875,428.58319091796875,53.303924560546875
2021-12-08,171.1646728515625,98.91078186035156,144.5684356689453,48.1666145324707,322.6742858886719,31.72577476501465,134.88626098632812,440.2336730957031,432.39190673828125,53.45800018310547
2021-12-09,170.65634155273438,98.65191650390625,145.9407196044922,48.04401397705078,320.8729553222656,30.393980026245117,135.67384338378906,437.261474609375,436.5050964355469,53.594974517822266
2021-12-10,175.43699645996094,98.81893157958984,145.58004760742188,49.28758239746094,329.9664001464844,30.102901458740234,137.56752014160156,441.3775939941406,441.03314208984375,53.93737030029297
2021-12-13,171.8099365234375,96.76473999023438,148.1839599609375,50.58371353149414,326.941650390625,28.07231330871582,139.523193359375,437.4676818847656,440.9501647949219,52.756072998046875
2021-12-14,170.4315185546875,97.04863739013672,149.8025665283203,50.618736267089844,316.28765869140625,28.247764587402344,140.0364227294922,434.4578857421875,442.1674499511719,52.679039001464844
2021-12-15,175.2903594970703,96.49751281738281,150.55030822753906,50.846439361572266,322.3659973144531,30.363082885742188,140.57623291015625,441.2463684082031,455.927001953125,52.44792175292969
2021-12-16,168.40777587890625,97.39934539794922,152.19532775878906,51.363136291503906,312.9739074707031,28.2976016998291,142.56724548339844,437.3551940917969,454.5252685546875,52.53350830078125
2021-12-17,167.31280517578125,94.86083984375,147.9904327392578,50.55743408203125,311.9142761230469,27.71344566345215,139.33734130859375,432.7004089355469,449.231689453125,51.38645553588867
2021-12-20,165.95388793945312,94.902587890625,147.5681610107422,50.391048431396484,308.1670837402344,27.6317081451416,139.69129943847656,428.0993957519531,446.1053771972656,50.641727447509766
2021-12-21,169.12142944335938,96.42236328125,147.09312438964844,50.592472076416016,315.2762145996094,28.983434677124023,139.60279846191406,435.70196533203125,449.3146667480469,51.78877639770508
2021-12-22,171.71217346191406,96.97348022460938,147.72650146484375,50.9515266418457,320.96929931640625,29.307411193847656,140.98329162597656,440.0584716796875,455.6965026855469,52.20822525024414
2021-12-23,172.33787536621094,97.2072982788086,148.0080108642578,50.98655319213867,322.4045715332031,29.54665756225586,141.6735076904297,442.7965393066406,456.8492431640625,52.23390579223633
2021-12-27,176.2973175048828,99.1947021484375,149.2571563720703,51.363136291503906,329.87969970703125,30.847545623779297,143.32830810546875,449.0630187988281,460.6487121582031,52.9786376953125
2021-12-28,175.28057861328125,99.00263214111328,149.85540771484375,51.56455993652344,328.7237243652344,30.226512908935547,144.09814453125,448.696044921875,463.8211364746094,52.807437896728516
2021-12-29,175.36854553222656,98.49327087402344,150.91099548339844,51.625858306884766,329.3980712890625,29.906517028808594,145.29275512695312,449.27001953125,466.2558898925781,52.34518814086914
2021-12-30,174.21493530273438,98.05902862548828,151.5795135498047,51.47697830200195,326.8646545410156,29.492826461791992,144.0362091064453,448.02801513671875,465.1953125,52.03702163696289
2021-12-31,173.59898376464844,97.99224853515625,150.48873901367188,51.85356140136719,323.9747009277344,29.318378448486328,144.7529754638672,446.8988952636719,463.0834045410156,52.37942886352539
2022-01-03,177.93972778320312,99.5871810913086,150.90220642089844,51.93238067626953,322.4624328613281,30.026145935058594,144.15121459960938,449.48651123046875,463.2125549316406,54.39105987548828
2022-01-04,175.681396484375,101.39921569824219,150.49755859375,52.79936981201172,316.9330749511719,29.197763442993164,144.6556396484375,449.33587646484375,452.71771240234375,56.43693161010742
2022-01-05,171.0082550048828,102.05889892578125,151.50039672851562,53.237247467041016,304.76666259765625,27.51706886291504,145.31048583984375,440.70770263671875,451.60174560546875,57.13886260986328
2022-01-06,168.15357971191406,102.92733764648438,150.98135375976562,52.957008361816406,302.35845947265625,28.08926010131836,144.08929443359375,440.29364013671875,433.12054443359375,58.48279571533203
2022-01-07,168.3197784423828,104.40536499023438,153.02224731445312,52.834407806396484,302.5125427246094,27.161191940307617,144.0096435546875,438.552978515625,422.92999267578125,58.96216583251953
2022-01-10,168.33934020996094,104.47215270996094,152.2657012939453,52.9219856262207,302.73419189453125,27.3137149810791,142.04515075683594,438.00726318359375,428.8321533203125,58.61119842529297
2022-01-11,171.1646728515625,106.86038970947266,150.64706420898438,52.93949890136719,303.4180908203125,27.729400634765625,140.3992156982422,441.9967346191406,432.52105712890625,61.07651901245117
2022-01-12,171.60464477539062,106.32597351074219,149.36273193359375,53.018310546875,306.5873107910156,27.910831451416016,140.70899963378906,443.1916809082031,436.8739929199219,60.896751403808594
2022-01-13,168.33934020996094,105.88338470458984,148.4566650390625,53.333595275878906,293.61175537109375,26.491308212280273,140.07179260253906,437.08514404296875,431.07318115234375,60.4601936340332
2022-01-14,169.19967651367188,107.68708038330078,147.6473388671875,53.7627067565918,298.8135070800781,26.857152938842773,141.41683959960938,437.2639465332031,432.2351989746094,61.52164077758789
2022-01-18,166.00279235839844,108.03779602050781,146.99636840820312,53.333595275878906,291.5406799316406,25.821428298950195,138.69134521484375,429.5200500488281,425.1341247558594,62.557430267333984
2022-01-19,162.51260375976562,107.64533996582031,146.5389404296875,53.42115783691406,292.1956787109375,24.98805809020996,143.35484313964844,425.0601806640625,426.5450439453125,62.583106994628906
2022-01-20,160.83103942871094,107.26121520996094,145.36892700195312,53.20222091674805,290.52923583984375,24.073944091796875,144.12889099121094,420.35552978515625,426.9877624511719,62.72005844116211
2022-01-21,158.778076171875,105.97525787353516,145.0346221923828,52.93949890136719,285.1636962890625,23.300390243530273,144.6804656982422,412.103759765625,425.3001403808594,61.77845764160156
2022-01-24,158.00570678710938,106.20071411132812,143.3632354736328,52.5103759765625,285.4911804199219,23.29839324951172,143.50607299804688,413.8538818359375,426.31451416015625,62.30916213989258
2022-01-25,156.2068328857422,110.71829223632812,147.4626007080078,52.387760162353516,277.9004821777344,22.253700256347656,141.94021606445312,408.8010559082031,421.3068542480469,64.14105987548828
2022-01-26,156.11886596679688,110.80177307128906,148.1223602294922,52.19509506225586,285.8187255859375,22.70029067993164,140.70355224609375,407.7755432128906,422.7732238769531,63.4904899597168
2022-01-27,155.6593780517578,113.03968811035156,150.06651306152344,52.238887786865234,288.8338317871094,21.874893188476562,141.575439453125,405.761962890625,425.6966552734375,64.30369567871094
2022-01-28,166.52093505859375,109.06490325927734,151.12210083007812,53.281036376953125,296.9446716308594,22.7680721282959,142.79429626464844,415.8392333984375,429.80975341796875,64.4406509399414
2022-01-31,170.8714141845703,109.6661376953125,151.56198120117188,53.429908752441406,299.5649108886719,24.40888786315918,142.7498321533203,423.3288879394531,435.8133850097656,65.0227279663086
2022-02-01,170.7052459716797,112.55536651611328,150.3216094970703,53.035831451416016,297.4263916015625,24.560409545898438,142.1181640625,426.1893005371094,431.9769287109375,69.19153594970703
2022-02-02,171.90769958496094,113.07311248779297,151.9841766357422,53.578792572021484,301.95379638671875,25.16250991821289,144.66265869140625,430.32940673828125,442.46258544921875,69.01177215576172
2022-02-03,169.03346252441406,112.06273651123047,151.97543334960938,53.95537185668945,290.19207763671875,23.87258529663086,146.03273010253906,420.21453857421875,450.7533264160156,68.20710754394531
2022-02-04,168.7495574951172,113.46558380126953,150.98135375976562,53.38612365722656,294.7098693847656,24.242412567138672,143.71067810058594,422.1904296875,445.58892822265625,69.68800354003906
2022-02-07,168.03497314453125,115.69514465332031,150.47991943359375,53.94661331176758,289.90313720703125,24.650129318237305,142.63418579101562,420.83551025390625,446.0777282714844,70.52690124511719
2022-02-08,171.1380615234375,113.93319702148438,150.8758087158203,54.29690933227539,293.3805236816406,25.0289306640625,142.31390380859375,424.2980651855469,455.032470703125,68.70360565185547
2022-02-09,172.55743408203125,115.06050109863281,150.8582305908203,53.4561882019043,299.78643798828125,26.620899200439453,141.99362182617188,430.50811767578125,459.357666015625,68.37471008300781
2022-02-10,168.4853057861328,113.59918975830078,149.03724670410156,53.75395202636719,291.28057861328125,25.742677688598633,139.83168029785156,422.7738342285156,448.86279296875,67.71691131591797
2022-02-11,165.07876586914062,115.91224670410156,147.53297424316406,52.79936981201172,284.21002197265625,23.873580932617188,139.04873657226562,414.4371643066406,440.9409484863281,69.42196655273438
2022-02-14,165.31373596191406,114.125244140625,145.67681884765625,53.14091873168945,284.1714782714844,24.190576553344727,139.44911193847656,413.0823059082031,437.50103759765625,68.35739135742188
2022-02-15,169.14114379882812,113.2898941040039,147.1811065673828,53.34233474731445,289.440673828125,26.411561965942383,139.52029418945312,419.7440185546875,441.03314208984375,67.50056457519531
2022-02-16,168.90621948242188,113.32363891601562,147.09312438964844,53.333595275878906,289.10284423828125,26.427513122558594,140.57899475097656,420.21453857421875,442.7115478515625,67.81211853027344
2022-02-17,165.31373596191406,112.74140930175781,146.19586181640625,54.40200424194336,280.6372985839844,24.42982292175293,142.18939208984375,411.2381286621094,433.7568359375,67.70828247070312
2022-02-18,163.76705932617188,112.58110046386719,144.62881469726562,54.76982116699219,277.93450927734375,23.567541122436523,142.26052856445312,408.5752868652344,431.423583984375,66.95528411865234
2022-02-22,160.84999084472656,111.72038269042969,142.66336059570312,54.54212951660156,277.7317199707031,23.316343307495117,140.50784301757812,404.1905517578125,426.5358581542969,66.17632293701172
2022-02-23,156.68975830078125,114.37841033935547,142.73419189453125,53.93785858154297,270.5403747558594,22.316495895385742,138.75515747070312,397.02081298828125,423.87060546875,66.44464111328125
2022-02-24,159.30335998535156,113.78775787353516,140.00733947753906,52.99203872680664,284.36328125,23.6732120513916,135.0185089111328,402.9956359863281,420.4306945800781,65.6051025390625
2022-02-25,161.36886596679688,118.45401763916016,146.966064453125,55.04131317138672,286.9888610839844,24.080923080444336,140.7836456298828,411.8872375488281,438.74609375,67.3707275390625
2022-02-28,161.6331024169922,121.50860595703125,145.70005798339844,54.50709533691406,288.41748046875,24.308204650878906,138.69287109375,410.8335876464844,438.856689453125,67.87271881103516
2022-03-01,159.753662109375,126.33516693115234,145.19541931152344,54.27064514160156,284.71075439453125,23.40306282043457,136.39747619628906,404.576416015625,439.2071838378906,68.52183532714844
2022-03-02,163.04270935058594,130.06483459472656,147.0015106201172,54.67349624633789,289.7688903808594,24.14784049987793,136.82455444335938,412.01904296875,447.6271057128906,69.69892120361328
2022-03-03,162.71966552734375,131.8199462890625,149.1616973876953,54.70852279663086,285.6470947265625,23.643346786499023,137.33163452148438,409.9678649902344,448.7428894042969,70.14033508300781
2022-03-04,159.72425842285156,133.8704071044922,150.04705810546875,54.79609680175781,279.7974853515625,22.867666244506836,138.02561950683594,406.6371154785156,459.8648376464844,72.78011322021484
2022-03-07,155.93603515625,136.7309112548828,152.4640350341797,53.49123001098633,269.2275695800781,21.28838348388672,135.97938537597656,394.6496887207031,449.00115966796875,75.402587890625
2022-03-08,154.1152801513672,143.8948516845703,149.3741912841797,51.37188720703125,266.2738342285156,21.449907302856445,130.59674072265625,391.6575012207031,436.6341857910156,75.97382354736328
2022-03-09,159.50892639160156,140.30023193359375,149.94082641601562,51.634620666503906,278.4847106933594,22.945430755615234,132.3583221435547,402.1582946777344,447.8022766113281,71.65497589111328
2022-03-10,155.1724853515625,144.13958740234375,150.2064208984375,50.68880081176758,275.6756591796875,22.590497970581055,128.95082092285156,400.34222412109375,453.21563720703125,73.87931060791016
2022-03-11,151.46249389648438,144.2070770263672,149.9319610595703,50.723838806152344,270.34735107421875,22.034154891967773,127.42057800292969,395.2518615722656,446.6300048828125,73.49847412109375
2022-03-14,147.4393310546875,140.67996215820312,152.003662109375,51.65924072265625,266.84344482421875,21.26645278930664,129.0487060546875,392.36322021484375,451.30108642578125,70.86735534667969
2022-03-15,151.81492614746094,133.5581817626953,155.9434356689453,52.61229705810547,277.1815185546875,22.90455436706543,133.69288635253906,400.99151611328125,460.5412292480469,66.83411407470703
2022-03-16,156.2198944091797,133.07725524902344,154.50917053222656,52.471099853515625,284.1702575683594,24.423017501831055,133.2390899658203,409.8832092285156,460.864990234375,66.5831069946289
2022-03-17,157.22811889648438,135.38084411621094,156.5277557373047,53.02705001831055,284.9714050292969,24.692211151123047,133.65724182128906,415.0111389160156,468.9675598144531,68.35739135742188
2022-03-18,160.5171661376953,136.46932983398438,154.79244995117188,53.03587341308594,290.0005798339844,26.374187469482422,133.5861053466797,419.556640625,468.1350402832031,68.08909606933594
2022-03-21,161.8876190185547,138.9248504638672,155.66893005371094,53.45945739746094,288.7746276855469,26.65435028076172,134.0932159423828,419.4339904785156,469.55950927734375,71.14431762695312
2022-03-22,165.25497436523438,138.46070861816406,154.93411254882812,53.65359115600586,293.5045471191406,26.44497299194336,135.125244140625,424.3419494628906,467.39508056640625,70.83270263671875
2022-03-23,166.61563110351562,139.9542999267578,154.3498077392578,53.30060958862305,289.09320068359375,25.557626724243164,134.18218994140625,418.8770751953125,465.46197509765625,71.94922637939453
2022-03-24,170.39413452148438,140.3255615234375,155.14662170410156,53.81244659423828,293.54315185546875,28.066129684448242,134.41346740722656,425.19146728515625,474.9241638183594,72.16560363769531
2022-03-25,171.03036499023438,142.86541748046875,156.63397216796875,54.29778289794922,293.1377258300781,27.609495162963867,135.97044372558594,427.2679748535156,474.5265197753906,73.74079132080078
2022-03-28,171.8917999267578,140.3677520751953,157.4396209716797,54.64195251464844,299.9140625,28.134923934936523,136.9046173095703,430.3070068359375,474.6837158203125,71.6722640991211
2022-03-29,175.1808624267578,138.65478515625,157.3599395751953,54.85374450683594,304.4606018066406,28.570621490478516,138.31031799316406,435.63031005859375,472.3991394042969,71.29145812988281
2022-03-30,174.01602172851562,139.6336212158203,158.99781799316406,54.897865295410156,302.9643249511719,27.60750389099121,137.35833740234375,432.9404296875,481.73187255859375,72.51181030273438
2022-03-31,170.92269897460938,137.3975067138672,156.90841674804688,54.71255111694336,297.6069641113281,27.20470428466797,135.94374084472656,426.27691650390625,471.69610595703125,71.48186492919922
2022-04-01,170.6290740966797,138.57041931152344,157.7583465576172,55.48029327392578,298.6784973144531,26.63241195678711,137.98114013671875,427.48504638671875,474.11956787109375,71.94058227539062
2022-04-04,174.6718292236328,138.69700622558594,156.235595703125,55.1890754699707,304.0357666015625,27.27848243713379,137.08258056640625,431.1471252441406,471.7424011230469,71.9751968383789
2022-04-05,171.36318969726562,137.84475708007812,157.244873046875,55.1273078918457,300.0877990722656,25.853744506835938,137.56295776367188,425.7011413574219,478.9014892578125,71.60301208496094
2022-04-06,168.201416015625,139.06826782226562,161.3351287841797,55.68325424194336,289.10284423828125,24.33428192138672,139.52920532226562,421.44439697265625,491.841552734375,72.39928436279297
2022-04-07,168.50486755371094,141.0006103515625,160.91900634765625,55.98329162597656,290.90789794921875,24.135875701904297,141.3352508544922,423.5679931640625,496.65118408203125,73.61100006103516
2022-04-08,166.49813842773438,143.38858032226562,161.23773193359375,56.32745361328125,286.6606750488281,23.050119400024414,142.43846130371094,422.4354553222656,504.9851379394531,75.16024017333984
2022-04-11,162.2498016357422,139.70115661621094,159.2191619873047,56.309810638427734,275.35723876953125,21.851701736450195,141.89576721191406,415.2150573730469,497.1044921875,72.5724105834961
2022-04-12,164.11947631835938,142.61228942871094,159.27224731445312,56.97164535522461,272.268310546875,21.439929962158203,141.4687042236328,413.6766052246094,493.65447998046875,74.08702087402344
2022-04-13,166.80157470703125,144.8568115234375,159.94515991210938,57.12166976928711,277.63519287109375,22.136844635009766,141.86904907226562,418.4146728515625,496.6974182128906,75.13428497314453
2022-04-14,161.7995147705078,144.78927612304688,159.27224731445312,57.37758255004883,270.1157531738281,21.194664001464844,141.0772247314453,413.20465087890625,494.68115234375,76.01709747314453
2022-04-18,161.58416748046875,146.7300567626953,157.28912353515625,56.865760803222656,270.78173828125,21.718101501464844,139.7338104248047,413.3745422363281,493.9967041015625,76.6402587890625
2022-04-19,163.8649444580078,144.9918212890625,162.08766174316406,57.42169189453125,275.39581298828125,22.13186264038086,141.82456970214844,420.04754638671875,497.3450012207031,75.95650482177734
2022-04-20,163.6985321044922,145.58248901367188,162.80477905273438,58.207096099853516,276.4189453125,21.417999267578125,145.59681701660156,419.73602294921875,505.0312805175781,76.12960815429688
2022-04-21,162.9056396484375,138.8741912841797,162.33555603027344,58.42770767211914,271.0616760253906,20.12286949157715,145.4832000732422,413.45947265625,497.1044921875,75.3246841430664
2022-04-22,158.37342834472656,135.81117248535156,160.7242431640625,57.580543518066406,264.51702880859375,19.456857681274414,144.26644897460938,402.1144714355469,481.84283447265625,73.68024444580078
2022-04-25,159.44041442871094,132.89158630371094,164.68170166015625,58.18946075439453,270.97479248046875,19.84270477294922,145.42953491210938,404.44580078125,484.9230041503906,71.19625091552734
2022-04-26,153.4888153076172,132.08152770996094,163.50418090820312,57.40406036376953,260.8393859863281,18.732023239135742,142.96022033691406,392.7326965332031,475.22021484375,71.22221374511719
2022-04-27,153.26365661621094,131.83685302734375,161.22006225585938,57.85411071777344,273.3880310058594,18.360136032104492,142.57553100585938,393.8370361328125,475.2478942871094,73.25613403320312
2022-04-28,160.18435668945312,136.51995849609375,162.424072265625,58.410064697265625,279.57550048828125,19.72306251525879,146.19895935058594,403.7851257324219,485.06158447265625,75.47181701660156
2022-04-29,154.3208465576172,132.19967651367188,159.76808166503906,57.015769958496094,267.88580322265625,18.49174690246582,143.64016723632812,388.863037109375,470.38275146484375,73.78408813476562
2022-05-02,154.6243438720703,134.798583984375,158.15672302246094,55.98329162597656,274.5946350097656,19.474802017211914,141.69871520996094,391.2037048339844,463.5381164550781,74.78809356689453
2022-05-03,156.11219787597656,137.1106719970703,157.8468780517578,55.66561508178711,271.99798583984375,19.543596267700195,139.7572784423828,392.9969787597656,462.1229248046875,76.32867431640625
2022-05-04,162.5141143798828,141.4140625,159.53787231445312,57.38640213012695,279.9133605957031,20.273418426513672,140.78619384765625,404.96490478515625,469.5224914550781,79.36658477783203
2022-05-05,153.45941162109375,140.29180908203125,156.4923095703125,56.92752456665039,267.7217712402344,18.787858963012695,138.19161987304688,390.57135009765625,457.5906677246094,78.16353607177734
2022-05-06,154.18487548828125,144.02987670898438,156.1470184326172,57.1304931640625,265.1927795410156,18.61935806274414,139.56939697265625,388.2400817871094,462.1229248046875,79.35794067382812
2022-05-09,149.0675506591797,134.37667846679688,156.99693298339844,57.015769958496094,255.39511108398438,16.899497985839844,139.220458984375,375.8096923828125,449.91363525390625,73.1003646850586
2022-05-10,151.46939086914062,135.66773986816406,156.7845001220703,56.486297607421875,260.1442565917969,17.542577743530273,138.48681640625,376.6779479980469,451.38433837890625,73.58503723144531
2022-05-11,143.61700439453125,137.67599487304688,155.9345703125,56.75102615356445,251.50498962402344,16.5804500579834,136.53643798828125,370.6939697265625,449.6638488769531,75.11695861816406
2022-05-12,139.7545623779297,138.98390197753906,157.4750213623047,56.92752456665039,246.4855194091797,16.126808166503906,135.9817657470703,370.3070373535156,442.86553955078125,75.45796966552734
2022-05-13,144.21499633789062,141.65032958984375,156.57203674316406,57.99530792236328,252.05520629882812,17.653247833251953,137.44007873535156,379.16033935546875,448.9701232910156,77.69636535644531
2022-05-16,142.67591857910156,145.98751831054688,157.66094970703125,58.207096099853516,252.42201232910156,17.21256446838379,138.7820587158203,377.62188720703125,452.5035095214844,79.52376556396484
2022-05-17,146.30311584472656,146.8481903076172,158.3161163330078,58.04825973510742,257.557373046875,18.122844696044922,138.388427734375,385.3896484375,455.5650634765625,80.53807830810547
2022-05-18,138.04879760742188,142.97727966308594,155.37681579589844,54.00658416748047,245.83082580566406,16.887540817260742,129.76376342773438,369.8539733886719,436.0023498535156,79.26146697998047
2022-05-19,134.64706420898438,141.9563446044922,153.9956512451172,52.9476318359375,244.9213409423828,17.072982788085938,126.77552032470703,367.5887756347656,442.6342468261719,79.6899185180664
2022-05-20,134.88232421875,142.77310180664062,156.68710327148438,53.81244659423828,244.3601531982422,16.64426040649414,126.85606384277344,367.7491760253906,449.2754211425781,80.3194580078125
2022-05-23,140.2937469482422,146.0910186767578,159.88589477539062,55.47146224975586,252.18753051757812,16.847658157348633,129.77272033691406,374.6297302246094,455.1488037109375,82.09443664550781
2022-05-24,137.5978546142578,146.87371826171875,161.63226318359375,56.495121002197266,251.19097900390625,16.10587501525879,132.08096313476562,371.7699890136719,460.21746826171875,82.54034423828125
2022-05-25,137.75469970703125,149.23031616210938,160.04627990722656,56.539241790771484,253.9968719482422,16.924423217773438,129.91587829589844,375.0545654296875,460.7077331542969,84.20166015625
2022-05-26,140.9505157470703,150.2341766357422,159.90371704101562,56.742210388183594,257.2669982910156,17.797819137573242,131.05209350585938,382.54864501953125,464.5370178222656,84.49893951416016
2022-05-27,146.69522094726562,151.67193603515625,161.3560791015625,57.07754898071289,264.3687744140625,18.75495719909668,133.05615234375,391.93988037109375,469.0507507324219,85.32958984375
2022-05-31,145.9109649658203,148.59225463867188,159.96609497070312,55.93033981323242,263.04327392578125,18.61636734008789,132.30462646484375,389.7406921386719,459.4960632324219,83.9393539428711
2022-06-01,145.7834930419922,150.00448608398438,158.3444366455078,55.65678405761719,263.57537841796875,18.265417098999023,130.30055236816406,386.5883483886719,455.5836181640625,85.54816436767578
2022-06-02,148.23431396484375,149.73223876953125,157.84542846679688,56.23921585083008,265.66522216796875,19.53363037109375,131.70521545410156,393.9502868652344,455.31524658203125,85.39954376220703
2022-06-03,142.51907348632812,151.0934600830078,157.19497680664062,55.56854248046875,261.2532653808594,18.664222717285156,130.5242462158203,387.48492431640625,449.1643981933594,86.6411361694336
2022-06-06,143.2641143798828,150.4383544921875,157.17715454101562,55.48029327392578,260.0245056152344,18.730026245117188,130.01426696777344,388.6648254394531,453.391357421875,86.42254638671875
2022-06-07,145.7834930419922,153.30538940429688,158.90576171875,55.81562423706055,263.6528015136719,18.869613647460938,131.4636688232422,392.3929748535156,459.79205322265625,90.38343811035156
2022-06-08,145.0482940673828,154.0966033935547,157.9612579345703,55.4979362487793,261.6306457519531,18.59636878967285,129.82638549804688,388.12677001953125,456.489990234375,91.45016479492188
2022-06-09,139.83297729492188,151.02540588378906,154.78030395507812,54.53605651855469,256.1930847167969,17.99803924560547,127.4823226928711,378.8959655761719,452.6976623535156,89.4740982055664
2022-06-10,134.43138122558594,149.22177124023438,153.74668884277344,54.1919059753418,244.7761993408203,16.927005767822266,126.99922180175781,367.90966796875,448.2579650878906,87.83902740478516
2022-06-13,129.2847137451172,142.35623168945312,152.19631958007812,54.130123138427734,234.3945770263672,15.603680610656738,123.59944152832031,353.9407653808594,434.44842529296875,83.8082046508789
2022-06-14,130.14739990234375,142.54339599609375,149.86183166503906,52.64577102661133,236.5522003173828,15.792155265808105,119.74340057373047,352.874267578125,427.0950927734375,84.02679443359375
2022-06-15,132.7648468017578,139.74441528320312,151.46566772460938,53.03685760498047,243.58616638183594,16.481243133544922,118.55345916748047,357.90496826171875,429.4814758300781,82.96879577636719
2022-06-16,127.50053405761719,132.2748260498047,151.54586791992188,52.50355911254883,237.01658630371094,15.557807922363281,119.2781753540039,346.05975341796875,423.3643798828125,79.90850830078125
2022-06-17,128.97100830078125,126.2344970703125,150.9934844970703,52.82353591918945,239.6095733642578,15.836033821105957,118.41925811767578,346.8056945800781,419.62353515625,75.30058288574219
2022-06-21,133.1962127685547,131.51763916015625,154.1565399169922,53.952354431152344,245.50184631347656,16.5201358795166,122.00689697265625,355.53607177734375,445.8557434082031,79.9872055053711
2022-06-22,132.68643188476562,125.80061340332031,156.58909606933594,54.35234069824219,244.9116973876953,16.31470489501953,123.91256713867188,354.8915100097656,454.5441589355469,76.82198333740234
2022-06-23,135.54896545410156,121.17251586914062,160.0819091796875,55.001190185546875,250.45559692382812,16.18008041381836,127.3124008178711,358.3703918457031,463.94732666015625,74.50489807128906
2022-06-24,138.87225341796875,123.16327667236328,162.42532348632812,56.03224182128906,259.0086975097656,17.07858657836914,129.14642333984375,369.76434326171875,460.0765686035156,75.98259735107422
2022-06-27,138.87225341796875,125.54541015625,162.2738494873047,55.91667556762695,256.2898254394531,16.822298049926758,128.16232299804688,368.35198974609375,469.3775329589844,77.84500122070312
2022-06-28,134.73529052734375,127.5616683959961,157.65829467773438,55.356719970703125,248.1529083251953,15.937752723693848,126.07769775390625,360.8254699707031,471.9581298828125,80.00469207763672
2022-06-29,136.49008178710938,125.04344177246094,157.702880859375,55.75669479370117,251.81019592285156,15.498970985412598,127.22286224365234,360.5315856933594,478.7064208984375,77.04932403564453
2022-06-30,134.0294647216797,123.17179870605469,158.16619873046875,55.91667556762695,248.4915313720703,15.117030143737793,128.64541625976562,357.6025085449219,476.77569580078125,74.88088989257812
2022-07-01,136.19598388671875,124.6435775756836,159.95716857910156,57.223270416259766,251.1522216796875,14.48279094696045,130.72105407714844,361.384765625,480.275146484375,76.55093383789062
2022-07-05,138.77423095703125,121.36817932128906,158.72755432128906,56.24555206298828,254.31605529785156,14.922569274902344,129.4595489501953,362.0672607421875,468.9876403808594,74.1551513671875
2022-07-06,140.10743713378906,119.76879119873047,158.87013244628906,56.36110305786133,257.56695556640625,15.088109970092773,130.66734313964844,363.2900390625,478.31658935546875,72.81739044189453
2022-07-07,143.46998596191406,122.09983825683594,159.04830932617188,55.91667556762695,259.68585205078125,15.814094543457031,130.62261962890625,368.7310485839844,477.4718933105469,75.14319610595703
2022-07-08,144.14639282226562,121.4618148803711,158.85227966308594,56.121116638183594,258.969970703125,15.794151306152344,129.74586486816406,368.4278259277344,481.41693115234375,75.26561737060547
2022-07-11,142.01905822753906,120.38982391357422,158.91470336914062,55.94335174560547,255.92225646972656,15.110051155090332,130.65841674804688,364.2190246582031,479.8573913574219,74.88088989257812
2022-07-12,142.98959350585938,118.18639373779297,156.68711853027344,55.7033576965332,245.43414306640625,15.040244102478027,129.5043182373047,360.99609375,477.50897216796875,73.88411712646484
2022-07-13,142.6269073486328,117.39521026611328,156.32179260253906,55.44560241699219,244.51498413085938,15.122017860412598,130.35426330566406,359.10028076171875,465.27471923828125,74.18138885498047
2022-07-14,145.54823303222656,115.65116119384766,156.5355987548828,55.26784133911133,245.83082580566406,15.329440116882324,129.9695281982422,358.22821044921875,466.3793640136719,72.69495391845703
2022-07-15,147.21475219726562,117.10595703125,158.80772399902344,55.55226516723633,248.3851318359375,15.718361854553223,129.7906036376953,365.07220458984375,491.73907470703125,73.91908264160156
2022-07-18,144.17579650878906,118.74788665771484,155.24363708496094,54.796756744384766,245.99526977539062,16.056421279907227,128.21597290039062,362.05780029296875,482.103759765625,75.28309631347656
2022-07-19,148.02842712402344,123.02719116210938,152.98043823242188,55.57892990112305,251.10386657714844,16.944957733154297,128.86907958984375,371.8403015136719,495.17352294921875,77.18047332763672
2022-07-20,150.02828979492188,124.6520767211914,152.10720825195312,54.663429260253906,253.75489807128906,17.757699966430664,126.641357421875,374.2100524902344,482.1966552734375,78.02862548828125
2022-07-21,152.29286193847656,123.6992416381836,152.641845703125,54.53899002075195,256.2414245605469,18.000028610229492,126.76112365722656,378.0207214355469,484.9721374511719,76.7258071899414
2022-07-22,151.05763244628906,122.66983795166016,153.36355590820312,54.74342346191406,251.90689086914062,17.27104949951172,128.7871856689453,374.513427734375,483.9974060058594,76.13998413085938
2022-07-25,149.9401092529297,126.31956481933594,153.66651916503906,55.2767219543457,250.42660522460938,16.976865768432617,129.66065979003906,374.96844482421875,491.4791259765625,78.67564392089844
2022-07-26,148.6166229248047,125.33273315429688,154.75357055664062,56.18334197998047,243.72157287597656,16.487226486206055,129.9127960205078,370.53216552734375,493.44708251953125,78.36962127685547
2022-07-27,153.70449829101562,126.98314666748047,154.3258514404297,56.00557327270508,260.0148010253906,17.74074935913086,131.14645385742188,380.153564453125,496.250244140625,80.0658950805664
2022-07-28,154.2534942626953,127.94448852539062,155.21690368652344,56.938846588134766,267.4358825683594,17.93421173095703,133.32562255859375,384.9214782714844,502.6365661621094,81.00147247314453
2022-07-29,159.31195068359375,139.33607482910156,155.50201416015625,57.036617279052734,271.625244140625,18.11271095275879,125.0862045288086,390.5333557128906,503.4256896972656,84.75249481201172
2022-08-01,158.3316192626953,136.55410766601562,154.95849609375,57.34770965576172,268.9839172363281,18.38994598388672,128.6791229248047,389.3768310546875,496.965087890625,82.61031341552734
2022-08-02,156.8611297607422,135.3885955810547,154.07638549804688,56.56553268432617,265.8974609375,18.47470474243164,127.82369232177734,386.8079833984375,497.03936767578125,82.25181579589844
2022-08-03,162.86073303222656,132.1727294921875,155.56439208984375,56.81441116333008,273.2991027832031,18.840694427490234,130.4621124267578,392.8651123046875,501.85693359375,79.5849838256836
2022-08-04,162.54698181152344,128.5825653076172,153.0695037841797,56.59220504760742,274.4407958984375,19.16180419921875,130.25494384765625,392.5997009277344,495.4519958496094,76.23617553710938
2022-08-05,162.3212432861328,130.70944213867188,152.46365356445312,56.33443832397461,273.7247619628906,18.93642807006836,130.31796264648438,391.93621826171875,496.6679992675781,77.33786010742188
2022-08-08,161.8500213623047,130.51376342773438,151.65277099609375,55.97001266479492,271.21893310546875,17.743736267089844,130.81326293945312,391.481201171875,498.0975341796875,77.7750473022461
2022-08-09,161.8990936279297,132.2152862548828,151.63497924804688,56.04111862182617,273.1346435546875,17.038694381713867,130.5071258544922,389.9266357421875,498.71014404296875,79.2090072631836
2022-08-10,166.13998413085938,132.5640869140625,152.07156372070312,56.574424743652344,279.7718505859375,18.046897888183594,131.7407989501953,398.1166076660156,499.1370849609375,79.96096801757812
2022-08-11,165.4036865234375,135.7969512939453,148.92623901367188,56.19222640991211,277.70135498046875,17.892330169677734,130.8042755126953,398.1166076660156,494.6258544921875,82.27406311035156
2022-08-12,168.9475555419922,135.9925994873047,147.28677368164062,56.61886978149414,282.4325866699219,18.65719985961914,132.07395935058594,404.8562927246094,504.68817138671875,82.98918914794922
2022-08-15,170.01760864257812,133.40635681152344,147.99066162109375,57.329933166503906,283.94207763671875,18.979312896728516,133.77589416503906,406.524658203125,505.5606994628906,81.50597381591797
2022-08-16,169.86053466796875,133.0660400390625,149.30938720703125,57.80101776123047,283.2066955566406,18.826730728149414,135.00955200195312,407.3208923339844,506.9344787597656,80.74673461914062
2022-08-17,171.35269165039062,134.16348266601562,149.31829833984375,57.66769027709961,282.46002197265625,18.28423500061035,134.38818359375,404.4298095703125,505.8948059082031,81.40001678466797
2022-08-18,170.96002197265625,136.51571655273438,148.59658813476562,57.96990203857422,281.34503173828125,18.721023559570312,134.865478515625,405.60516357421875,506.0990295410156,83.32467651367188
2022-08-19,168.3782196044922,135.3739471435547,150.85977172851562,57.92545700073242,277.44720458984375,17.79958724975586,134.82943725585938,400.1546630859375,508.9766540527344,83.059814453125
2022-08-22,164.5005340576172,134.69577026367188,150.3305206298828,57.06328201293945,269.3027648925781,16.98684310913086,134.46926879882812,391.8224182128906,505.49566650390625,82.99800872802734
2022-08-23,164.166748046875,139.06544494628906,149.02093505859375,57.1254997253418,268.0326232910156,17.133434295654297,131.87583923339844,390.87451171875,497.3549499511719,86.52064514160156
2022-08-24,164.46127319335938,140.09559631347656,148.5275421142578,57.20549774169922,267.4023742675781,17.1743221282959,131.30853271484375,392.1257629394531,497.9676208496094,87.03271484375
2022-08-25,166.91546630859375,141.32322692871094,149.91787719726562,57.48103713989258,270.3692626953125,17.863412857055664,131.20046997070312,397.66168212890625,502.71087646484375,87.48296356201172
2022-08-26,160.6228790283203,140.2844696044922,147.35244750976562,56.09445571899414,259.9365539550781,16.214984893798828,128.12982177734375,384.2011413574219,491.27490234375,86.40587615966797
2022-08-29,158.42396545410156,141.3318328857422,146.21328735351562,55.75669479370117,257.16351318359375,15.75725269317627,127.58953094482422,381.6607666015625,491.7576599121094,88.39231872558594
2022-08-30,155.99917602539062,137.8893280029297,145.70193481445312,55.24116897583008,254.9722137451172,15.425175666809082,126.22981262207031,377.4709167480469,485.3249206542969,85.02859497070312
2022-08-31,154.34011840820312,135.6916046142578,144.72422790527344,54.85007858276367,253.5178985595703,15.05221176147461,124.21276092529297,374.5987548828125,482.0666809082031,84.3929443359375
2022-09-01,155.0665740966797,133.52821350097656,148.3123016357422,55.10784912109375,252.4804229736328,13.89841365814209,125.74356079101562,375.7742004394531,486.4016418457031,82.87442016601562
2022-09-02,152.9559326171875,135.51132202148438,145.98007202148438,54.35234069824219,248.2723846435547,13.609217643737793,123.5103759765625,371.8118591308594,479.300537109375,84.3929443359375
2022-09-06,151.6993865966797,134.8846435546875,146.3747100830078,54.37899398803711,245.5478973388672,13.427721977233887,122.13262176513672,370.4089050292969,480.5350646972656,83.8279037475586
2022-09-07,153.1032257080078,133.1590576171875,147.17306518554688,55.383384704589844,250.24070739746094,13.680096626281738,123.97858428955078,377.0633239746094,484.2481384277344,83.11278533935547
2022-09-08,151.63067626953125,133.88018798828125,148.35711669921875,55.214500427246094,250.65762329101562,13.955412864685059,124.14068603515625,379.52789306640625,489.6596984863281,83.79261016845703
2022-09-09,154.48736572265625,137.33128356933594,148.64419555664062,55.39227294921875,256.4169616699219,14.351432800292969,126.03169250488281,385.4239501953125,488.24444580078125,85.19635009765625
2022-09-12,160.43638610839844,139.50326538085938,148.58135986328125,55.55226516723633,258.54034423828125,14.469141006469727,127.05826568603516,389.56640625,494.67864990234375,86.17632293701172
2022-09-13,151.0220489501953,136.85052490234375,144.71522521972656,53.7479248046875,244.32618713378906,13.098535537719727,124.42884826660156,372.6271057128906,478.5789794921875,84.16339111328125
2022-09-14,152.46511840820312,140.164306640625,147.70230102539062,54.0323600769043,244.54920959472656,13.09554386138916,124.72599029541016,374.0489501953125,474.6773986816406,86.22930145263672
2022-09-15,149.5789794921875,137.8893280029297,148.07907104492188,53.29819869995117,237.917236328125,12.897037506103516,123.76250457763672,369.8022766113281,486.9128112792969,83.72198486328125
2022-09-16,147.93954467773438,134.30943298339844,150.3395233154297,53.30714797973633,237.2967071533203,13.165371894836426,124.51889038085938,366.9811096191406,485.153076171875,82.2917251586914
2022-09-19,151.65029907226562,134.69577026367188,149.15545654296875,53.71003341674805,237.0833740234375,13.348915100097656,124.25775909423828,369.8269958496094,487.5088806152344,82.28289794921875
2022-09-20,154.0260009765625,134.16351318359375,147.98036193847656,53.62946319580078,235.07630920410156,13.143424034118652,123.81649017333984,365.5819396972656,486.8103332519531,81.61193084716797
2022-09-21,150.90426635742188,133.07322692871094,146.46441650390625,53.18180847167969,231.68276977539062,13.228215217590332,122.22264862060547,359.2048034667969,476.8283996582031,80.29644012451172
2022-09-22,149.94219970703125,132.97018432617188,149.06576538085938,53.05645751953125,233.65103149414062,12.529945373535156,122.6549072265625,356.1875305175781,481.83807373046875,79.9609603881836
2022-09-23,147.6745147705078,124.2823715209961,149.5501251220703,52.46555709838867,230.68409729003906,12.48505687713623,122.08760833740234,350.2196960449219,478.2530517578125,75.70556640625
2022-09-26,148.00828552246094,121.0115737915039,148.63516235351562,51.81196594238281,230.22842407226562,12.19776725769043,122.20465850830078,346.7550354003906,473.364501953125,74.14291381835938
2022-09-27,148.98016357421875,121.06307220458984,147.95346069335938,50.477943420410156,229.2200469970703,12.38231086730957,118.84585571289062,345.8699035644531,473.3738098144531,75.6967544555664
2022-09-28,147.0953369140625,125.14945220947266,149.2272186279297,51.015132904052734,233.7383270263672,12.704513549804688,118.84585571289062,352.67535400390625,478.5603942871094,78.45127868652344
2022-09-29,139.87014770507812,124.2823715209961,147.585693359375,50.6480598449707,230.27688598632812,12.189788818359375,115.89225769042969,345.30828857421875,473.8021240234375,78.2923583984375
2022-09-30,135.66851806640625,123.33805084228516,146.5361785888672,50.155635833740234,225.8167724609375,12.108988761901855,113.68606567382812,339.9685974121094,470.27301025390625,77.08283233642578
2022-10-03,139.84068298339844,130.2574005126953,146.39263916015625,50.719688415527344,233.41836547851562,12.48106575012207,115.72116088867188,348.94427490234375,480.0222473144531,81.15283203125
2022-10-04,143.423828125,135.3224639892578,148.56341552734375,50.83607482910156,241.31077575683594,13.13444709777832,117.1529312133789,359.7568359375,487.1549987792969,84.11042785644531
2022-10-05,143.7183074951172,136.09507751464844,148.10597229003906,50.352603912353516,241.6210479736328,13.176344871520996,116.34251403808594,358.91925048828125,490.7865295410156,87.50946044921875
2022-10-06,142.76609802246094,138.57606506347656,145.23550415039062,49.26927185058594,239.2843475341797,13.097538948059082,113.8931884765625,355.2166748046875,483.3930358886719,90.10507202148438
2022-10-07,137.52392578125,137.3827667236328,143.70162963867188,48.803707122802734,227.1160430908203,12.04614543914795,111.90311431884766,345.30828857421875,470.09613037109375,89.19572448730469
2022-10-10,137.84783935546875,134.9017791748047,143.88998413085938,48.69626235961914,222.2777862548828,11.641149520874023,111.4438705444336,342.67169189453125,464.5184326171875,87.26225280761719
2022-10-11,136.4342498779297,134.9275360107422,145.97108459472656,48.776851654052734,218.55458068847656,11.557356834411621,111.86709594726562,340.50164794921875,465.403076171875,86.52064514160156
2022-10-12,135.80593872070312,135.33103942871094,145.93519592285156,49.36775588989258,218.8842315673828,11.471569061279297,112.04719543457031,339.3784484863281,465.5427551269531,86.90028381347656
2022-10-13,140.37083435058594,141.88983154296875,148.14181518554688,50.02132797241211,227.1160430908203,11.930431365966797,113.7401123046875,348.3350830078125,474.8078308105469,89.93733978271484
2022-10-14,135.84524536132812,137.4772491455078,147.52291870117188,49.22450256347656,221.60877990722656,11.199244499206543,112.63249969482422,340.39697265625,477.8061218261719,87.57125854492188
2022-10-17,139.8014373779297,138.48165893554688,149.43350219726562,49.86017608642578,230.30596923828125,11.858607292175293,114.6676025390625,349.14410400390625,485.9537658691406,88.83375549316406
2022-10-18,141.1168975830078,139.69215393066406,148.91326904296875,50.53166580200195,231.24649047851562,11.937416076660156,115.59510803222656,353.2464294433594,486.2610778808594,88.99266052246094
2022-10-19,141.22483825683594,144.2248992919922,147.72921752929688,50.1019172668457,229.28790283203125,12.021207809448242,116.66667175292969,350.7431640625,484.501220703125,91.63243103027344
2022-10-20,140.76344299316406,145.0490264892578,148.10597229003906,49.31404495239258,228.96792602539062,12.16385269165039,115.16397857666016,347.8021240234375,485.0226135253906,91.75603485107422
2022-10-21,144.57240295410156,148.68043518066406,151.33517456054688,50.1019172668457,234.75634765625,12.435182571411133,116.6059341430664,356.254150390625,496.9878845214844,93.45995330810547
2022-10-24,146.71246337890625,148.62893676757812,153.37142944335938,51.54338073730469,239.73031616210938,12.567851066589355,117.3223648071289,360.6134948730469,504.3161315917969,94.11328125
2022-10-25,149.54953002929688,150.1741943359375,153.1292724609375,52.77891540527344,243.03660583496094,13.228215217590332,118.67359161376953,366.3719482421875,503.03118896484375,93.47760772705078
2022-10-26,146.6143035888672,152.02847290039062,154.47474670410156,53.172855377197266,224.28485107421875,12.864118576049805,119.50791931152344,363.61163330078125,505.7782287597656,94.59001922607422
2022-10-27,142.1476593017578,152.723876953125,154.56443786621094,53.29819869995117,219.85382080078125,13.143424034118652,119.59860229492188,361.6699523925781,504.50250244140625,94.95198822021484
2022-10-28,152.8872528076172,154.50946044921875,156.8607940673828,54.399436950683594,228.69647216796875,13.799799919128418,122.62754821777344,370.2743225097656,513.2926025390625,97.7330093383789
2022-10-31,150.53121948242188,155.29930114746094,156.05349731445312,53.584693908691406,225.0702362060547,13.46363353729248,122.12879180908203,367.59979248046875,516.9334106445312,97.83013153076172
2022-11-01,147.89047241210938,156.4324951171875,155.26412963867188,53.39667892456055,221.2306365966797,13.509517669677734,122.31922149658203,365.9911804199219,509.633056640625,98.80128479003906
2022-11-02,142.37344360351562,153.2389373779297,152.87803649902344,52.653564453125,213.40606689453125,13.186320304870605,120.55987548828125,356.80615234375,506.0202331542969,96.77069854736328
2022-11-03,136.33607482910156,155.4967498779297,153.1382293701172,52.62670135498047,207.73397827148438,13.387819290161133,119.7346420288086,353.1322326660156,506.1878662109375,98.08616638183594
2022-11-04,136.07057189941406,157.46267700195312,153.81991577148438,53.05645751953125,214.65684509277344,14.121002197265625,121.92020416259766,358.21484375,501.1222839355469,99.15443420410156
2022-11-07,136.60159301757812,159.34274291992188,155.16543579101562,53.262386322021484,220.93972778320312,14.265645027160645,123.78838348388672,361.6414489746094,507.5008850097656,100.32862854003906
2022-11-08,137.17189025878906,159.11097717285156,155.9368896484375,53.36085510253906,221.90933227539062,14.565900802612305,124.0694808959961,363.5926208496094,514.9779052734375,100.64647674560547
2022-11-09,132.61915588378906,152.74960327148438,154.6900177001953,52.61776351928711,217.6819305419922,13.741942405700684,123.77022552490234,356.1018981933594,503.44085693359375,96.14385986328125
2022-11-10,144.41891479492188,155.6427001953125,156.5019989013672,54.50687026977539,235.59019470214844,15.711060523986816,128.0325469970703,375.67108154296875,506.7093505859375,97.55644226074219
2022-11-11,147.20164489746094,160.0724639892578,151.81959533691406,54.90081024169922,239.5946044921875,16.28663444519043,127.84210205078125,379.3070983886719,486.14007568359375,100.6023178100586
2022-11-14,145.80535888671875,160.14971923828125,154.20562744140625,54.37257766723633,234.2036895751953,16.254714965820312,127.85116577148438,376.0804443359375,478.3835144042969,100.89601135253906
2022-11-15,147.53599548339844,161.43746948242188,154.63623046875,54.283050537109375,234.61093139648438,16.62479591369629,127.40676879882812,379.28802490234375,468.38275146484375,101.57239532470703
2022-11-16,146.3068389892578,158.8105010986328,155.5960235595703,54.18455123901367,235.0387420654297,15.870667457580566,128.54037475585938,376.39453125,476.306884765625,100.48662567138672
2022-11-17,148.20465087890625,159.2603759765625,156.85183715820312,54.35466766357422,234.99012756347656,15.638242721557617,127.75137329101562,375.2428283691406,479.8360900878906,100.62012481689453
2022-11-18,148.76513671875,158.30873107910156,158.0538330078125,54.73965835571289,234.54287719726562,15.370904922485352,129.29312133789062,376.94659423828125,493.5148010253906,99.74795532226562
2022-11-21,145.5398712158203,156.7947540283203,158.86636352539062,55.58125305175781,235.34988403320312,15.279134750366211,130.9345703125,375.575927734375,481.5865783691406,98.76009368896484
2022-11-22,147.67364501953125,160.8175811767578,159.63377380371094,55.82299041748047,238.24740600585938,15.99835205078125,132.05905151367188,380.6300964355469,487.0805969238281,101.61688995361328
2022-11-23,148.54879760742188,159.39012145996094,159.80526733398438,56.07367706298828,240.72682189941406,16.478158950805664,132.811767578125,383.0286560058594,493.2447509765625,101.10960388183594
2022-11-25,145.63821411132812,158.92294311523438,160.01290893554688,56.12739562988281,240.63929748535156,16.22977638244629,133.056640625,382.94293212890625,500.6101989746094,100.75362396240234
2022-11-28,141.8131103515625,154.30319213867188,160.0941619873047,56.136348724365234,235.0679168701172,15.787871360778809,132.94778442382812,376.83233642578125,495.6285705566406,97.72772216796875
2022-11-29,138.8140106201172,156.6131134033203,158.9746856689453,55.93938064575195,233.67752075195312,15.600335121154785,131.9320831298828,376.18511962890625,491.6524353027344,98.37740325927734
2022-11-30,145.55955505371094,158.5855712890625,160.69906616210938,57.35499954223633,248.0775604248047,16.885480880737305,135.26939392089844,388.0351867675781,510.0522155761719,99.08937072753906
2022-12-01,145.83485412597656,157.87615966796875,161.36712646484375,57.51729202270508,247.63998413085938,17.097009658813477,135.3510284423828,387.7496337890625,499.94915771484375,98.60880279541016
2022-12-02,145.3431854248047,156.6131134033203,161.49351501464844,58.02222442626953,247.96087646484375,16.838584899902344,136.5843505859375,387.30230712890625,500.7896423339844,97.77220153808594
2022-12-05,144.1829071044922,152.74598693847656,161.40325927734375,57.228763580322266,243.2742919921875,16.57318115234375,135.20590209960938,380.33502197265625,499.74365234375,95.0934066772461
2022-12-06,140.52499389648438,148.80967712402344,158.9836883544922,57.20170593261719,238.3349151611328,15.951554298400879,135.3782196044922,374.8526306152344,503.74127197265625,92.4501953125
2022-12-07,138.58782958984375,149.2509002685547,159.94972229003906,57.291873931884766,237.6056671142578,16.084259033203125,136.24880981445312,374.2148742675781,507.0943298339844,92.2455062866211
2022-12-08,140.26934814453125,150.13331604003906,159.97683715820312,57.53533172607422,240.55178833007812,17.130937576293945,137.22825622558594,377.14642333984375,511.77398681640625,92.93077087402344
2022-12-09,139.78750610351562,145.34056091308594,158.65870666503906,56.93120574951172,238.62664794921875,16.963308334350586,136.865478515625,374.3290710449219,503.6291198730469,92.14759063720703
2022-12-12,142.07861328125,146.85452270507812,160.5546112060547,57.67959976196289,245.52032470703125,17.496122360229492,138.2711181640625,379.7258605957031,509.8498840332031,94.41700744628906
2022-12-13,143.04226684570312,150.12466430664062,161.79144287109375,57.6976318359375,249.8082733154297,18.03193473815918,138.0625762939453,382.6003112792969,502.7137756347656,95.44939422607422
2022-12-14,140.81996154785156,149.08651733398438,162.28797912597656,57.6976318359375,250.0999755859375,17.63481903076172,138.606689453125,380.1542053222656,502.8446960449219,94.74633026123047
2022-12-15,134.22198486328125,147.97048950195312,160.23863220214844,56.90415954589844,242.1172332763672,16.914413452148438,137.03781127929688,370.8548889160156,492.8692321777344,93.83856201171875
2022-12-16,132.26516723632812,145.9634246826172,158.59548950195312,56.579559326171875,237.9168243408203,16.534263610839844,136.43020629882812,366.4765319824219,489.1516418457031,93.17996215820312
2022-12-19,130.16085815429688,146.9669952392578,158.4239959716797,56.66071319580078,233.79420471191406,16.21796226501465,136.39389038085938,363.3689880371094,489.0582580566406,93.59825134277344
2022-12-20,130.09205627441406,149.38064575195312,158.59548950195312,56.615631103515625,235.10682678222656,16.04933738708496,136.4483184814453,363.8663024902344,485.8919677734375,94.95101165771484
2022-12-21,133.18948364257812,151.13685607910156,160.41014099121094,57.526309967041016,237.6640167236328,16.46441650390625,137.69984436035156,369.30694580078125,492.7384033203125,96.17025756835938
2022-12-22,130.02320861816406,148.8702392578125,159.8233642578125,57.11153793334961,231.5967559814453,15.304993629455566,138.01722717285156,364.0382995605469,492.3180847167969,94.23013305664062
2022-12-23,129.65940856933594,153.47265625,160.2295684814453,57.544342041015625,232.1217803955078,15.172287940979004,138.40716552734375,366.13238525390625,496.25970458984375,96.72205352783203
2022-12-27,127.85991668701172,155.4019317626953,160.18441772460938,57.895992279052734,230.40077209472656,14.089693069458008,139.61334228515625,364.6885070800781,496.8948059082031,98.0658950805664
2022-12-28,123.93653869628906,153.10934448242188,159.48928833007812,57.318931579589844,228.0380401611328,14.004881858825684,137.80865478515625,360.15625,493.5883483886719,96.4550552368164
2022-12-29,127.44695281982422,154.2686309814453,160.30181884765625,57.66156768798828,234.33865356445312,14.570625305175781,138.37997436523438,366.63922119140625,494.9239807128906,97.18482971191406
2022-12-30,127.7616195678711,155.28077697753906,159.4802703857422,57.35499954223633,233.18161010742188,14.5816011428833,137.44589233398438,365.67340087890625,495.20428466796875,98.163818359375
2023-01-03,122.98271179199219,150.5226287841797,160.87059020996094,56.75989532470703,232.9482421875,14.283262252807617,137.4549560546875,364.13397216796875,484.4255065917969,94.79080963134766
2023-01-04,124.25119018554688,148.92213439941406,162.6220245361328,56.73284149169922,222.7583770751953,14.716301918029785,138.05352783203125,366.94512939453125,471.2183532714844,95.06668853759766
2023-01-05,122.93354034423828,151.6040496826172,161.42129516601562,56.08365249633789,216.1562957763672,14.23337459564209,136.3394775390625,362.7570495605469,457.63751220703125,97.19373321533203
2023-01-06,127.45675659179688,152.74598693847656,162.7303466796875,57.16564178466797,218.70376586914062,14.826057434082031,139.5861053466797,371.0758972167969,457.67486572265625,98.36848449707031
2023-01-09,127.97796630859375,151.5521240234375,158.51426696777344,56.45332717895508,220.83314514160156,15.593350410461426,137.88119506835938,370.86541748046875,457.7309265136719,96.53515625
2023-01-10,128.54824829101562,152.29611206054688,158.13511657714844,56.0205192565918,222.51528930664062,15.873729705810547,137.74514770507812,373.4663391113281,453.9388732910156,97.97691345214844
2023-01-11,131.26222229003906,151.5694122314453,157.8822784423828,55.912322998046875,229.24375915527344,15.965524673461914,136.6297149658203,378.18988037109375,460.8505554199219,99.11608123779297
2023-01-12,131.1835479736328,153.19583129882812,157.0878143310547,55.19098663330078,231.90789794921875,16.47439193725586,135.85885620117188,379.56671142578125,462.9708251953125,100.76252746582031
2023-01-13,132.51097106933594,153.6111297607422,156.57322692871094,55.38935852050781,232.60794067382812,16.861536026000977,136.8292236328125,381.0392761230469,457.2732238769531,100.70023345947266
2023-01-17,133.67132568359375,156.1459503173828,155.60723876953125,55.61478042602539,233.6969451904297,17.66275978088379,136.43020629882812,380.3412170410156,453.0794677734375,100.50443267822266
2023-01-18,132.9534912109375,153.3256072998047,153.25994873046875,53.92866134643555,229.28262329101562,17.338476181030273,132.77549743652344,374.33648681640625,444.8226318359375,98.43968963623047
2023-01-19,133.0124969482422,154.8568878173828,153.0523223876953,53.847511291503906,225.510009765625,16.72783088684082,129.96751403808594,371.6113586425781,452.40692138671875,99.07157135009766
2023-01-20,135.569091796875,156.50059509277344,152.33909606933594,54.17211151123047,233.57054138183594,17.799449920654297,130.46946716308594,378.5340270996094,454.61126708984375,100.87821960449219
2023-01-23,138.75502014160156,156.2930145263672,151.95086669921875,54.30736541748047,235.86521911621094,19.150449752807617,128.71731567382812,383.075927734375,453.7613220214844,100.3531265258789
2023-01-24,140.15130615234375,156.4400634765625,151.95086669921875,54.595890045166016,235.34017944335938,19.222286224365234,129.41998291015625,382.664794921875,459.1693420410156,101.28759002685547
2023-01-25,139.49252319335938,154.92611694335938,153.0342559814453,54.93852615356445,233.94973754882812,19.28015899658203,129.32872009277344,382.80828857421875,460.0099792480469,100.75362396240234
2023-01-26,141.5574951171875,162.46133422851562,152.47451782226562,54.830326080322266,241.1351776123047,19.75809669494629,128.80856323242188,387.0155029296875,459.99127197265625,104.80298614501953
2023-01-27,143.49456787109375,155.24618530273438,151.87863159179688,54.54179382324219,241.29075622558594,20.319849014282227,128.279296875,387.90460205078125,453.9854431152344,102.8895492553711
2023-01-30,140.61351013183594,150.70428466796875,146.2541961669922,54.677040100097656,235.99163818359375,19.119516372680664,128.68080139160156,383.0377197265625,453.74267578125,101.06511688232422
2023-01-31,141.8819580078125,150.548583984375,147.5361785888672,55.29017639160156,240.950439453125,19.493688583374023,129.9310302734375,388.66961669921875,466.2586364746094,103.24554443359375
2023-02-01,143.00291442871094,148.24737548828125,148.89039611816406,55.299198150634766,245.75367736816406,20.89656639099121,130.67019653320312,392.80035400390625,464.21307373046875,102.11528015136719
2023-02-02,148.302978515625,146.21432495117188,149.45010375976562,54.35244369506836,257.2757263183594,21.660865783691406,129.7393798828125,398.51837158203125,439.76953125,98.92027282714844
2023-02-03,151.9215850830078,146.594970703125,148.61050415039062,53.94669723510742,251.19869995117188,21.0532169342041,130.1409149169922,394.2824401855469,440.8809814453125,99.60555267333984
2023-02-06,149.19781494140625,146.7593231201172,147.4820098876953,54.253257751464844,249.6623992919922,21.042247772216797,129.03668212890625,391.87286376953125,443.8885803222656,99.43647003173828
2023-02-07,152.06903076171875,150.60914611816406,147.51812744140625,54.16309356689453,260.1537780761719,22.123842239379883,127.77735900878906,396.998046875,445.42041015625,102.27547454833984
2023-02-08,149.38461303710938,147.07078552246094,147.7077178955078,53.847511291503906,259.34674072265625,22.15576934814453,126.45414733886719,392.6569519042969,451.3420715332031,101.38550567626953
2023-02-09,148.3521270751953,145.72120666503906,145.71249389648438,53.75733947753906,256.32275390625,22.287479400634766,125.06707763671875,389.2528991699219,453.68658447265625,101.7681884765625
2023-02-10,148.71652221679688,148.7750701904297,146.38961791992188,53.75733947753906,255.8172607421875,21.217851638793945,126.1712417602539,390.16131591796875,461.64453125,106.05785369873047
2023-02-13,151.51341247558594,147.9445343017578,146.9312744140625,54.64097595214844,263.8096618652344,21.739694595336914,127.8230209350586,394.7413330078125,462.6719970703125,105.64530181884766
2023-02-14,150.87327575683594,149.077880859375,146.29031372070312,53.73029327392578,264.6361083984375,22.920074462890625,127.10206604003906,394.5597229003906,460.318115234375,104.4076919555664
2023-02-15,152.9709014892578,147.50689697265625,143.8798065185547,53.73029327392578,262.5209045410156,22.713529586791992,126.81002807617188,395.84100341796875,458.8424072265625,104.09381103515625
2023-02-16,151.3755340576172,145.37730407714844,142.8596954345703,53.39667510986328,255.5319366455078,21.953222274780273,125.1491928100586,390.3907775878906,455.1997375488281,103.78890228271484
2023-02-17,150.233154296875,142.13058471679688,145.8421173095703,54.208168029785156,251.54513549804688,21.3405818939209,127.76823425292969,389.41546630859375,466.1558837890625,99.79803466796875
2023-02-21,146.2249755859375,140.5159912109375,143.66893005371094,53.919647216796875,246.291259765625,20.609209060668945,127.67698669433594,381.6034240722656,458.8984375,99.69939422607422
2023-02-22,146.6484375,139.94869995117188,143.4688720703125,54.08194351196289,245.16053771972656,20.70798683166504,128.2154083251953,381.07757568359375,456.63812255859375,98.4079818725586
2023-02-23,147.13096618652344,141.32766723632812,143.4234619140625,54.18111801147461,248.33827209472656,23.611536026000977,127.80474853515625,383.1046447753906,459.25335693359375,99.31375885009766
2023-02-24,144.4818572998047,141.74658203125,141.8230438232422,53.95571517944336,242.92835998535156,23.2343692779541,127.08383178710938,379.01214599609375,452.3789367675781,99.32273864746094
2023-02-27,145.67344665527344,142.10443115234375,141.51390075683594,53.93767547607422,243.84461975097656,23.448894500732422,126.97429656982422,380.30303955078125,451.4355773925781,99.14336395263672
2023-02-28,145.1711883544922,140.31527709960938,139.3588409423828,53.658164978027344,243.12332153320312,23.16452980041504,125.5324478149414,378.8974914550781,444.5423889160156,98.56941223144531
2023-03-01,143.10308837890625,141.43240356445312,138.73146057128906,53.072078704833984,240.0528106689453,22.64767837524414,125.62371826171875,377.4440002441406,443.86993408203125,99.44829559326172
2023-03-02,143.6939697265625,141.87750244140625,138.622314453125,53.847511291503906,244.77066040039062,23.262310028076172,127.69522094726562,380.3795166015625,446.1863708496094,99.90567016601562
2023-03-03,148.7362060546875,143.97218322753906,140.04991149902344,53.59503936767578,248.8451385498047,23.837034225463867,128.62606811523438,386.47998046875,446.989501953125,101.17018127441406
2023-03-06,151.4937286376953,145.0282440185547,141.45022583007812,54.42457580566406,250.38522338867188,23.501781463623047,128.07852172851562,386.7476806640625,449.0631103515625,102.06700134277344
2023-03-07,149.29757690429688,143.16046142578125,140.11358642578125,54.108985900878906,247.73391723632812,23.24031639099121,125.5324478149414,380.81939697265625,442.61834716796875,100.09400939941406
2023-03-08,150.54827880859375,142.2528076171875,139.08609008789062,54.13603973388672,247.29525756835938,24.131484985351562,125.55072784423828,381.44085693359375,439.5546569824219,98.63217163085938
2023-03-09,148.3029022216797,140.0883331298828,137.52207946777344,53.61307907104492,245.9501190185547,23.388010025024414,124.62902069091797,374.4034118652344,434.2401123046875,97.86988067626953
2023-03-10,146.24464416503906,139.355224609375,137.8585205078125,53.387664794921875,242.31423950195312,22.917978286743164,125.19481658935547,369.00091552734375,431.49359130859375,96.65918731689453
2023-03-13,148.18470764160156,138.51736450195312,139.177001953125,53.92866134643555,247.50970458984375,22.918973922729492,126.06172943115234,368.47503662109375,434.63372802734375,95.54712677001953
2023-03-14,150.2725372314453,140.30653381347656,139.95899963378906,54.12702941894531,254.2062530517578,24.01372718811035,127.62224578857422,374.5658874511719,435.47735595703125,95.90584564208984
2023-03-15,150.6664581298828,134.23204040527344,140.35000610351562,54.48769760131836,258.7388916015625,24.17839241027832,129.4291229248047,372.22332763671875,436.27410888671875,91.13478088378906
2023-03-16,153.48301696777344,134.65968322753906,140.05902099609375,54.78752899169922,269.227294921875,25.488698959350586,130.39645385742188,378.7539978027344,442.4513244628906,90.60565185546875
2023-03-17,152.6459197998047,132.9578094482422,138.55868530273438,54.53312683105469,272.3757019042969,25.67232322692871,130.4329376220703,374.3254089355469,440.0892333984375,89.53843688964844
2023-03-20,155.00946044921875,134.91281127929688,139.93170166015625,55.06010437011719,265.35748291015625,25.846965789794922,132.44056701660156,377.9247741699219,447.0819396972656,91.8791275024414
2023-03-21,156.86090087890625,139.041015625,139.93170166015625,54.80569839477539,266.86834716796875,26.145357131958008,131.4823760986328,382.8870544433594,450.02520751953125,95.99553680419922
2023-03-22,155.43295288085938,136.21322631835938,137.34930419921875,54.56038284301758,265.4159240722656,26.413803100585938,131.40023803710938,376.3602294921875,445.7320251464844,93.79833221435547
2023-03-23,156.51622009277344,134.86045837402344,137.4220428466797,54.442264556884766,270.6503601074219,27.13532257080078,131.21774291992188,377.37762451171875,440.47344970703125,92.74008178710938
2023-03-24,157.81617736816406,136.20452880859375,138.80418395996094,55.332679748535156,273.4869689941406,26.724166870117188,133.8915557861328,379.8540344238281,446.172607421875,92.84770202636719
2023-03-27,155.87608337402344,137.5922088623047,139.39524841308594,55.74153518676758,269.4027099609375,26.4766788482666,133.18887329101562,380.5642395019531,451.7124328613281,94.88346099853516
2023-03-28,155.25567626953125,139.1981201171875,138.04946899414062,55.805137634277344,268.28173828125,26.35592269897461,133.56301879882812,379.71002197265625,442.97625732421875,96.0672836303711
2023-03-29,158.32827758789062,140.393798828125,139.40431213378906,56.20491409301758,273.428466796875,26.92874526977539,133.97369384765625,385.22906494140625,437.3614807128906,97.71742248535156
2023-03-30,159.89413452148438,141.72914123535156,139.513427734375,56.19583511352539,276.8789978027344,27.326929092407227,134.55770874023438,387.48468017578125,440.6141052246094,98.19274139404297
2023-03-31,162.3955535888672,142.4011993408203,140.94105529785156,56.359371185302734,281.0217590332031,27.720125198364258,135.68931579589844,392.94610595703125,442.985595703125,98.34519958496094
2023-04-03,163.6462860107422,148.32730102539062,142.62322998046875,56.6955451965332,279.9787902832031,27.90774154663086,136.43760681152344,394.44342041015625,463.2325439453125,104.1476058959961
2023-04-04,163.11448669433594,147.53306579589844,144.11448669433594,56.52291488647461,279.9300537109375,27.396787643432617,137.0946807861328,392.2550354003906,462.3514709472656,103.15215301513672
2023-04-05,161.27288818359375,148.2661895751953,150.58868408203125,57.058982849121094,277.1617431640625,26.82596206665039,138.0346221923828,391.2280578613281,477.3304138183594,104.91887664794922
2023-04-06,162.15919494628906,146.31991577148438,150.17041015625,57.095314025878906,284.2384948730469,26.981639862060547,138.91064453125,392.75408935546875,480.6861267089844,103.1790542602539
2023-04-10,159.56915283203125,146.8784942626953,149.4156951904297,56.95903396606445,282.0842590332031,27.522533416748047,137.76084899902344,393.1571960449219,482.9076232910156,102.72167205810547
2023-04-11,158.3578643798828,147.69017028808594,149.37025451660156,56.859092712402344,275.6897888183594,27.113365173339844,137.48703002929688,393.2628173828125,488.3349304199219,103.4480972290039
2023-04-12,157.66848754882812,148.2138214111328,149.05197143554688,56.95903396606445,276.33319091796875,26.44074821472168,137.8612060546875,391.6598815917969,488.5411682128906,103.3404769897461
2023-04-13,163.04554748535156,150.19500732421875,151.04331970214844,57.37698745727539,282.5228576660156,26.4088134765625,138.5,396.86224365234375,493.26544189453125,103.82476043701172
2023-04-14,162.70086669921875,150.50050354003906,150.79782104492188,57.28612518310547,278.91632080078125,26.70320701599121,137.79733276367188,395.8927917480469,479.7300109863281,104.07587432861328
2023-04-17,162.7205352783203,149.17388916015625,150.64321899414062,57.65864944458008,281.5091552734375,26.94670867919922,137.84298706054688,397.3133544921875,473.6934814453125,102.86515808105469
2023-04-18,163.9417266845703,148.8247528076172,146.4058837890625,57.74950408935547,281.0899658203125,27.610349655151367,137.98898315429688,397.572509765625,472.8779602050781,104.87403106689453
2023-04-19,165.0841064453125,148.9644317626953,147.7880401611328,57.85853576660156,281.1679992675781,27.873809814453125,138.016357421875,397.50531005859375,455.7430419921875,104.54222106933594
2023-04-20,164.11900329589844,148.24002075195312,148.74278259277344,58.11293411254883,278.8871154785156,27.048503875732422,138.52232360839844,395.3360900878906,456.9241027832031,103.70818328857422
2023-04-21,162.5137481689453,147.60289001464844,147.9335479736328,58.194705963134766,278.5458984375,27.063472747802734,143.31573486328125,395.6432800292969,453.5121154785156,104.0400161743164
2023-04-24,162.81906127929688,149.66261291503906,148.83372497558594,58.10385513305664,274.6565856933594,26.986631393432617,143.57286071777344,396.0559387207031,458.3113708496094,106.00402069091797
2023-04-25,161.28273010253906,147.48944091796875,150.1976776123047,58.012996673583984,268.4669189453125,26.187267303466797,143.6095733642578,389.76904296875,461.1047668457031,104.49736785888672
2023-04-26,161.27288818359375,144.8623809814453,147.86985778808594,57.740421295166016,287.9132995605469,26.90080451965332,141.9474639892578,388.1181335449219,452.6966552734375,103.53778076171875
2023-04-27,165.8522491455078,145.70896911621094,148.21542358398438,57.85853576660156,297.134521484375,27.170257568359375,143.6830596923828,395.8448486328125,459.74560546875,104.77539825439453
2023-04-28,167.10296630859375,147.13157653808594,148.85189819335938,58.28557205200195,299.5031433105469,27.69218635559082,143.6004180908203,399.2235107421875,461.26409912109375,106.12959289550781
2023-05-01,167.0143280029297,145.9620819091797,148.76100158691406,58.42186737060547,297.84600830078125,28.85080909729004,143.77487182617188,398.8203125,464.6479797363281,102.83827209472656
2023-05-02,165.98028564453125,139.67813110351562,150.061279296875,58.15836715698242,297.6998291015625,28.152233123779297,143.6462860107422,394.3378601074219,462.482666015625,98.73979949951172
2023-05-03,164.90679931640625,136.8765411376953,148.09719848632812,57.83128356933594,296.7153625488281,27.745071411132812,143.46261596679688,391.63116455078125,458.7801208496094,96.793701171875
2023-05-04,163.27200317382812,136.3441619873047,147.42434692382812,57.89488220214844,297.6998291015625,27.505563735961914,142.80149841308594,388.8572082519531,456.75537109375,95.09871673583984
2023-05-05,170.9339141845703,139.8265380859375,147.92440795898438,58.16744613647461,302.8075256347656,28.621274948120117,143.2790069580078,396.0559387207031,463.3169250488281,97.46632385253906
2023-05-08,170.86495971679688,139.27667236328125,147.58798217773438,58.076595306396484,300.8580322265625,29.091312408447266,142.608642578125,396.1614990234375,461.7608642578125,97.8519515991211
2023-05-09,169.16123962402344,138.87518310546875,146.4423065185547,57.59504699707031,299.2496643066406,28.51249885559082,141.1485595703125,394.4242248535156,459.66119384765625,97.87885284423828
2023-05-10,170.924072265625,137.1034393310547,146.98785400390625,57.694984436035156,304.42559814453125,28.825851440429688,141.4424285888672,396.2671813964844,459.3706359863281,96.62330627441406
2023-05-11,171.1111602783203,136.3441619873047,146.38771057128906,58.02207946777344,302.2811279296875,28.519481658935547,141.7730255126953,395.5760192871094,458.1426696777344,94.87452697753906
2023-05-12,170.18417358398438,136.69326782226562,146.19674682617188,58.249229431152344,301.1698913574219,28.281970977783203,143.2147216796875,395.0577392578125,460.4579162597656,94.86553955078125
2023-05-15,169.69107055664062,137.199462890625,145.07833862304688,58.09476852416992,301.6475830078125,28.893712997436523,143.26063537597656,396.42071533203125,456.3616943359375,95.04644775390625
2023-05-16,169.69107055664062,133.9789276123047,144.8873748779297,57.44059371948242,303.87005615234375,29.15318489074707,143.0126953125,393.77154541015625,449.6689758300781,92.73971557617188
2023-05-17,170.302490234375,135.89903259277344,144.5691375732422,57.37698745727539,306.7420654296875,30.1162109375,142.4066619873047,398.5515441894531,454.4400939941406,94.8203125
2023-05-18,172.62986755371094,135.73155212402344,144.1053924560547,57.058982849121094,311.1575927734375,31.613134384155273,140.0650177001953,402.3908996582031,449.209716796875,95.67967987060547
2023-05-19,172.73837280273438,136.80679321289062,144.49639892578125,57.08624267578125,310.9817199707031,31.199983596801758,140.65272521972656,401.8053283691406,448.8253173828125,96.12293243408203
2023-05-22,171.79159545898438,134.34791564941406,143.7176513671875,55.886905670166016,313.756103515625,31.112165451049805,136.970458984375,401.9685363769531,450.5126037597656,94.95600128173828
2023-05-23,169.1881103515625,138.23452758789062,143.66265869140625,55.78696823120117,307.97296142578125,30.625160217285156,135.4919891357422,397.45733642578125,449.4064636230469,96.24958038330078
2023-05-24,169.46424865722656,138.60467529296875,143.5252685546875,55.31450271606445,306.5955505371094,30.4754695892334,134.3717041015625,394.5777893066406,450.70941162109375,97.32606506347656
2023-05-25,170.59835815429688,136.21632385253906,141.46389770507812,54.88746643066406,318.3865661621094,37.90222930908203,133.50852966308594,397.99481201171875,447.7754821777344,95.58016967773438
2023-05-26,173.0045928955078,135.7932891845703,141.40896606445312,54.75118637084961,325.1953430175781,38.86625671386719,133.5177001953125,403.14910888671875,451.356201171875,94.95600128173828
2023-05-30,174.8487548828125,134.94723510742188,141.42724609375,54.3150634765625,323.55426025390625,40.02886962890625,131.47909545898438,403.302734375,449.7908020019531,94.11471557617188
2023-05-31,174.7994384765625,132.7439422607422,142.05941772460938,54.20603561401367,320.79949951171875,37.756534576416016,130.85467529296875,401.0663146972656,456.7178649902344,92.43215942382812
2023-06-01,177.6001739501953,134.10116577148438,141.58302307128906,54.51495361328125,324.8925476074219,39.688568115234375,132.1953887939453,404.8768615722656,462.7076110839844,93.49958801269531
2023-06-02,178.4482879638672,137.71456909179688,143.80926513671875,55.568904876708984,327.64739990234375,39.2464714050293,134.54617309570312,410.7319030761719,468.2848815917969,95.6706314086914
2023-06-05,177.0972137451172,137.05355834960938,145.0460968017578,55.19639205932617,328.17498779296875,39.09079360961914,134.01358032226562,409.9447326660156,466.98199462890625,95.24546813964844
2023-06-06,176.7323760986328,137.3003387451172,144.91781616210938,54.79661560058594,325.9671936035156,38.57486343383789,132.6820526123047,410.83740234375,457.0272521972656,96.02342987060547
2023-06-07,175.36158752441406,140.86083984375,145.2292938232422,54.71483612060547,315.9053039550781,37.402130126953125,132.9667510986328,409.41680908203125,451.92803955078125,98.17637634277344
2023-06-08,178.07354736328125,140.34088134765625,146.8234100341797,54.85111999511719,317.7418212890625,38.435123443603516,134.4727020263672,411.8932800292969,459.5205993652344,97.86881256103516
2023-06-09,178.4581756591797,140.00599670410156,146.59432983398438,54.94198989868164,319.2364501953125,38.694618225097656,134.5828857421875,412.63232421875,462.69818115234375,97.1451416015625
2023-06-12,181.24905395507812,138.65756225585938,146.4936065673828,54.70574951171875,324.1794738769531,39.40523910522461,133.52688598632812,416.37567138671875,461.73272705078125,96.26766967773438
2023-06-13,180.7756805419922,139.697509765625,147.26316833496094,54.9238166809082,326.5631103515625,40.94224166870117,133.20545959472656,419.1207275390625,460.5329284667969,96.28575897216797
2023-06-14,181.40684509277344,138.446044921875,148.01441955566406,55.29633712768555,329.5426025390625,42.91340255737305,134.45436096191406,419.619873046875,431.05303955078125,95.12787628173828
2023-06-15,183.43832397460938,139.4947967529297,150.00247192382812,56.05620574951172,340.05389404296875,42.570072174072266,136.31845092773438,424.8221740722656,438.4980163574219,95.78821563720703
2023-06-16,182.3634033203125,138.59585571289062,150.4605712890625,56.459022521972656,334.4172058105469,42.60898971557617,137.3193817138672,423.3751220703125,431.5331115722656,95.10073852539062
2023-06-20,182.45216369628906,135.44073486328125,150.3689727783203,56.08366775512695,330.2361145019531,43.72282028198242,136.0522003173828,421.1785888671875,441.792236328125,92.92063903808594
2023-06-21,181.4167022705078,136.4983367919922,150.1399383544922,56.239295959472656,325.8498840332031,42.9613037109375,137.22755432128906,419.0205993652344,448.7194519042969,93.9609375
2023-06-22,184.41464233398438,134.5242156982422,151.73402404785156,56.62380599975586,331.8577880859375,42.941349029541016,137.69586181640625,420.53314208984375,450.88427734375,93.44530487060547
2023-06-23,184.0990753173828,133.38729858398438,151.60577392578125,56.02873611450195,327.2762145996094,42.126930236816406,136.32762145996094,417.3538818359375,448.9548034667969,92.63117218017578
2023-06-26,182.70855712890625,135.73155212402344,149.91087341308594,56.04704284667969,321.0046081542969,40.55299758911133,136.4653778076172,415.64874267578125,450.8937072753906,94.34088134765625
2023-06-27,185.45997619628906,135.3085479736328,149.59938049316406,55.928035736083984,326.8365783691406,41.79457473754883,137.76014709472656,420.2055358886719,454.1878662109375,94.57606506347656
2023-06-28,186.63357543945312,136.53359985351562,149.29705810546875,55.40618896484375,328.08697509765625,41.037052154541016,137.73260498046875,420.41754150390625,446.5547180175781,95.34498596191406
2023-06-29,186.96884155273438,137.69692993164062,150.34146118164062,54.948448181152344,327.3055114746094,40.74263381958008,137.1724395751953,422.07452392578125,448.427734375,96.52096557617188
2023-06-30,191.28829956054688,138.67520141601562,151.64242553710938,55.13154220581055,332.6686096191406,42.219749450683594,139.339599609375,427.0552978515625,452.38079833984375,97.01848602294922
2023-07-03,189.79917907714844,138.5518035888672,149.6543426513672,55.461124420166016,330.17755126953125,42.33052444458008,140.0374755859375,427.5467224121094,449.78302001953125,97.20845031738281
2023-07-05,188.68478393554688,137.75860595703125,149.15960693359375,55.87310028076172,330.3338317871094,42.2347297668457,139.79873657226562,426.9108581542969,443.51458740234375,96.71092987060547
2023-07-06,189.15817260742188,134.7356719970703,148.05108642578125,55.442813873291016,333.3817443847656,42.021141052246094,139.56915283203125,423.56781005859375,441.76397705078125,93.10157012939453
2023-07-07,188.04376220703125,135.91665649414062,145.89810180664062,54.71040725708008,329.42535400390625,42.42035675048828,136.63983154296875,422.4984436035156,434.44140625,93.31866455078125
2023-07-10,186.0023956298828,136.82443237304688,146.13632202148438,54.298439025878906,324.1598815917969,42.09798812866211,136.6949462890625,423.56781005859375,435.824951171875,94.70270538330078
2023-07-11,185.47972106933594,139.35382080078125,145.330078125,54.49068832397461,324.78509521484375,42.32254409790039,135.97866821289062,426.2653503417969,435.67437744140625,95.860595703125
2023-07-12,187.14637756347656,140.69342041015625,144.82620239257812,54.78364944458008,329.4058532714844,43.8166389465332,136.68576049804688,429.6950378417969,425.1423645019531,96.33099365234375
2023-07-13,187.9057159423828,138.8162078857422,145.4949951171875,55.25056076049805,334.73956298828125,45.887611389160156,136.77760314941406,433.10540771484375,421.4245910644531,94.5670166015625
2023-07-14,188.05364990234375,135.35260009765625,146.46609497070312,55.754085540771484,337.2599792480469,45.38059997558594,137.78768920898438,432.8357849121094,451.9383850097656,91.31045532226562
2023-07-17,191.30801391601562,135.229248046875,145.7332000732422,55.671695709228516,337.7386474609375,46.37066650390625,136.8143310546875,434.3386535644531,455.6185302734375,91.70849609375
2023-07-18,191.05157470703125,135.50244140625,145.7239990234375,55.45197296142578,351.1805725097656,47.40165328979492,137.07144165039062,437.56597900390625,470.60247802734375,91.29237365722656
2023-07-19,192.4026641845703,136.33087158203125,145.4308624267578,56.431556701660156,346.87249755859375,46.9854621887207,138.00807189941406,438.5390319824219,474.0849609375,91.92557525634766
2023-07-20,190.45993041992188,137.83792114257812,154.2626190185547,57.11818313598633,338.8522644042969,45.431488037109375,139.12713623046875,435.62957763671875,474.59320068359375,93.5448226928711
2023-07-21,189.286376953125,139.85617065429688,155.92088317871094,57.16395568847656,335.82391357421875,44.22285079956055,141.31716918945312,435.62957763671875,476.7485656738281,93.97904205322266
2023-07-24,190.08514404296875,142.61468505859375,156.73626708984375,57.18226623535156,337.1329040527344,44.5252571105957,141.76995849609375,437.57568359375,478.772216796875,95.45352172851562
2023-07-25,190.94314575195312,143.26686096191406,157.93643188476562,56.990013122558594,342.8672790527344,45.59019088745117,142.10263061523438,438.77032470703125,480.88983154296875,95.59827423095703
2023-07-26,191.8109588623047,142.19163513183594,158.23873901367188,57.722412109375,329.962646484375,45.36362075805664,142.25047302246094,438.837646484375,478.1321716308594,95.0645523071289
2023-07-27,190.5486602783203,140.71102905273438,159.12742614746094,57.16395568847656,323.0756530761719,45.81075668334961,140.55941772460938,435.9282531738281,475.5249938964844,95.3630599975586
2023-07-28,193.12255859375,140.01478576660156,159.8511962890625,57.20057678222656,330.5487365722656,46.65910720825195,144.53289794921875,440.1961364746094,473.3414306640625,94.22328186035156
2023-07-31,193.73402404785156,144.23631286621094,153.48388671875,56.69704818725586,328.1554260253906,46.63813018798828,144.43124389648438,441.03424072265625,476.59796142578125,97.00945281982422
2023-08-01,192.90562438964844,143.03768920898438,154.72987365722656,56.55057907104492,328.565673828125,46.41657638549805,144.38502502441406,439.772216796875,475.0638427734375,96.44860076904297
2023-08-02,189.91751098632812,140.77268981933594,155.66432189941406,56.72451400756836,319.9300537109375,44.18293380737305,144.69921875,433.6546630859375,475.1202087402344,95.24546813964844
2023-08-03,188.5269775390625,140.7198486328125,156.33314514160156,56.431556701660156,319.10943603515625,44.42844772338867,145.07809448242188,432.4118347167969,475.17669677734375,96.90088653564453
2023-08-04,179.4739227294922,140.40255737304688,154.86727905273438,55.580135345458984,320.2034912109375,44.5931282043457,143.48870849609375,430.45611572265625,473.1720275878906,97.17227172851562
2023-08-07,176.3773193359375,140.91372680664062,158.58689880371094,56.01957321166992,322.4797058105469,45.328704833984375,145.00416564941406,434.21337890625,480.7110595703125,96.97325897216797
2023-08-08,177.314208984375,140.7022247314453,158.66018676757812,55.77238845825195,318.5135192871094,44.57716369628906,145.1612548828125,432.3251037597656,476.11798095703125,97.45269012451172
2023-08-09,175.72645568847656,140.88731384277344,158.5594024658203,55.90056610107422,314.7818603515625,42.47126388549805,144.97642517089844,429.4349365234375,472.5885009765625,99.10810852050781
2023-08-10,175.50950622558594,141.74217224121094,157.73484802246094,55.77238845825195,315.4656982421875,42.30559158325195,144.25567626953125,429.58905029296875,473.8778991699219,99.61470031738281
2023-08-11,175.56874084472656,144.6681671142578,159.2740020751953,56.00126647949219,313.59002685546875,40.77556228637695,145.09657287597656,429.338623046875,478.1415710449219,101.16156005859375
2023-08-14,177.21788024902344,144.5623779296875,158.8983612060547,55.735774993896484,316.5500183105469,43.66792678833008,143.95999145507812,431.7085266113281,480.88983154296875,101.24295806884766
2023-08-15,175.23300170898438,140.34088134765625,158.44029235839844,55.36042022705078,314.4203186035156,43.85457229614258,143.03590393066406,426.6796569824219,476.899169921875,98.64373016357422
2023-08-16,174.36399841308594,139.80328369140625,157.93643188476562,55.36957550048828,313.6568298339844,43.40144729614258,141.57589721679688,423.548583984375,473.9531555175781,96.98385620117188
2023-08-17,171.8260955810547,142.14341735839844,159.4205780029297,55.488590240478516,310.21087646484375,43.25971984863281,140.55941772460938,420.3211975097656,464.9176025390625,98.86260986328125
2023-08-18,172.30996704101562,143.16668701171875,158.02801513671875,55.79985809326172,309.8193359375,43.21480941772461,140.95675659179688,420.52349853515625,469.13427734375,100.35830688476562
2023-08-21,173.6431121826172,142.68617248535156,153.31898498535156,55.32379913330078,315.10565185546875,46.87568283081055,140.2452392578125,423.259521484375,468.4188537597656,99.14533996582031
2023-08-22,175.0157470703125,141.5116424560547,152.1005096435547,54.98506164550781,315.6734619140625,45.57920455932617,140.3007049560547,422.113037109375,463.3928527832031,98.58900451660156
2023-08-23,178.8571319580078,141.6985321044922,150.7354278564453,55.17731475830078,320.1179504394531,47.02439880371094,141.61285400390625,426.8144836425781,460.6634216308594,97.72257995605469
2023-08-24,174.17636108398438,140.5329132080078,151.24847412109375,55.03083419799805,313.23590087890625,47.0713005065918,140.95675659179688,420.8992614746094,459.4021911621094,96.99296569824219
2023-08-25,176.3784942626953,141.58287048339844,153.4170684814453,55.28718185424805,316.18255615234375,45.92852783203125,141.8808135986328,423.8664855957031,460.3621826171875,98.72582244873047
2023-08-28,177.93875122070312,142.552734375,151.6083221435547,55.442813873291016,316.8873596191406,46.74393844604492,142.10263061523438,426.554443359375,462.39520263671875,99.55575561523438
2023-08-29,181.81967163085938,142.33026123046875,151.6267852783203,55.38788604736328,321.4981689453125,48.68914794921875,142.18576049804688,432.7200927734375,463.8540954589844,100.14855194091797
2023-08-30,185.30557250976562,142.52601623535156,151.09156799316406,55.36042022705078,321.8702697753906,49.168212890625,142.3428497314453,434.5024108886719,462.6304626464844,101.1244125366211
2023-08-31,185.5228271484375,143.34461975097656,149.19981384277344,54.77450180053711,320.8619079589844,49.25904083251953,142.6200714111328,433.8665771484375,448.5594787597656,101.40714263916016
2023-09-01,187.09298706054688,146.19195556640625,148.09243774414062,54.298439025878906,321.7429504394531,48.41468811035156,142.77720642089844,434.67584228515625,448.239501953125,103.53213500976562
2023-09-05,187.3299560546875,148.11387634277344,148.2769775390625,53.8498420715332,326.5300598144531,48.453617095947266,140.86436462402344,432.7972106933594,452.5408020019531,103.54124450683594
2023-09-06,180.62477111816406,148.26515197753906,145.81309509277344,53.81321334838867,325.8741760253906,46.973365783691406,140.58714294433594,429.8876647949219,448.8983154296875,104.43502807617188
2023-09-07,175.3416290283203,148.27401733398438,147.67718505859375,53.4012451171875,322.9666748046875,46.15489196777344,141.92701721191406,428.56787109375,456.30560302734375,103.92431640625
2023-09-08,175.95388793945312,148.78123474121094,148.16629028320312,53.4012451171875,327.2348937988281,45.48713684082031,141.31716918945312,429.21331787109375,454.2646789550781,105.4382553100586
2023-09-11,177.11912536621094,145.71145629882812,150.10418701171875,53.90476989746094,330.82763671875,45.093868255615234,142.99896240234375,432.0361022949219,452.9513244628906,104.11582946777344
2023-09-12,174.0973358154297,148.42532348632812,150.95315551757812,53.373779296875,324.7875061035156,44.786441802978516,140.48550415039062,429.6661682128906,453.442626953125,107.15283966064453
2023-09-13,172.0334930419922,147.8825225830078,151.3314971923828,53.501949310302734,328.98724365234375,45.400306701660156,141.46499633789062,430.1671142578125,453.38592529296875,106.19522857666016
2023-09-14,173.5443572998047,148.7990264892578,151.10081481933594,53.94487762451172,331.5716857910156,45.496124267578125,143.01744079589844,433.8761901855469,456.938720703125,108.09220886230469
2023-09-15,172.82345581054688,148.14947509765625,148.98757934570312,53.46504211425781,323.2701416015625,43.81825256347656,141.8161163330078,428.6487121582031,459.86773681640625,106.43234252929688
2023-09-18,175.7465057373047,148.7900848388672,149.92881774902344,53.797237396240234,322.13458251953125,43.884124755859375,142.35214233398438,428.9001159667969,459.2630310058594,107.2896499633789
2023-09-19,176.83274841308594,148.77232360839844,149.67970275878906,53.686500549316406,321.733154296875,43.438961029052734,141.936279296875,428.0106201171875,454.1607360839844,107.00691986083984
2023-09-20,173.2974853515625,148.31851196289062,150.3349151611328,53.92641830444336,314.0190124511719,42.16034698486328,141.8161163330078,424.0757751464844,464.9984436035156,106.15874481201172
2023-09-21,171.75697326660156,146.98385620117188,149.1813507080078,53.09593200683594,312.80511474609375,40.94062805175781,140.58714294433594,417.0665283203125,473.51171875,104.66304016113281
2023-09-22,172.60623168945312,147.95372009277344,148.11090087890625,53.15129089355469,310.33819580078125,41.53252029418945,140.06968688964844,416.12872314453125,478.1982116699219,104.82719421386719
2023-09-25,173.88011169433594,150.1159210205078,147.88941955566406,52.5976448059082,310.85699462890625,42.14338302612305,139.21954345703125,417.87860107421875,482.1477966308594,106.00370025634766
2023-09-26,169.81158447265625,149.30618286132812,146.7451629638672,52.1639404296875,305.57061767578125,41.83295822143555,137.98130798339844,411.7394104003906,477.5840759277344,106.1678695678711
2023-09-27,168.3007049560547,152.18910217285156,144.98257446289062,51.62873840332031,306.20697021484375,42.388916015625,136.151611328125,411.90374755859375,475.9588928222656,109.62440490722656
2023-09-28,168.5574188232422,151.7886962890625,144.7703399658203,51.499549865722656,307.0390930175781,43.00876235961914,135.22755432128906,414.291748046875,481.9777526855469,108.95862579345703
2023-09-29,169.0709686279297,150.03578186035156,143.7275390625,51.65641784667969,309.10467529296875,43.418006896972656,134.78399658203125,413.2863464355469,476.3935546875,107.23493194580078
2023-10-02,171.57920837402344,148.18504333496094,143.1738739013672,51.19503402709961,315.02740478515625,44.6986083984375,134.16490173339844,413.1219787597656,486.2012634277344,105.45648956298828
2023-10-03,170.24610900878906,148.5320587158203,143.34921264648438,50.64137649536133,306.79437255859375,43.43596649169922,134.44210815429688,407.5919189453125,481.3824462890625,105.6388931274414
2023-10-04,171.49032592773438,145.07078552246094,143.51531982421875,50.789024353027344,312.24713134765625,43.95899200439453,134.8856658935547,410.5599670410156,482.46905517578125,101.68986511230469
2023-10-05,172.7247314453125,145.8360137939453,145.01025390625,48.33445739746094,312.6387023925781,44.60478591918945,132.8804473876953,410.4052429199219,487.7696838378906,99.40070343017578
2023-10-06,175.27252197265625,144.35006713867188,145.47164916992188,49.03575897216797,320.3724060058594,45.676788330078125,133.14845275878906,415.2779846191406,495.8766174316406,97.74083709716797
2023-10-09,176.75376892089844,148.34523010253906,146.3022003173828,48.79585647583008,322.8785705566406,45.18869400024414,132.47384643554688,417.93658447265625,497.48297119140625,101.16089630126953
2023-10-10,176.1612548828125,148.18504333496094,146.13612365722656,49.857025146484375,321.47869873046875,45.71271896362305,133.78602600097656,420.11187744140625,495.33807373046875,100.73224639892578
2023-10-11,177.55364990234375,143.34461975097656,144.12435913085938,49.561737060546875,325.42388916015625,46.718841552734375,132.14117431640625,421.832763671875,495.2341003417969,97.12064361572266
2023-10-12,178.45228576660156,143.46029663085938,144.26280212402344,48.73125076293945,324.1903381347656,46.85757827758789,132.4368896484375,419.2611389160156,496.56640625,97.1024169921875
2023-10-13,176.61549377441406,145.9783935546875,144.74266052246094,48.805076599121094,320.83251953125,45.376346588134766,133.7028350830078,417.1728210449219,509.662353515625,100.20327758789062
2023-10-16,176.4871368408203,147.1707000732422,145.37014770507812,49.303367614746094,325.6392517089844,46.00917434692383,134.97808837890625,421.56207275390625,508.367919921875,100.27623748779297
2023-10-17,174.93675231933594,149.11932373046875,144.0413055419922,49.89393997192383,325.0714416503906,43.8561897277832,135.15365600585938,421.542724609375,507.06390380859375,101.58953857421875
2023-10-18,173.6431121826172,150.30274963378906,140.94068908691406,49.87548065185547,323.1624755859375,42.1174201965332,138.6373748779297,415.9256286621094,506.5065002441406,103.01229095458984
2023-10-19,173.2678680419922,150.46292114257812,140.5623321533203,50.15230941772461,324.3470153808594,42.02260971069336,137.85720825195312,412.271240234375,502.3207702636719,103.07612609863281
2023-10-20,170.72010803222656,148.443115234375,141.1898193359375,50.35531997680664,319.79486083984375,41.309932708740234,137.6712188720703,407.2051696777344,497.9743347167969,101.30682373046875
2023-10-23,170.83860778808594,142.97091674804688,139.70408630371094,49.903167724609375,322.3890075683594,42.89497756958008,137.76417541503906,406.4993896484375,492.8153076171875,99.82022857666016
2023-10-24,171.27308654785156,139.3850555419922,139.5564422607422,51.34267807006836,323.5736083984375,43.58169937133789,139.39151000976562,409.5641174316406,496.0562438964844,98.85348510742188
2023-10-25,168.96234130859375,138.6910400390625,139.8702392578125,51.78560256958008,333.500244140625,41.701202392578125,140.04244995117188,403.6860046386719,500.97906494140625,99.03588104248047
2023-10-26,164.804931640625,137.69447326660156,137.4985809326172,51.471866607666016,320.98919677734375,40.25090789794922,139.2985382080078,398.85205078125,499.23095703125,98.13299560546875
2023-10-27,166.11831665039062,128.44068908691406,134.36106872558594,50.97357177734375,322.8687744140625,40.42457962036133,136.84359741210938,397.0440979003906,495.73504638671875,96.26336669921875
2023-10-30,168.16246032714844,129.98892211914062,135.6806640625,51.81329345703125,330.2109375,41.08435821533203,138.79637145996094,401.79107666015625,500.7711486816406,96.56432342529297
2023-10-31,168.6364288330078,129.6686248779297,136.88954162597656,52.12702941894531,330.99407958984375,40.70405960083008,139.51242065429688,404.314453125,506.0340270996094,96.5369644165039
2023-11-01,171.7964630126953,128.11148071289062,137.21253967285156,52.080894470214844,338.78656005859375,42.246192932128906,139.1218719482422,408.6263427734375,502.2923889160156,96.34544372558594
2023-11-02,175.35150146484375,132.36463928222656,138.64288330078125,52.680686950683594,340.9892272949219,43.424983978271484,140.8235626220703,416.4573974609375,506.5726318359375,99.51013946533203
2023-11-03,174.44296264648438,131.34141540527344,139.657958984375,52.357723236083984,345.3749084472656,44.92119216918945,139.54962158203125,420.2569580078125,501.6310119628906,98.29716491699219
2023-11-06,176.99078369140625,130.7986297607422,139.99017333984375,52.56995391845703,349.0263671875,45.665809631347656,140.35862731933594,421.2237548828125,504.04986572265625,96.5551986694336
2023-11-07,179.54840087890625,128.4940948486328,139.25192260742188,52.76374053955078,352.9422912597656,45.86943054199219,140.03314208984375,422.4224853515625,508.17889404296875,95.041259765625
2023-11-08,180.6050262451172,126.70561981201172,138.74441528320312,52.680686950683594,355.5560302734375,46.48727798461914,139.4937744140625,422.7319030761719,507.1394958496094,93.87388610839844
2023-11-09,180.1310272216797,126.29632568359375,136.04055786132812,52.283897399902344,353.0988464355469,46.86257553100586,139.8099822998047,419.4351806640625,509.2844543457031,93.90123748779297
2023-11-10,184.3136749267578,127.1949691772461,135.88368225097656,52.33926773071289,361.8898620605469,48.244991302490234,140.795654296875,425.9803161621094,511.3725891113281,94.62173461914062
2023-11-13,182.73158264160156,128.12928771972656,136.23435974121094,52.53304672241211,358.96282958984375,48.52946090698242,141.77206420898438,425.5743103027344,512.6575927734375,95.61582946777344
2023-11-14,185.342041015625,129.06356811523438,136.2620391845703,52.689918518066406,362.4772033691406,49.56353759765625,141.45587158203125,433.8307800292969,510.6639099121094,95.9839859008789
2023-11-15,185.9056396484375,129.517333984375,137.31402587890625,52.791419982910156,362.6243896484375,48.796966552734375,140.80496215820312,434.74920654296875,508.7270202636719,95.40416717529297
2023-11-16,187.58663940429688,127.46736145019531,138.51368713378906,52.736053466796875,369.00054931640625,49.38786697387695,142.11611938476562,435.2809753417969,510.0592346191406,94.29972076416016
2023-11-17,187.56687927246094,129.88597106933594,138.2276153564453,52.83755874633789,362.80096435546875,49.20620346069336,140.47947692871094,435.82232666015625,506.7237854003906,96.60062408447266
2023-11-20,189.30715942382812,129.81405639648438,139.44619750976562,52.96675109863281,370.24627685546875,50.31513977050781,139.73558044433594,439.1771545410156,505.5994567871094,96.17725372314453
2023-11-21,188.5062255859375,129.50836181640625,140.5717010498047,53.54808807373047,365.9595642089844,49.85099411010742,139.1218719482422,438.219970703125,509.8418884277344,96.14043426513672
2023-11-22,189.16873168945312,129.7690887451172,140.29266357421875,53.9079704284668,370.64849853515625,48.62528610229492,140.43299865722656,439.9118957519531,513.781982421875,95.72628021240234
2023-11-24,187.84373474121094,130.2815704345703,141.8553924560547,54.04637908935547,370.2364501953125,47.687034606933594,140.76776123046875,440.1825256347656,516.9378051757812,96.2416763305664
2023-11-27,187.66571044921875,129.79605102539062,140.72055053710938,53.94487762451172,371.3939514160156,48.15217208862305,140.6375732421875,439.38983154296875,513.621337890625,95.68025970458984
2023-11-28,188.2689208984375,130.8300323486328,141.04611206054688,54.05561065673828,375.40606689453125,47.73194885253906,141.6139678955078,439.82489013671875,510.73004150390625,95.62505340576172
2023-11-29,187.2504119873047,129.39144897460938,141.49261474609375,53.732643127441406,371.62939453125,48.05036163330078,140.53530883789062,439.5154724121094,505.4859313964844,94.18927764892578
2023-11-30,187.82394409179688,129.1127471923828,143.8646240234375,54.35581588745117,371.6883239746094,46.68291091918945,142.7577362060547,441.2460632324219,522.4842529296875,94.55742645263672
2023-12-01,189.09951782226562,130.20068359375,147.32498168945312,54.541839599609375,367.3721008300781,46.677921295166016,141.95806884765625,443.8564453125,518.7582397460938,94.78750610351562
2023-12-04,187.30975341796875,130.25460815429688,147.79006958007812,54.47673034667969,362.1044921875,45.42524719238281,141.4001007080078,441.52642822265625,519.8201293945312,94.27210998535156
2023-12-05,191.25509643554688,128.44741821289062,147.48312377929688,54.56044387817383,365.4200439453125,46.483375549316406,136.47164916992188,441.4394226074219,521.6973266601562,92.44061279296875
2023-12-06,190.1674041748047,128.1506805419922,145.6878204345703,54.504634857177734,361.7709045410156,45.42225646972656,136.36936950683594,439.6605224609375,521.0051879882812,91.21653747558594
2023-12-07,192.09561157226562,128.05178833007812,144.55296325683594,54.63485336303711,363.8800048828125,46.51332092285156,136.2298583984375,443.0153503417969,519.8106689453125,90.58148956298828
2023-12-08,193.51950073242188,129.75108337402344,143.64138793945312,54.51393508911133,367.09747314453125,47.42171096801758,134.97450256347656,444.9198913574219,521.2328491210938,91.6214828491211
2023-12-11,191.01779174804688,129.78707885742188,144.2366943359375,54.91387939453125,364.2232971191406,46.54426956176758,135.5975341796875,446.6504211425781,515.4588623046875,91.6859130859375
2023-12-12,192.53067016601562,128.1237030029297,144.2460174560547,55.2673225402832,367.2446594238281,47.57244873046875,135.7091522216797,448.6904296875,517.3929443359375,90.24095153808594
2023-12-13,195.7443084716797,130.02084350585938,144.91575622558594,55.74168395996094,367.2347412109375,48.0026741027832,138.1640625,454.8778991699219,520.51220703125,91.04165649414062
2023-12-14,195.89259338378906,134.80410766601562,145.9203643798828,54.91387939453125,358.95562744140625,48.26420593261719,134.5188751220703,456.3377685546875,506.5089416503906,93.48982238769531
2023-12-15,195.358642578125,134.28265380859375,144.32972717285156,54.504634857177734,363.6642150878906,48.80324935913086,133.86793518066406,455.58642578125,503.55078125,92.86396789550781
2023-12-18,193.69744873046875,134.57933044433594,144.59017944335938,54.89528274536133,365.5475158691406,49.9881477355957,135.9229736328125,458.14910888671875,499.2179870605469,93.55423736572266
2023-12-19,194.7357177734375,136.3416290283203,145.53900146484375,54.71855926513672,366.14593505859375,49.51598358154297,135.9229736328125,460.9350891113281,496.8382568359375,94.78750610351562
2023-12-20,192.64932250976562,135.0918426513672,142.5716552734375,53.583824157714844,363.5562438964844,48.025630950927734,133.82142639160156,454.54779052734375,489.1493225097656,93.20450592041016
2023-12-21,192.5010223388672,135.50546264648438,144.0320587158203,53.93726348876953,366.4206848144531,48.903076171875,134.1468963623047,458.8577575683594,492.894287109375,93.62786865234375
2023-12-22,191.43310546875,135.81114196777344,144.60877990722656,54.24420166015625,367.4407958984375,48.74336242675781,135.09539794921875,459.7799072265625,493.3019714355469,93.79352569580078
2023-12-26,190.88925170898438,137.03395080566406,145.2412872314453,54.467430114746094,367.519287109375,49.191558837890625,135.7091522216797,461.72137451171875,493.03656005859375,94.00521850585938
2023-12-27,190.9881134033203,136.58438110351562,145.4366455078125,54.60694885253906,366.9405517578125,49.32931900024414,135.82070922851562,462.5561828613281,495.65325927734375,93.56343841552734
2023-12-28,191.41334533691406,134.66026306152344,145.65061950683594,54.64414978027344,368.1274719238281,49.43413162231445,135.51385498046875,462.7309265136719,497.65374755859375,92.21051788330078
2023-12-29,190.3750762939453,134.11180114746094,145.79945373535156,54.81157302856445,368.87298583984375,49.43413162231445,136.2670440673828,461.391357421875,499.1421813964844,92.0172348022461
2024-01-02,183.5621795654297,134.3995361328125,148.8040008544922,55.639373779296875,363.8015441894531,48.08253479003906,138.31285095214844,458.8091735839844,511.34417724609375,94.20768737792969
2024-01-03,182.18775939941406,136.9619903564453,149.7341766357422,55.76959228515625,363.5366516113281,47.48460006713867,137.4759063720703,455.062255859375,513.8945922851562,94.99920654296875
2024-01-04,179.8739471435547,135.46051025390625,149.4179229736328,55.583560943603516,360.9273376464844,47.912841796875,138.2291259765625,453.5964660644531,517.108642578125,94.1708755493164
2024-01-05,179.152099609375,135.22669982910156,149.8830108642578,55.499855041503906,360.7409973144531,49.009883880615234,137.08538818359375,454.2177429199219,509.4858703613281,94.45619201660156
2024-01-08,183.4830780029297,134.41749572753906,150.25509643554688,55.90909957885742,367.54876708984375,52.16028594970703,138.2663116455078,460.7021179199219,508.6705017089844,92.88236999511719
2024-01-09,183.06777954101562,131.00086975097656,150.34811401367188,55.80680465698242,368.6277770996094,53.04571533203125,138.83360290527344,460.0032043457031,510.424560546875,91.73192596435547
2024-01-10,184.10601806640625,129.92193603515625,150.57135009765625,55.99281692504883,375.4747009277344,54.25356674194336,139.4287109375,462.6047058105469,509.73236083984375,90.83000183105469
2024-01-11,183.5127716064453,130.62326049804688,149.90159606933594,55.63007354736328,377.29925537109375,54.72472381591797,139.95875549316406,462.40087890625,511.66656494140625,90.81156921386719
2024-01-12,183.8390655517578,132.4125213623047,151.0550537109375,56.16953659057617,381.06610107421875,54.61292266845703,140.04244995117188,462.72119140625,494.439697265625,91.98963165283203
2024-01-16,181.57469177246094,129.1936492919922,149.3155975341797,55.797489166259766,382.8317565917969,56.28195571899414,139.28921508789062,461.0224304199219,492.2022705078125,89.90962982177734
2024-01-17,180.63531494140625,128.68113708496094,149.23190307617188,55.797489166259766,382.0469970703125,55.95354461669922,139.4287109375,458.45977783203125,497.6916198730469,89.25617218017578
2024-01-18,186.5187225341797,127.51231384277344,149.95742797851562,55.95560836791992,386.3630676269531,57.005672454833984,138.62489318847656,462.5367431640625,489.5380554199219,89.09050750732422
2024-01-19,189.41592407226562,127.88993835449219,150.3946075439453,55.64867401123047,391.0716857910156,59.385440826416016,138.09149169921875,468.3028259277344,477.42144775390625,89.22854614257812
2024-01-22,191.7198486328125,128.11473083496094,151.12948608398438,55.40684509277344,388.9527893066406,59.548152923583984,138.3628692626953,469.2929382324219,486.3619384765625,89.10892486572266
2024-01-23,192.9954071044922,127.7551040649414,148.6551513671875,55.667274475097656,391.2972412109375,59.76676940917969,144.08975219726562,470.66162109375,488.7606506347656,90.11210632324219
2024-01-24,192.32302856445312,130.299560546875,147.86447143554688,54.792972564697266,394.8874816894531,61.253116607666016,142.3492431640625,471.1761779785156,486.5894775390625,91.6675033569336
2024-01-25,191.99671936035156,133.58132934570312,148.42262268066406,55.02549362182617,397.1535339355469,61.507667541503906,145.62442016601562,473.7388610839844,467.7888488769531,93.99600982666016
2024-01-26,190.2663116455078,134.09381103515625,148.36679077148438,55.220821380615234,396.23138427734375,60.92271041870117,146.11102294921875,473.1369934082031,477.0801086425781,94.79671478271484
2024-01-29,189.5840301513672,134.0398712158203,148.236572265625,55.555660247802734,401.9110412597656,62.35416793823242,146.1297607421875,476.8839416503906,478.35052490234375,94.9163589477539
2024-01-30,185.93531799316406,134.9749298095703,147.68775939941406,55.713783264160156,400.8026123046875,62.66261291503906,147.37432861328125,476.51507568359375,477.4687805175781,96.49938201904297
2024-01-31,182.33607482910156,132.5563201904297,147.8086700439453,55.33243942260742,390.0024108886719,61.41782760620117,147.04681396484375,468.7396240234375,485.1767883300781,94.62185668945312
2024-02-01,184.76852416992188,132.96994018554688,147.30638122558594,56.71830368041992,396.0842590332031,62.91516876220703,148.9557647705078,474.8746032714844,480.81561279296875,94.23530578613281
2024-02-02,183.76983642578125,136.88108825683594,145.67852783203125,56.309059143066406,403.38250732421875,66.04261016845703,147.93580627441406,479.8738098144531,483.7452087402344,93.84874725341797
2024-02-05,185.57936096191406,136.9619903564453,144.925048828125,55.8440055847168,397.9186096191406,69.20899200439453,148.04808044433594,478.12646484375,476.8525695800781,93.46219635009766
2024-02-06,187.18121337890625,136.97998046875,147.02731323242188,55.75099182128906,397.76165771484375,68.1019515991211,148.74990844726562,479.5146484375,484.162353515625,94.10643768310547
2024-02-07,187.29000854492188,136.78216552734375,146.952880859375,55.797489166259766,406.15850830078125,69.97461700439453,148.89962768554688,483.51397705078125,492.42974853515625,94.0788345336914
2024-02-08,186.2122039794922,138.5174560546875,145.4832000732422,55.64867401123047,406.2173767089844,69.51742553710938,148.4504852294922,483.72747802734375,493.09344482421875,95.6894760131836
2024-02-09,186.9745635986328,135.80213928222656,145.81805419921875,55.397544860839844,412.53466796875,72.00503540039062,147.30882263183594,486.5231628417969,491.32037353515625,93.6646728515625
2024-02-12,185.29141235351562,136.73719787597656,146.83197021484375,55.52775955200195,407.3454895019531,72.11980438232422,147.0187530517578,486.3096008300781,490.7705993652344,94.95319366455078
2024-02-13,183.20237731933594,135.40652465820312,145.54827880859375,55.202213287353516,398.575927734375,72.00003051757812,146.23268127441406,479.6116943359375,490.0215148925781,94.1357192993164
2024-02-14,182.32122802734375,135.77517700195312,144.8692626953125,55.14641571044922,402.4282531738281,73.7688980102539,145.63380432128906,483.9701843261719,490.1069030761719,93.67127990722656
2024-02-15,182.0341033935547,140.39248657226562,146.89706420898438,55.24872589111328,399.54876708984375,72.52909088134766,146.92514038085938,487.3094787597656,493.8423156738281,96.35582733154297
2024-02-16,180.49949645996094,140.5470428466797,146.72837829589844,55.23942184448242,397.0918884277344,72.48414611816406,147.39305114746094,484.8826904296875,494.4776306152344,96.35582733154297
2024-02-20,179.75694274902344,139.97439575195312,147.95616149902344,56.4578742980957,395.8438415527344,69.32877349853516,148.3288116455078,482.2132568359375,494.0130615234375,95.44550323486328
2024-02-21,180.5093994140625,141.28326416015625,148.72471618652344,56.96013259887695,395.2442932128906,67.35228729248047,150.097412109375,482.6500244140625,494.87579345703125,97.3962173461914
2024-02-22,182.5390167236328,141.274169921875,150.38369750976562,56.87642288208008,404.5509948730469,78.3986587524414,150.2471466064453,492.6387023925781,499.1706237792969,97.31260681152344
2024-02-23,180.70741271972656,140.5742950439453,151.68649291992188,56.92292785644531,403.2635803222656,78.67715454101562,150.68695068359375,492.97845458984375,499.8722229003906,96.4580078125
2024-02-26,179.36090087890625,140.3834228515625,150.70236206054688,56.4671745300293,400.511962890625,78.95167541503906,149.928955078125,491.17291259765625,498.0519104003906,96.8388671875
2024-02-27,180.81631469726562,138.30197143554688,150.8804168701172,56.12303924560547,400.4529113769531,78.56135559082031,149.0680694580078,492.0853271484375,486.7696228027344,96.63449096679688
2024-02-28,179.6183319091797,138.465576171875,151.4146728515625,56.178836822509766,400.6887512207031,77.52519989013672,149.7698974609375,491.4350280761719,472.4155578613281,96.90389251708984
2024-02-29,178.9549560546875,138.16561889648438,151.25535583496094,55.825401306152344,406.5067138671875,78.97162628173828,148.731201171875,493.2016906738281,467.9783935546875,97.08966064453125
2024-03-01,177.87582397460938,138.89276123046875,151.9489288330078,55.36964416503906,408.3346252441406,82.13300323486328,148.64700317382812,497.8320007324219,464.11968994140625,98.31582641601562
2024-03-04,173.36106872558594,135.32070922851562,149.81195068359375,55.63007354736328,407.7646484375,85.08575439453125,149.31137084960938,497.2981262207031,456.8572692871094,96.94103240966797
2024-03-05,168.43057250976562,135.96604919433594,149.93382263183594,55.3603401184082,395.70623779296875,85.81549072265625,149.0867919921875,492.3280334472656,448.58990478515625,98.13004302978516
2024-03-06,167.44049072265625,134.82080078125,149.3433380126953,55.388240814208984,395.1558837890625,88.54676818847656,149.3207550048828,494.82281494140625,448.0684814453125,99.17971801757812
2024-03-07,167.32167053222656,135.76608276367188,148.90283203125,55.285926818847656,402.0843505859375,92.5089111328125,150.3032989501953,499.7346496582031,453.9277038574219,99.737060546875
2024-03-08,169.0345001220703,136.2296600341797,149.51206970214844,55.3603401184082,399.21466064453125,87.37680053710938,150.0506591796875,496.735107421875,453.61358642578125,100.67526245117188
2024-03-11,171.034423828125,138.15652465820312,151.11476135253906,56.0300178527832,397.5439453125,85.62583923339844,151.17355346679688,496.3080139160156,465.58758544921875,101.26976013183594
2024-03-12,171.50967407226562,138.05654907226562,152.53004455566406,56.271854400634766,408.1184387207031,91.75423431396484,151.52914428710938,501.64703369140625,465.7779846191406,100.61952209472656
2024-03-13,169.4305419921875,139.8744354248047,150.992919921875,56.8485221862793,407.9415283203125,90.7309799194336,151.87539672851562,500.860595703125,464.4930114746094,101.7435073852539
2024-03-14,171.2819366455078,141.5195770263672,149.22146606445312,56.721946716308594,417.88702392578125,87.79206848144531,151.12677001953125,499.8704833984375,465.44488525390625,103.54560089111328
2024-03-15,170.9057159423828,141.38323974609375,148.256103515625,56.14067077636719,409.23870849609375,87.68525695800781,151.01451110839844,496.4381408691406,467.17718505859375,103.35980224609375
2024-03-18,171.99481201171875,141.25599670410156,146.92520141601562,56.375057220458984,410.1231994628906,88.30220031738281,150.8553924560547,499.3885498046875,463.5887451171875,104.31658935546875
2024-03-19,174.33135986328125,142.35577392578125,146.40969848632812,56.468807220458984,414.1427001953125,89.24357604980469,151.435546875,502.1636962890625,469.55670166015625,105.05043029785156
2024-03-20,176.8956298828125,140.47430419921875,145.98793029785156,56.956336975097656,417.8968200683594,90.21588134765625,151.58529663085938,506.8083190917969,470.4229431152344,104.95753479003906
2024-03-21,169.66810607910156,140.75607299804688,145.97854614257812,56.69382858276367,421.9654235839844,91.27703857421875,151.46365356445312,508.48321533203125,468.0052490234375,105.42198944091797
2024-03-22,170.56910705566406,140.5742950439453,145.49118041992188,56.712581634521484,421.34625244140625,94.12611389160156,151.2764892578125,507.51922607421875,466.4632568359375,105.42198944091797
2024-03-25,169.15330505371094,142.21942138671875,145.4818115234375,56.628196716308594,415.5677185058594,94.83788299560547,149.90090942382812,506.1170959472656,462.47509765625,106.49951934814453
2024-03-26,168.0246124267578,141.1287384033203,145.99729919433594,56.75945281982422,414.3785400390625,92.4011001586914,150.23777770996094,505.18231201171875,468.5953369140625,105.7006607055664
2024-03-27,171.5888671875,142.11038208007812,148.04991149902344,57.21885299682617,414.1623840332031,90.0940933227539,152.16546630859375,509.4277038574219,469.3473205566406,106.7967758178711
2024-03-28,169.77703857421875,143.373779296875,148.26547241210938,57.35948181152344,413.464599609375,90.19990539550781,151.82859802246094,509.33038330078125,470.8702697753906,107.97650146484375
2024-04-01,168.34144592285156,144.5917510986328,147.88119506835938,56.890708923339844,417.2481994628906,90.2068862915039,150.26585388183594,508.4441833496094,466.1111145019531,108.67317962646484
2024-04-02,167.1632843017578,145.22799682617188,147.8343505859375,56.39381408691406,414.172119140625,89.29745483398438,150.2565155029297,505.21148681640625,436.0714111328125,110.80038452148438
2024-04-03,167.9652099609375,145.827880859375,144.58203125,56.093788146972656,413.1992492675781,88.81031799316406,146.1204071044922,505.7665100097656,437.5942687988281,110.81896209716797
2024-04-04,167.1434326171875,146.0550994873047,142.9324493408203,55.59688186645508,410.6735534667969,85.75658416748047,145.46534729003906,499.5930480957031,433.4443054199219,111.2091064453125
2024-04-05,167.89588928222656,146.88221740722656,142.82936096191406,55.79377365112305,418.1817932128906,87.8559799194336,146.0736083984375,504.8121337890625,433.7869873046875,112.7417984008789
2024-04-08,166.77713012695312,146.58229064941406,142.0795440673828,55.56875991821289,417.26788330078125,86.98246765136719,146.01744079589844,505.0945739746094,434.0344543457031,111.98009490966797
2024-04-09,167.98500061035156,147.2458038330078,142.73562622070312,55.99066162109375,418.9287414550781,85.20654296875,146.59765625,505.6788330078125,437.5752258300781,112.56531524658203
2024-04-10,166.11380004882812,147.85476684570312,140.7767791748047,55.24061965942383,415.9608154296875,86.88864135742188,147.140380859375,500.61541748046875,428.3710632324219,113.5127944946289
2024-04-11,173.3016815185547,147.1457977294922,139.45521545410156,55.36250305175781,420.55023193359375,90.45945739746094,145.83029174804688,504.3935241699219,420.4422607421875,113.13194274902344
2024-04-12,174.7967071533203,144.48265075683594,138.264892578125,54.64057922363281,414.624267578125,88.0336685180664,145.3530731201172,497.4313049316406,418.0436706542969,111.8128890991211
2024-04-15,170.97503662109375,143.2374267578125,138.33047485351562,54.50932693481445,406.5067138671875,85.85243225097656,145.46534729003906,491.199462890625,424.16400146484375,111.17195129394531
2024-04-16,167.69789123535156,142.0467529296875,135.38748168945312,54.434322357177734,407.4304504394531,87.26399230957031,145.93325805664062,490.3035888671875,446.30352783203125,110.25233459472656
2024-04-17,166.33160400390625,142.1558074951172,135.6874237060547,54.85622024536133,404.73773193359375,83.88983154296875,146.87838745117188,487.4018859863281,455.9170227050781,110.19659423828125
2024-04-18,165.38113403320312,143.21926879882812,136.59657287597656,55.23124694824219,397.2982482910156,84.52472686767578,148.1375732421875,486.39892578125,469.4234313964844,110.09439086914062
2024-04-19,163.36138916015625,145.42796325683594,138.63043212890625,56.41255187988281,392.23712158203125,76.06836700439453,148.93812561035156,482.1534729003906,476.9905090332031,111.35772705078125
2024-04-22,164.19305419921875,147.17308044433594,139.7645263671875,56.768829345703125,394.0453796386719,79.38063049316406,151.19845581054688,486.59368896484375,467.5674133300781,111.98938751220703
2024-04-23,165.2425079345703,148.0183868408203,140.1768798828125,56.853206634521484,400.5414123535156,82.2806167602539,152.1026153564453,492.3678894042969,462.76068115234375,112.42597961425781
2024-04-24,167.34149169921875,148.67282104492188,139.2115478515625,57.706382751464844,402.0057067871094,79.53935241699219,153.13861083984375,492.1342468261719,463.8266906738281,112.44456481933594
2024-04-25,168.20285034179688,150.22706604003906,137.60882568359375,57.884517669677734,392.1584777832031,82.48925018310547,153.09152221679688,490.2646179199219,470.0707092285156,112.70465087890625
2024-04-26,167.6186981201172,150.78150939941406,136.97146606445312,57.884517669677734,399.31292724609375,87.58345031738281,151.90481567382812,494.909423828125,471.4889831542969,109.57421875
2024-04-29,171.7769775390625,151.18145751953125,137.60882568359375,58.16577911376953,395.3131103515625,87.60540771484375,152.25331115722656,496.6620788574219,465.4733581542969,111.13478088378906
2024-04-30,168.6384735107422,146.58229064941406,135.5187225341797,57.91263961791992,382.6158752441406,86.25275421142578,153.70367431640625,488.79437255859375,460.400146484375,109.8621826171875
2024-05-01,167.6186981201172,145.09165954589844,141.6952667236328,58.06265640258789,388.129150390625,82.89753723144531,153.89205932617188,487.2071838378906,460.7903137207031,107.78143310546875
2024-05-02,171.3116455078125,146.09146118164062,140.51431274414062,58.11891174316406,390.9791259765625,85.66874694824219,154.30642700195312,491.76416015625,469.2235412597656,107.97650146484375
2024-05-03,181.55886840820312,145.65516662597656,139.90509033203125,58.287662506103516,399.6470642089844,88.63561248779297,154.89035034179688,497.85980224609375,468.7286376953125,107.75355529785156
2024-05-06,179.90545654296875,147.51844787597656,139.25839233398438,58.456424713134766,406.40838623046875,91.98081970214844,154.87152099609375,503.0010681152344,470.565673828125,108.45023345947266
2024-05-07,180.58859252929688,147.85476684570312,139.3896026611328,58.709556579589844,402.2808837890625,90.3975601196289,156.1147003173828,503.55615234375,476.8287048339844,107.91146087646484
2024-05-08,180.9252166748047,147.73660278320312,139.60519409179688,58.92519760131836,403.46014404296875,90.25582122802734,155.46484375,503.604736328125,478.9703369140625,107.89289093017578
2024-05-09,182.737060546875,150.38160705566406,140.44871520996094,58.95332717895508,405.20947265625,88.59369659423828,156.37843322753906,506.5064697265625,482.6063232421875,110.02009582519531
2024-05-10,181.4779510498047,150.7178955078125,140.5049591064453,59.309600830078125,407.5877380371094,89.72272491455078,157.1413116455078,507.1589660644531,488.10791015625,109.57421875
2024-05-13,184.6802215576172,149.54537963867188,141.73277282714844,59.609615325927734,406.5852966308594,90.24285125732422,156.21832275390625,507.2270812988281,487.08941650390625,109.52778625488281
2024-05-14,185.82034301757812,148.7091827392578,141.8827362060547,59.15959167480469,409.3763427734375,91.19818878173828,156.1147003173828,509.55419921875,489.1263732910156,110.1926498413086
2024-05-15,188.0906524658203,148.20016479492188,143.091796875,59.18771743774414,416.5338134765625,94.4665298461914,156.82106018066406,515.8640747070312,492.61956787109375,111.04483795166016
2024-05-16,188.20962524414062,147.89718627929688,144.6007843017578,59.36585235595703,414.4761657714844,94.19599914550781,158.09254455566406,514.8026733398438,496.1603698730469,110.37994384765625
2024-05-17,188.2393798828125,149.34779357910156,144.9381866455078,59.09395980834961,413.708251953125,92.3192367553711,157.8853302001953,515.5427856445312,499.3584899902344,112.0374755859375
2024-05-20,189.3993377685547,147.94308471679688,142.92567443847656,58.662681579589844,418.7589111328125,94.61627960205078,157.57452392578125,516.1367797851562,492.31500244140625,111.12910461425781
2024-05-21,190.69810485839844,146.86891174316406,142.89735412597656,58.981449127197266,422.40167236328125,95.2212142944336,158.5540313720703,517.402587890625,498.3305358886719,110.36121368408203
2024-05-22,189.26055908203125,144.66546630859375,145.0326690673828,59.06583023071289,423.8587646484375,94.78596496582031,158.04544067382812,515.912841796875,496.23651123046875,108.14180755615234
2024-05-23,185.27505493164062,144.08706665039062,141.4423065185547,58.21266555786133,420.3932189941406,103.61970520019531,155.8604278564453,512.1444091796875,491.93426513671875,106.29700469970703
2024-05-24,188.34844970703125,144.8307342529297,138.8628692626953,58.12827682495117,423.5043029785156,106.28508758544922,155.709716796875,515.5330200195312,483.69140625,106.21272277832031
2024-05-28,188.3583526611328,146.01507568359375,136.41575622558594,57.95952224731445,423.6618957519531,113.70423126220703,153.61891174316406,515.893310546875,479.41766357421875,107.56121826171875
2024-05-29,188.65574645996094,144.05035400390625,136.47242736816406,57.847015380859375,422.5296325683594,114.62663269042969,152.24388122558594,512.28076171875,461.3710021972656,106.40938568115234
2024-05-30,189.64720153808594,145.2989501953125,137.26609802246094,58.100154876708984,408.2539978027344,110.3091049194336,153.11973571777344,508.8824157714844,458.4488525390625,106.74650573730469
2024-05-31,190.59893798828125,149.00808715820312,138.57943725585938,59.000205993652344,408.70684814453125,109.443603515625,154.96571350097656,513.5175170898438,471.5079345703125,109.80870819091797
2024-06-03,192.36366271972656,144.56448364257812,139.59042358398438,59.000205993652344,407.12176513671875,114.80133056640625,155.06932067871094,513.9361572265625,473.478271484375,107.17727661132812
2024-06-04,192.680908203125,143.34341430664062,139.6470947265625,59.9471321105957,409.63232421875,116.2358627319336,157.29197692871094,514.5106201171875,481.1404724121094,105.5103759765625
2024-06-05,194.18785095214844,142.28758239746094,137.9180450439453,59.928382873535156,417.4494934082031,122.22848510742188,156.38787841796875,520.625732421875,478.8846740722656,105.93179321289062
2024-06-06,192.80978393554688,143.1597900390625,138.34323120117188,60.14402389526367,417.95159912109375,120.78898620605469,158.6670379638672,520.6159057617188,477.74249267578125,106.727783203125
2024-06-07,195.1990966796875,143.2974853515625,138.96681213378906,59.919010162353516,417.2919616699219,120.67916870117188,157.33908081054688,519.9829711914062,467.05340576171875,105.58529663085938
2024-06-10,191.4614715576172,143.9034423828125,139.01406860351562,59.61899185180664,421.24969482421875,121.5796127319336,157.61221313476562,521.5896606445312,471.15576171875,105.89432525634766
2024-06-11,205.37095642089844,143.67393493652344,138.66445922851562,59.58148956298828,425.9853210449219,120.71104431152344,157.73463439941406,522.845703125,472.3170471191406,105.04214477539062
2024-06-12,211.2401580810547,141.58982849121094,137.388916015625,58.95332717895508,434.23565673828125,124.99398803710938,155.56846618652344,527.1398315429688,469.3188171386719,103.8809585571289
2024-06-13,212.4001007080078,140.32284545898438,137.42674255371094,59.056461334228516,434.74755859375,129.396728515625,156.72691345214844,528.2013549804688,473.3450012207031,103.04750061035156
2024-06-14,210.6651153564453,140.074951171875,137.5117645263672,59.09897232055664,435.7222900390625,131.66299438476562,157.08477783203125,528.5226440429688,473.1737060546875,102.17660522460938
2024-06-17,214.80923461914062,140.6441650390625,137.89915466308594,59.16510772705078,441.4325256347656,130.76446533203125,157.75347900390625,532.7291259765625,467.63922119140625,101.4742660522461
2024-06-18,212.4496612548828,140.77272033691406,137.61570739746094,59.174564361572266,439.4339599609375,135.35690307617188,158.75180053710938,534.0826416015625,459.8202209472656,102.429443359375
2024-06-20,207.87925720214844,143.81163024902344,139.62818908691406,58.749385833740234,438.8038635253906,130.56480407714844,157.91357421875,532.6317749023438,463.1370849609375,104.63946533203125
2024-06-21,205.70806884765625,142.56301879882812,140.544677734375,59.30683135986328,442.82073974609375,126.36174011230469,158.46925354003906,531.9176635742188,461.29229736328125,103.72174835205078
2024-06-24,206.3524627685547,146.26296997070312,140.894287109375,60.440635681152344,440.743408203125,117.9156494140625,158.64817810058594,530.1886596679688,468.35614013671875,106.80268859863281
2024-06-25,207.27450561523438,145.4825897216797,139.0707550048828,60.31780242919922,443.97259521484375,125.88251495361328,157.1413116455078,532.2302856445312,463.117919921875,107.10235595703125
2024-06-26,211.41860961914062,143.17813110351562,138.72116088867188,60.51621627807617,445.1639404296875,126.19200897216797,157.70639038085938,532.89453125,462.6782531738281,107.13981628417969
2024-06-27,212.2613067626953,143.5178680419922,137.75741577148438,60.38393783569336,445.84320068359375,123.78597259521484,156.9246826171875,533.7346801757812,464.97235107421875,107.59868621826172
2024-06-28,208.8112030029297,143.60964965820312,138.09756469726562,60.13828659057617,440.0345458984375,123.33671569824219,155.3236083984375,531.6343994140625,486.7852478027344,107.80470275878906
2024-07-01,214.88853454589844,143.7014617919922,138.3621368408203,59.788692474365234,449.6631774902344,124.095458984375,153.25160217285156,532.7285766601562,472.8200378417969,107.65485382080078
2024-07-02,218.3782958984375,143.91261291503906,137.97474670410156,59.665870666503906,452.1737060546875,122.4681396484375,154.36294555664062,536.3136596679688,476.2515563964844,106.92443084716797
2024-07-03,219.64732360839844,143.8759002685547,137.65350341796875,59.8359375,453.6406555175781,128.0689239501953,154.2970428466797,538.70703125,468.2701416015625,107.46757507324219
2024-07-05,224.39617919921875,141.67247009277344,138.39991760253906,60.24221420288086,460.3256530761719,125.62294006347656,155.5967254638672,541.8133544921875,466.4731140136719,106.16590118408203
2024-07-08,225.86346435546875,141.69082641601562,137.455078125,59.486351013183594,459.02606201171875,127.98902893066406,156.8304901123047,542.4386596679688,467.7444152832031,105.05152130126953
2024-07-09,226.716064453125,140.45140075683594,138.9384765625,59.23124694824219,452.42974853515625,131.16383361816406,156.0205535888672,542.9661865234375,470.39208984375,103.89031982421875
2024-07-10,230.97915649414062,142.42530822753906,141.18719482421875,59.363525390625,459.0359191894531,134.68800354003906,157.09420776367188,548.3390502929688,478.82293701171875,104.80803680419922
2024-07-11,225.61563110351562,142.54464721679688,141.4423065185547,59.61863327026367,447.66461181640625,127.19036102294922,155.90753173828125,543.61083984375,482.1014709472656,106.05352020263672
2024-07-12,228.5601043701172,142.84762573242188,141.6123809814453,60.185523986816406,446.5323791503906,129.02734375,156.91526794433594,547.0397338867188,488.9550476074219,106.07225036621094
2024-07-15,232.38694763183594,145.09698486328125,141.00767517089844,59.911529541015625,446.9360656738281,128.22862243652344,155.0033721923828,548.5440673828125,492.62554931640625,107.88896942138672
2024-07-16,232.80337524414062,144.84910583496094,142.68003845214844,60.72407531738281,442.564697265625,126.1520767211914,157.2354736328125,551.7970581054688,524.6471557617188,108.6662368774414
2024-07-17,226.91436767578125,148.02572631835938,147.94277954101562,61.61220932006836,436.6575927734375,117.79584503173828,159.58058166503906,544.0602416992188,547.9798583984375,110.16456604003906
2024-07-18,222.25473022460938,148.70516967773438,146.8467559814453,61.593318939208984,433.55633544921875,120.8907470703125,158.63877868652344,539.879150390625,539.4343872070312,111.25084686279297
2024-07-19,222.3836212158203,146.11607360839844,146.15704345703125,61.687801361083984,430.3468017578125,117.7359390258789,159.1381072998047,536.2941284179688,540.3807373046875,108.69432830810547
2024-07-22,222.03662109375,144.13296508789062,145.7318572998047,61.19648742675781,436.0865783691406,123.33671569824219,159.41285705566406,541.8232421875,533.8809204101562,107.94515228271484
2024-07-23,223.0775909423828,141.470458984375,143.9461212158203,61.37601089477539,437.9670104980469,122.38826751708984,157.8684844970703,540.9732666015625,530.2199096679688,106.20336151123047
2024-07-24,216.66317749023438,142.3702392578125,147.6593475341797,62.179115295410156,422.2638244628906,114.06200408935547,159.17599487304688,528.7135620117188,535.0469970703125,107.70167541503906
2024-07-25,215.6221923828125,144.63792419433594,150.83399963378906,62.42476272583008,411.9263000488281,112.09524536132812,158.1337890625,525.9586791992188,534.9800415039062,109.96791076660156
2024-07-26,216.08815002441406,144.91336059570312,151.77882385253906,63.350704193115234,418.6899719238281,112.87395477294922,160.22769165039062,531.849365234375,544.5769653320312,109.874267578125
2024-07-29,216.36573791503906,143.77491760253906,149.8135528564453,63.1428337097168,420.12738037109375,111.4063720703125,161.00460815429688,532.161865234375,541.7380981445312,108.72242736816406
2024-07-30,216.9209442138672,146.50167846679688,152.43075561523438,63.945945739746094,416.37640380859375,103.5593032836914,153.2069091796875,529.4657592773438,550.895263671875,110.66088104248047
2024-07-31,220.17276000976562,147.3279571533203,149.14273071289062,63.05780029296875,411.8770446777344,116.82743835449219,152.31625366210938,538.072021484375,550.7327880859375,111.05419158935547
2024-08-01,216.48471069335938,140.12086486816406,151.89222717285156,64.21049499511719,410.65618896484375,109.03028869628906,156.98731994628906,530.4523315429688,547.492431640625,109.5184097290039
2024-08-02,217.97183227539062,136.38417053222656,155.0857696533203,65.50492095947266,402.16961669921875,107.0934829711914,161.14675903320312,520.576171875,563.799560546875,109.4528579711914
2024-08-05,207.4727783203125,132.81277465820312,152.35516357421875,64.34275817871094,389.0360412597656,100.28470611572266,159.23284912109375,505.4150695800781,544.8064575195312,107.47694396972656
2024-08-06,205.45028686523438,131.49986267089844,150.20094299316406,64.29552459716797,393.427001953125,104.07845306396484,159.26124572753906,510.0747985839844,543.2675170898438,106.90570831298828
2024-08-07,208.01806640625,130.74703979492188,150.13478088378906,64.68289947509766,392.2652587890625,98.74723815917969,161.0899200439453,506.66546630859375,541.09765625,108.32910919189453
2024-08-08,211.47808837890625,132.6566925048828,151.3820037841797,64.93800354003906,396.4593811035156,104.79725646972656,161.895263671875,518.378173828125,541.2505493164062,110.39867401123047
2024-08-09,214.38290405273438,133.11572265625,151.75991821289062,64.89076232910156,399.73785400390625,104.57763671875,161.58258056640625,520.6640625,534.1006469726562,111.29766082763672
2024-08-12,215.91146850585938,133.14329528808594,151.0607452392578,64.40890502929688,400.5155944824219,108.84060668945312,158.04849243164062,520.9376831054688,540.342529296875,111.43814086914062
2024-08-13,219.62364196777344,132.34451293945312,149.65293884277344,64.68289947509766,407.604248046875,115.94889831542969,158.50328063964844,529.5048217773438,548.8975219726562,110.37059020996094
2024-08-14,220.07029724121094,132.8219451904297,149.7379608154297,64.79629516601562,410.41009521484375,117.88569641113281,159.93397521972656,531.17529296875,554.087890625,111.39130401611328
2024-08-15,223.04795837402344,134.77749633789062,150.3143310546875,64.86241912841797,415.2626953125,122.6578369140625,159.10018920898438,540.27978515625,554.0304565429688,112.0804443359375
2024-08-16,224.36807250976562,135.2090301513672,150.5977783203125,65.36317443847656,412.7378234863281,124.37499237060547,159.07179260253906,541.4910278320312,552.185791015625,111.55179595947266
2024-08-19,224.209228515625,136.3137969970703,150.8245391845703,65.17422485351562,415.7558288574219,129.7860870361328,159.5739288330078,546.66845703125,553.2371826171875,111.89163208007812
2024-08-20,224.8246307373047,134.32704162597656,151.32530212402344,65.5521469116211,418.9810791015625,127.04061126708984,161.45945739746094,545.779541015625,555.024658203125,108.16285705566406
2024-08-21,224.71546936035156,134.9119415283203,152.52523803710938,65.73165893554688,418.33013916015625,128.28855895996094,161.22254943847656,547.6550903320312,552.5585327148438,107.4737319946289
2024-08-22,222.859375,135.29257202148438,153.39451599121094,65.50492095947266,409.8577575683594,123.53639221191406,161.2130584716797,543.3568725585938,553.1797485351562,108.304443359375
2024-08-23,225.15219116210938,137.0471954345703,155.07630920410156,65.93952178955078,411.0807800292969,129.1571044921875,160.2845458984375,549.1301879882812,558.71435546875,109.80540466308594
2024-08-26,225.4896697998047,137.86416625976562,155.52984619140625,66.93159484863281,407.82598876953125,126.25190734863281,161.40255737304688,547.8211669921875,561.2186889648438,112.15595245361328
2024-08-27,226.33334350585938,136.4251708984375,155.12998962402344,67.55518341064453,408.1711730957031,128.08888244628906,160.36033630371094,548.5733642578125,561.4288330078125,111.08924102783203
2024-08-28,224.8048095703125,135.54322814941406,156.05343627929688,67.79139709472656,404.9755859375,125.4033203125,160.18032836914062,545.388916015625,562.56640625,109.99420166015625
2024-08-29,228.0802459716797,136.86151123046875,156.34854125976562,68.07484436035156,407.4610595703125,117.3965072631836,161.09938049316406,545.4375,565.4627685546875,111.51403045654297
2024-08-30,227.29612731933594,137.35357666015625,157.90032958984375,68.4716567993164,411.426025390625,119.17356872558594,162.53005981445312,550.6442260742188,564.1531982421875,111.33468627929688
2024-09-03,221.11248779296875,134.29920959472656,159.13795471191406,68.98188018798828,403.83148193359375,107.8222885131836,165.35353088378906,539.3126831054688,572.2589111328125,109.00301361083984
2024-09-04,219.20677185058594,131.8947296142578,159.328369140625,68.55669403076172,403.29888916015625,106.03523254394531,166.66102600097656,538.2088012695312,577.5161743164062,107.6719741821289
2024-09-05,220.7253875732422,130.8363494873047,157.07208251953125,67.2433853149414,402.7958679199219,107.03358459472656,166.25364685058594,536.8997802734375,569.2096557617188,106.83182525634766
2024-09-06,219.17698669433594,128.63612365722656,156.49136352539062,67.21504211425781,396.197509765625,102.66080474853516,166.3673553466797,527.8636474609375,570.5383911132812,106.33151245117188
2024-09-09,219.26634216308594,130.25148010253906,158.6143341064453,67.88587188720703,400.16241455078125,106.2947998046875,166.81263732910156,533.7736206054688,567.881103515625,108.56876373291016
2024-09-10,218.47225952148438,128.32972717285156,159.34739685058594,67.60243225097656,408.5262756347656,107.922119140625,168.4517822265625,536.0986938476562,572.593505859375,104.61344909667969
2024-09-11,221.00328063964844,128.0048065185547,156.91026306152344,67.15836334228516,417.2451171875,116.71763610839844,164.78504943847656,541.5984497070312,563.7230224609375,103.57504272460938
2024-09-12,221.11248779296875,129.2395477294922,156.73890686035156,67.30009460449219,421.1509094238281,118.95413208007812,164.35867309570312,546.1605224609375,562.45166015625,105.00048065185547
2024-09-13,220.844482421875,130.53929138183594,157.57664489746094,67.93270111083984,424.6917724609375,118.91419219970703,164.93666076660156,549.0130004882812,568.0913696289062,104.92495727539062
2024-09-16,214.7104949951172,131.9132843017578,158.97613525390625,68.58909606933594,425.4314880371094,116.59781646728516,167.93069458007812,549.8237915039062,565.1368408203125,106.3975830078125
2024-09-17,215.17697143554688,133.13873291015625,159.05227661132812,68.30371856689453,429.18927001953125,115.40967559814453,166.64210510253906,550.0485229492188,554.412353515625,107.78526306152344
2024-09-18,219.04794311523438,133.64935302734375,158.17642211914062,68.25614166259766,424.9087219238281,113.19313049316406,164.78504943847656,548.4171142578125,556.9927368164062,108.16285705566406
2024-09-19,227.16708374023438,134.60556030273438,156.91026306152344,67.18115234375,432.6807861328125,117.68611907958984,162.53005981445312,557.7755737304688,553.5586547851562,109.50333404541016
2024-09-20,226.50205993652344,135.24615478515625,156.28192138671875,68.1514892578125,429.3076477050781,115.81903839111328,165.06930541992188,556.8114013671875,551.5730590820312,108.81420135498047
2024-09-23,224.78494262695312,136.9729461669922,155.3870391845703,68.23710632324219,427.57177734375,116.07861328125,164.64291381835938,558.2026977539062,550.0476684570312,110.78717041015625
2024-09-24,225.67825317382812,136.88937377929688,154.96815490722656,67.85659790039062,423.29119873046875,120.68144226074219,164.1407928466797,559.7998657226562,551.7552490234375,110.49452209472656
2024-09-25,224.68568420410156,133.6586151123047,152.8927764892578,67.97073364257812,426.1908874511719,123.31731414794922,163.2122344970703,558.5653076171875,552.82958984375,108.34222412109375
2024-09-26,225.82713317871094,131.8204345703125,153.64486694335938,67.92317962646484,425.4018859863281,123.84648132324219,164.11236572265625,560.7798461914062,551.3906860351562,106.48253631591797
2024-09-27,226.09510803222656,135.06976318359375,153.6543731689453,68.29419708251953,422.15692138671875,121.21060943603516,164.4344940185547,559.9664916992188,558.1438598632812,109.33342742919922
2024-09-30,231.266357421875,136.7222900390625,154.28273010253906,68.36078643798828,424.40570068359375,121.25054931640625,164.10289001464844,562.2103881835938,560.8585815429688,110.6550064086914
2024-10-01,224.5269012451172,138.9782257080078,154.216064453125,68.21810150146484,414.9273681640625,116.81746673583984,163.95127868652344,557.1738891601562,559.5347900390625,113.21322631835938
2024-10-02,225.0926513671875,140.138671875,153.43539428710938,67.55216979980469,411.41607666015625,118.66458129882812,162.89012145996094,557.4089965820312,568.177734375,114.71417999267578
2024-10-03,223.99090576171875,140.41720581054688,152.79754638671875,67.0860366821289,410.8341979980469,122.6583480834961,161.18463134765625,556.3900146484375,568.5997924804688,115.71481323242188
2024-10-04,225.11248779296875,139.9437255859375,152.59762573242188,66.7530746459961,410.36077880859375,124.72511291503906,160.00979614257812,561.4461059570312,567.1129760742188,117.83879852294922
2024-10-07,220.04052734375,140.29652404785156,151.8740997314453,65.6495590209961,403.93011474609375,127.52074432373047,158.3422088623047,556.3704223632812,559.7842407226562,118.34854888916016
2024-10-08,224.0901641845703,138.0962677001953,152.0264434814453,65.8113021850586,409.02923583984375,132.68267822265625,159.32760620117188,561.6322631835938,557.8848876953125,115.2050552368164
2024-10-09,227.8320770263672,138.9318084716797,152.94036865234375,66.18229675292969,411.7415771484375,132.44305419921875,160.37930297851562,565.5225219726562,567.1320190429688,115.25224304199219
2024-10-10,227.3358154296875,139.8323516845703,152.80709838867188,65.87787628173828,410.1437683105469,134.5996856689453,160.0760955810547,564.53271484375,573.3480834960938,116.24344635009766
2024-10-11,225.85690307617188,140.57504272460938,153.71151733398438,66.18229675292969,410.61724853515625,134.58969116210938,162.1036834716797,567.9132690429688,573.6837768554688,116.68712615966797
2024-10-14,229.5790252685547,140.9092559814453,153.8447723388672,66.914794921875,413.39862060546875,137.85459899902344,163.44912719726562,572.557861328125,580.7344360351562,117.13080596923828
2024-10-15,232.11004638671875,137.14932250976562,156.2248077392578,66.914794921875,413.0040283203125,131.39471435546875,164.45346069335938,568.1093139648438,533.6251831054688,113.60970306396484
2024-10-16,230.05543518066406,138.07769775390625,156.39617919921875,67.13360595703125,410.4199523925781,135.5082550048828,163.32595825195312,570.5785522460938,548.0621337890625,113.90233612060547
2024-10-17,230.42269897460938,140.3708038330078,156.57705688476562,66.49622344970703,411.01171875,136.7163543701172,163.23118591308594,570.6275024414062,542.9683837890625,113.60970306396484
2024-10-18,233.25148010253906,139.95301818847656,157.1958465576172,67.00993347167969,412.43206787109375,137.7847137451172,163.23788452148438,572.8223876953125,546.4024658203125,113.28875732421875
2024-10-21,234.72047424316406,140.07371520996094,155.0157470703125,66.06813049316406,413.04345703125,143.48580932617188,161.57955932617188,571.8817138671875,548.186767578125,113.35482025146484
2024-10-22,234.1050567626953,140.11082458496094,155.60598754882812,66.06813049316406,421.6539306640625,143.36598205566406,161.73204040527344,571.5780029296875,546.642333984375,113.94010162353516
2024-10-23,229.04302978515625,139.70236206054688,157.90032958984375,64.69824981689453,418.7837829589844,139.34226989746094,161.61770629882812,566.3552856445312,541.6351318359375,113.53418731689453
2024-10-24,228.8544464111328,139.6745147705078,155.8154296875,64.02283477783203,418.9120178222656,140.19094848632812,161.65579223632812,567.5802001953125,537.9611206054688,112.89227294921875
2024-10-25,229.68820190429688,140.00872802734375,153.15933227539062,63.661338806152344,422.28515625,141.31918334960938,160.32154846191406,567.384033203125,541.5582885742188,112.79785919189453
2024-10-28,231.6633758544922,139.758056640625,153.8447723388672,63.42350387573242,420.74652099609375,140.30076599121094,161.350830078125,569.13818359375,542.2105712890625,112.24091339111328
2024-10-29,231.93138122558594,137.8827362060547,152.40725708007812,62.367557525634766,426.03314208984375,141.02963256835938,159.3208465576172,570.0592041015625,539.227294921875,110.71163177490234
2024-10-30,228.38792419433594,137.4464111328125,152.9022979736328,62.710025787353516,426.60516357421875,139.12261962890625,158.35826110839844,568.3346557617188,540.0234985351562,110.1546859741211
2024-10-31,224.22911071777344,138.16127014160156,152.18826293945312,62.12973403930664,400.7837829589844,132.55287170410156,157.42428588867188,557.1935424804688,541.500732421875,110.23965454101562
2024-11-01,221.25143432617188,142.1068572998047,152.44532775878906,61.844337463378906,404.74871826171875,135.1887664794922,157.34803771972656,559.545166015625,544.4360961914062,108.51213836669922
2024-11-04,220.3581085205078,142.94239807128906,150.64601135253906,61.93947219848633,402.8648681640625,135.83773803710938,157.32896423339844,558.3399047851562,535.044921875,111.9671630859375
2024-11-05,221.78741455078125,142.42250061035156,150.75074768066406,62.18682098388672,405.82379150390625,139.69174194335938,157.97703552246094,565.0911865234375,543.927734375,112.29755401611328
2024-11-06,221.0628662109375,146.42384338378906,150.30328369140625,60.5981330871582,414.4243469238281,145.38284301757812,153.48818969726562,579.142578125,572.3792114257812,114.22331237792969
2024-11-07,225.78741455078125,145.5418701171875,149.20849609375,60.56007766723633,419.6024475097656,148.64773559570312,155.73739624023438,583.6205444335938,580.7822875976562,114.3648910522461
2024-11-08,225.51914978027344,145.69039916992188,148.0089874267578,60.80741882324219,416.7520446777344,147.399658203125,159.83547973632812,586.1487426757812,590.72021484375,114.3271484375
2024-11-11,222.80648803710938,145.29119873046875,147.599609375,60.27469253540039,412.2840881347656,145.03338623046875,158.234375,586.7071533203125,599.7756958007812,113.72298431396484
2024-11-12,222.80648803710938,144.1678466796875,145.3147735595703,60.12248611450195,417.2353210449219,148.05862426757812,158.0532989501953,584.8847045898438,589.6266479492188,113.60970306396484
2024-11-13,223.69082641601562,147.35218811035156,145.885986328125,59.932220458984375,419.3755798339844,146.0417938232422,158.758544921875,585.1688232421875,581.1852416992188,114.66697692871094
2024-11-14,226.77114868164062,150.2116241455078,144.5817108154297,59.50413131713867,421.0424499511719,146.53103637695312,159.23507690429688,581.406005859375,568.9834594726562,114.74311828613281
2024-11-15,223.5715789794922,149.85882568359375,146.60951232910156,58.733577728271484,409.3152770996094,141.75848388671875,161.57955932617188,573.9590454101562,568.1009521484375,113.55343627929688
2024-11-18,226.57241821289062,150.76853942871094,147.34254455566406,58.84773635864258,410.0649108886719,139.93133544921875,162.7327423095703,576.310791015625,565.6260986328125,114.50518035888672
2024-11-19,226.8307647705078,149.68063354492188,145.65748596191406,59.54218673706055,412.0671081542969,146.78065490722656,162.74227905273438,578.41748046875,553.4913940429688,112.90623474121094
2024-11-20,227.54620361328125,151.3031005859375,145.76222229003906,59.922706604003906,409.798583984375,145.6623992919922,162.86619567871094,578.6134643554688,576.0339965820312,114.51469421386719
2024-11-21,227.06924438476562,151.58448791503906,148.0375213623047,60.655208587646484,408.02960205078125,146.44119262695312,164.63885498046875,581.7196044921875,573.1466064453125,116.0470199584961
2024-11-22,228.41065979003906,152.2690887451172,147.72335815429688,60.80741882324219,412.11114501953125,141.72854614257812,168.00308227539062,583.5225830078125,566.79638671875,115.91377258300781
2024-11-25,231.3916015625,150.39340209960938,148.30409240722656,61.24502182006836,413.8802185058594,135.80780029296875,169.06097412109375,585.5020141601562,581.1469116210938,114.18159484863281
2024-11-26,233.56771850585938,152.4285125732422,148.28489685058594,61.40674591064453,422.9722595214844,136.70640563964844,170.8908233642578,588.55908203125,582.0677490234375,112.27808380126953
2024-11-27,233.4385223388672,152.0346221923828,149.12937927246094,61.29258728027344,418.03094482421875,135.12884521484375,170.9384765625,586.77587890625,583.5929565429688,111.9830551147461
2024-11-29,235.8233184814453,151.86578369140625,148.75511169433594,61.42198944091797,418.49542236328125,138.03433227539062,170.8431854248047,590.4208984375,585.3388061523438,112.26856231689453
2024-12-02,238.06898498535156,152.12840270996094,148.55360412597656,61.00982666015625,425.9272766113281,138.41372680664062,171.26251220703125,591.4791870117188,583.727294921875,112.16387939453125
2024-12-03,241.10952758789062,151.85643005371094,146.21205139160156,60.88521194458008,426.1446838378906,140.0411834716797,167.1834716796875,591.75341796875,580.5712280273438,111.99256134033203
2024-12-04,241.46726989746094,148.48019409179688,144.3983154296875,59.62955093383789,432.29180908203125,144.91355895996094,166.88803100585938,595.4281005859375,585.9047241210938,108.76612091064453
2024-12-05,241.49705505371094,149.4274139404297,143.48666381835938,60.31010055541992,437.4307556152344,144.8436737060547,167.76483154296875,594.4480590820312,555.381103515625,109.24198913574219
2024-12-06,241.29830932617188,145.5916290283203,143.2851104736328,59.936279296875,438.3696594238281,142.22760009765625,165.65863037109375,595.5750732421875,527.2269287109375,108.09037780761719
2024-12-09,245.18350219726562,147.31724548339844,143.56341552734375,60.00337600708008,440.7908630371094,138.60299682617188,162.77085876464844,592.5079956054688,539.8414306640625,107.45271301269531
2024-12-10,246.197021484375,147.24220275878906,143.20835876464844,60.30051803588867,438.1324768066406,134.8685760498047,164.1908721923828,590.6658325195312,544.2421264648438,107.23380279541016
2024-12-11,244.9251708984375,146.50131225585938,140.7228546142578,60.041717529296875,443.72613525390625,139.10223388671875,162.61839294433594,595.2319946289062,513.7555541992188,106.51998138427734
2024-12-12,246.38583374023438,145.09454345703125,140.33900451660156,61.19193649291992,444.2894287109375,137.13519287109375,162.82806396484375,592.1651000976562,496.6441650390625,106.42481994628906
2024-12-13,246.55474853515625,144.30673217773438,140.7036590576172,60.501808166503906,442.0262451171875,134.04978942871094,163.02821350097656,592.0475463867188,501.1891784667969,105.4920883178711
2024-12-16,249.44627380371094,140.0770721435547,138.0454559326172,59.955448150634766,446.2956237792969,131.80313110351562,163.1044158935547,594.5756225585938,480.0238342285156,103.2364501953125
2024-12-17,251.87078857421875,138.90476989746094,140.50216674804688,60.77019119262695,449.1319580078125,130.19554138183594,162.3324737548828,592.1257934570312,467.5249328613281,102.79865264892578
2024-12-18,246.4752655029297,135.12521362304688,138.9091339111328,60.24300765991211,432.2620849609375,128.7177734375,161.1411590576172,574.478515625,481.1986389160156,101.28534698486328
2024-12-19,248.20419311523438,132.3773193359375,137.7863311767578,59.85960006713867,431.90631103515625,130.48509216308594,161.2460174560547,574.302001953125,471.1167297363281,100.41926574707031
2024-12-20,252.87437438964844,133.97166442871094,138.64041137695312,59.955448150634766,431.48138427734375,134.49911499023438,160.16905212402344,581.2000122070312,481.59344482421875,100.76190185546875
2024-12-23,253.64942932128906,134.08419799804688,139.4081573486328,59.79249954223633,430.1471862792969,139.46170043945312,160.2167205810547,584.680419921875,487.5732727050781,101.17115020751953
2024-12-24,256.5608215332031,134.90013122558594,139.96475219726562,60.23341751098633,434.17938232421875,140.01089477539062,161.0077362060547,591.1791381835938,487.3421936035156,101.26631927490234
2024-12-26,257.37554931640625,135.03143310546875,139.7056427001953,59.97461700439453,432.9736328125,139.72132873535156,162.1704559326172,591.218505859375,492.2049865722656,101.35197448730469
2024-12-27,253.96739196777344,135.05020141601562,139.19700622558594,59.85960006713867,425.4825134277344,136.8056640625,161.57003784179688,584.9949340820312,491.0880126953125,101.34246063232422
2024-12-30,250.5989227294922,134.17800903320312,137.55601501464844,59.4570198059082,419.8493347167969,137.28494262695312,159.2445831298828,578.3192138671875,488.9791564941406,100.6572036743164
2024-12-31,248.8302001953125,135.83798217773438,138.7843475341797,59.6774787902832,416.55841064453125,134.08973693847656,159.77830505371094,576.2151489257812,487.11102294921875,102.37986755371094
2025-01-02,242.30194091796875,137.59176635742188,138.20860290527344,59.27490234375,413.672607421875,138.1037139892578,158.1867218017578,574.799560546875,485.81109619140625,102.13241577148438
2025-01-03,241.81503295898438,138.66091918945312,138.37173461914062,59.188636779785156,418.3866882324219,144.25454711914062,157.37664794921875,581.9865112304688,493.9864501953125,102.65589141845703
2025-01-06,243.44461059570312,138.10757446289062,137.8631134033203,58.287628173828125,422.833984375,149.2071533203125,153.059326171875,585.3390502929688,494.631591796875,102.54167175292969
2025-01-07,240.67233276367188,140.2927703857422,140.3293914794922,58.31637954711914,417.418212890625,139.93099975585938,153.7264862060547,578.7223510742188,495.1900939941406,103.5029296875
2025-01-08,241.15921020507812,140.95864868164062,136.52919006347656,59.150291442871094,419.58251953125,139.9010467529297,154.4888916015625,579.56787109375,505.0794677734375,101.770751953125
2025-01-10,235.3463592529297,143.6221160888672,136.3276824951172,58.536842346191406,414.0382995605469,135.7073211669922,151.1151123046875,570.7192993164062,501.391357421875,101.3995590209961
2025-01-13,232.9119110107422,145.69476318359375,138.64041137695312,59.09278106689453,412.2989196777344,133.03131103515625,151.3819580078125,571.604248046875,521.08349609375,104.01688385009766
2025-01-14,231.79904174804688,147.1484375,138.9091339111328,59.46660232543945,410.7967834472656,131.56349182128906,152.2397003173828,572.3907470703125,523.587158203125,104.42613220214844
2025-01-15,236.35987854003906,148.4895782470703,139.12025451660156,59.207801818847656,421.3119812011719,136.03684997558594,152.1539306640625,582.8025512695312,523.2789916992188,106.12977600097656
2025-01-16,226.8108673095703,149.47430419921875,141.80726623535156,59.66789627075195,419.6022644042969,133.3708038330078,152.96401977539062,581.6817626953125,491.665771484375,105.94892883300781
2025-01-17,228.5199737548828,151.4344024658203,141.0971221923828,60.10881042480469,424.0001220703125,137.504638671875,153.56443786621094,587.521728515625,490.8665466308594,106.90069580078125
2025-01-21,221.2265625,148.40516662597656,142.1719207763672,59.83084487915039,423.476318359375,140.61996459960938,154.12672424316406,592.8995971679688,505.5321044921875,106.0916976928711
2025-01-22,222.40902709960938,146.6888885498047,139.4081573486328,59.21739196777344,440.9688720703125,146.85067749023438,157.0049591064453,596.232666015625,500.45733642578125,104.24530792236328
2025-01-23,222.24009704589844,146.31375122070312,140.7228546142578,58.97775650024414,441.47283935546875,147.00045776367188,158.34873962402344,599.4868774414062,510.1348876953125,104.83540344238281
2025-01-24,221.36566162109375,145.9761199951172,140.89561462402344,59.35157775878906,438.8539123535156,142.40731811523438,157.36781311035156,597.73681640625,512.7733764648438,103.41727447509766
2025-01-27,228.40074157714844,147.45791625976562,146.72067260742188,61.22069549560547,429.4653015136719,118.24340057373047,162.67990112304688,589.2816162109375,523.375244140625,104.85443115234375
2025-01-28,236.74740600585938,146.50131225585938,144.3119354248047,59.77333068847656,441.9571228027344,128.79763793945312,159.35264587402344,594.3448486328125,522.373779296875,102.82719421386719
2025-01-29,237.84042358398438,146.01364135742188,145.05087280273438,60.22383499145508,437.1441955566406,123.5155258178711,159.39102172851562,591.6805419921875,518.1560668945312,103.42679595947266
2025-01-30,236.0816650390625,146.60447692871094,146.70147705078125,61.393226623535156,410.12469482421875,124.464111328125,160.52247619628906,594.8561401367188,525.349365234375,104.28337860107422
2025-01-31,234.5017547607422,139.9176025390625,146.01052856445312,60.84687423706055,410.19390869140625,119.89094543457031,159.160888671875,591.6903076171875,522.3834228515625,101.67559051513672
2025-02-03,226.56248474121094,140.0583038330078,145.74180603027344,60.72226333618164,406.1024475097656,116.48603057861328,161.81689453125,587.70849609375,527.862548828125,101.92302703857422
2025-02-04,231.32208251953125,143.69715881347656,147.29644775390625,60.07046890258789,407.5354309082031,118.47306060791016,161.2128448486328,591.6510009765625,525.2337036132812,104.65454864501953
2025-02-05,230.99415588378906,143.4814453125,148.44802856445312,60.501808166503906,408.4446716308594,124.64382934570312,162.05662536621094,594.0499267578125,519.802734375,104.57841491699219
2025-02-06,231.73939514160156,142.4591827392578,147.31561279296875,60.731849670410156,410.9449768066406,128.48809814453125,161.93199157714844,596.1145629882812,510.3948974609375,103.1983871459961
2025-02-07,226.1848907470703,143.1344451904297,146.94137573242188,61.19193649291992,404.9461669921875,129.64634704589844,161.05943298339844,590.6580810546875,507.49639892578125,103.63618469238281
2025-02-10,226.45346069335938,146.0886688232422,148.01617431640625,61.87248992919922,407.38720703125,133.3708038330078,160.6375274658203,594.6693725585938,513.6014404296875,105.61582946777344
2025-02-11,231.3973388671875,147.65487670898438,149.82994079589844,64.79597473144531,406.6163330078125,132.6019744873047,162.45933532714844,595.1216430664062,514.1310424804688,106.28205108642578
2025-02-12,235.62501525878906,145.2727508544922,148.9950408935547,65.85993194580078,404.2444763183594,130.94444274902344,162.60317993164062,593.2044067382812,507.85272216796875,103.08436584472656
2025-02-13,240.26051330566406,146.1918487548828,150.9047393798828,66.61717224121094,405.72686767578125,135.08822631835938,163.98394775390625,599.4672241210938,511.49261474609375,103.8333740234375
2025-02-14,243.3144073486328,147.30128479003906,149.84912109375,66.0133056640625,403.6416320800781,138.64292907714844,156.18841552734375,599.4376831054688,504.10699462890625,103.93901062011719
2025-02-18,243.18507385253906,148.078857421875,149.92649841308594,66.18583679199219,404.8374938964844,139.19212341308594,158.6239013671875,601.1975708007812,482.17120361328125,105.76351165771484
2025-02-19,243.58294677734375,149.09347534179688,152.7317657470703,67.16352081298828,409.90728759765625,139.02235412597656,159.6403350830078,602.61328125,492.09906005859375,105.91715240478516
2025-02-20,244.53790283203125,150.57273864746094,154.46327209472656,67.13477325439453,412.07598876953125,139.9010467529297,160.33070373535156,600.1062622070312,483.798583984375,107.54960632324219
2025-02-21,244.25938415527344,148.7995147705078,156.99769592285156,68.39043426513672,404.2331237792969,134.22952270507812,163.2264404296875,589.842041015625,449.13287353515625,106.29166412353516
2025-02-24,245.80123901367188,149.7193145751953,158.39064025878906,67.66195678710938,400.0641174316406,130.08572387695312,163.523681640625,587.157958984375,444.4143981933594,106.84860229492188
2025-02-25,245.7415771484375,148.3253936767578,160.6638641357422,68.52462005615234,394.0235595703125,126.44115447998047,165.546875,584.2379150390625,452.94610595703125,105.36980438232422
2025-02-26,239.09666442871094,147.1116180419922,157.75221252441406,67.86324310302734,395.8357849121094,131.08421325683594,164.25244140625,584.5328369140625,446.40771484375,105.11052703857422
2025-02-27,236.0527801513672,148.56246948242188,158.38095092773438,67.93035125732422,388.70587158203125,119.9708251953125,164.8948516845703,575.2026977539062,451.1934814453125,105.77310943603516
2025-02-28,240.5688934326172,150.4115447998047,159.62881469726562,68.25623321533203,393.1224365234375,124.73371124267578,166.68792724609375,584.1788940429688,457.3563232421875,106.90621948242188
2025-03-03,236.77890014648438,145.16770935058594,161.8149871826172,69.3201904296875,384.7052001953125,113.88990020751953,168.36593627929688,573.9441528320312,449.7395324707031,103.47808074951172
2025-03-04,234.68994140625,144.1341094970703,160.01576232910156,67.27854919433594,384.8240661621094,115.81702423095703,166.05506896972656,567.150390625,457.019287109375,103.2668228149414
2025-03-05,234.50094604492188,143.00572204589844,159.72555541992188,67.17311096191406,397.1131591796875,117.12507629394531,167.4262237548828,573.24609375,458.33856201171875,101.25027465820312
2025-03-06,234.09312438964844,145.03497314453125,160.41236877441406,67.53734588623047,393.0234375,110.40510559082031,167.4741973876953,563.0703735351562,469.6434326171875,103.3436508178711
2025-03-07,237.81344604492188,148.24954223632812,161.24427795410156,68.46710968017578,389.478271484375,112.5219497680664,168.71112060546875,566.2262573242188,475.18994140625,104.6880111694336
2025-03-10,226.2843475341797,149.4158935546875,162.2212677001953,68.48627471923828,376.4563903808594,106.8204574584961,169.00836181640625,551.14453125,464.3976135253906,107.3575439453125
2025-03-11,219.6792755126953,146.10650634765625,160.44139099121094,68.09329223632812,376.7436218261719,108.59780883789062,165.99752807617188,546.5628662109375,470.02587890625,104.82244110107422
2025-03-12,215.8395538330078,144.7694549560547,157.5297088623047,67.03890991210938,379.53607177734375,115.57803344726562,161.44296264648438,549.4632568359375,465.2582702636719,104.79364776611328
2025-03-13,208.5779266357422,145.66079711914062,157.6651611328125,66.73219299316406,375.0799255371094,115.41825103759766,161.65390014648438,542.1386108398438,465.65478515625,104.35192108154297
2025-03-14,212.36788940429688,148.8943328857422,157.4910125732422,66.78047180175781,384.77459716796875,121.49972534179688,161.05943298339844,553.3369140625,472.5498352050781,107.45358276367188
2025-03-17,212.87521362304688,150.50636291503906,157.52005004882812,67.70744323730469,384.9131774902344,119.36272430419922,162.77577209472656,557.6039428710938,482.57818603515625,109.23966217041016
2025-03-18,211.57211303710938,152.4882049560547,158.8839569091797,66.99290466308594,379.7836608886719,115.26846313476562,160.8101348876953,551.5770874023438,487.20068359375,109.12442779541016
2025-03-19,214.10870361328125,155.56056213378906,157.6651611328125,66.8963394165039,384.0417785644531,117.35553741455078,161.634765625,557.5842895507812,486.6204833984375,110.82410430908203
2025-03-20,212.97471618652344,156.24330139160156,157.6941680908203,67.31153869628906,383.0712890625,118.36412048339844,160.65672302246094,555.9718627929688,494.4535827636719,111.29462432861328
2025-03-21,217.12277221679688,156.22433471679688,158.2842559814453,66.30732727050781,387.4482727050781,117.5352783203125,159.83209228515625,556.1552734375,499.8206787109375,110.91053009033203
2025-03-24,219.56983947753906,156.48036193847656,157.955322265625,66.57769012451172,389.25048828125,121.24009704589844,158.83486938476562,566.1151733398438,499.4822692871094,111.1986083984375
2025-03-25,222.57395935058594,157.35275268554688,155.75949096679688,66.4425048828125,391.3102722167969,120.5210952758789,156.15008544921875,567.4760131835938,496.51336669921875,111.95720672607422
2025-03-26,220.36563110351562,159.27769470214844,156.4366455078125,67.61087799072266,386.17083740234375,113.60079956054688,159.72659301757812,560.7013549804688,501.1262512207031,113.57044219970703
2025-03-27,222.67344665527344,158.0260009765625,157.8005828857422,68.30611419677734,386.77484130859375,111.27406311035156,161.7689971923828,559.2122802734375,498.7279052734375,113.20555877685547
2025-03-28,216.75469970703125,157.49497985839844,158.36163330078125,67.94884490966797,375.109619140625,109.51652526855469,161.116943359375,547.95068359375,499.0373840332031,113.05192565917969
2025-03-31,220.9624786376953,158.63287353515625,160.42202758789062,69.15582275390625,371.73291015625,108.22831726074219,163.4086151123047,551.62890625,506.4933776855469,114.20423126220703
2025-04-01,222.01690673828125,159.7897491455078,148.24334716796875,69.39723205566406,378.46661376953125,109.995849609375,163.54287719726562,553.1869506835938,505.8841247558594,114.30986785888672
2025-04-02,222.71322631835938,157.85531616210938,150.28440856933594,68.87580108642578,378.4171142578125,110.26546478271484,162.52647399902344,556.687744140625,505.9615173339844,113.95455932617188
2025-04-03,202.1220245361328,148.04090881347656,154.59872436523438,70.66215515136719,369.47503662109375,101.65753936767578,165.29759216308594,529.2537841796875,522.633544921875,107.9625244140625
2025-04-04,187.389892578125,135.86537170410156,148.2336883544922,67.52397918701172,356.3343200683594,94.17801666259766,157.01304626464844,498.2696838378906,507.7505187988281,100.19397735595703
2025-04-07,180.50625610351562,132.89735412597656,145.6992645263672,66.01765441894531,354.3736267089844,97.50335693359375,153.63784790039062,497.3821716308594,507.41204833984375,98.849609375
2025-04-08,171.51376342773438,129.84397888183594,145.09951782226562,66.06593322753906,351.1058044433594,96.16522979736328,151.87355041503906,489.591796875,534.8569946289062,96.76583862304688
2025-04-09,197.80484008789062,138.4730682373047,146.03782653808594,67.54328155517578,386.6857604980469,114.17000579833984,155.64187622070312,541.0084838867188,559.439453125,101.5959701538086
2025-04-10,189.4191436767578,127.99490356445312,143.83233642578125,68.32542419433594,377.6347961425781,107.4194564819336,156.8308563232422,517.3018798828125,574.8155517578125,95.95921325683594
2025-04-11,197.1085205078125,128.61126708984375,146.7729949951172,68.97236633300781,384.6656188964844,110.7747573852539,160.04302978515625,526.531982421875,579.7184448242188,99.04166412353516
2025-04-14,201.45555114746094,128.31732177734375,149.31707763671875,69.95726776123047,384.0318908691406,110.55506896972656,162.17169189453125,531.6401977539062,567.7174072265625,99.28173065185547
2025-04-15,201.07752990722656,127.5776596069336,148.6012725830078,69.3875732421875,381.97216796875,112.04297637939453,161.53884887695312,530.151123046875,564.3618774414062,99.00325012207031
2025-04-16,193.24891662597656,128.35523986816406,148.8817901611328,69.2137680053711,367.9896545410156,104.3437728881836,159.54443359375,518.366943359375,565.763916015625,100.04994201660156
2025-04-17,195.9446563720703,130.7353515625,152.32546997070312,70.48834991455078,364.1969909667969,101.34797668457031,163.6099853515625,519.1065063476562,439.14788818359375,102.67145538330078
2025-04-21,192.14476013183594,126.80957794189453,151.79344177246094,70.2662582397461,355.6213684082031,96.77438354492188,159.9214324951172,506.7503356933594,411.3161315917969,101.1638412475586
2025-04-22,198.69017028808594,130.19482421875,152.59632873535156,71.35738372802734,363.246337890625,98.75159454345703,161.97654724121094,519.9349365234375,413.10516357421875,103.99663543701172
2025-04-23,203.52464294433594,129.60691833496094,150.30377197265625,70.77803039550781,370.74261474609375,102.5662612915039,159.90213012695312,527.991455078125,413.8594970703125,103.10357666015625
2025-04-24,207.27481079101562,131.8732452392578,149.8684539794922,70.02486419677734,383.5268249511719,106.28105163574219,153.920166015625,539.105224609375,410.2717590332031,104.3134994506836
2025-04-25,208.1800079345703,131.55084228515625,149.52989196777344,69.43586730957031,388.0325012207031,110.85465240478516,155.35775756835938,543.0003662109375,404.8465881347656,104.25588989257812
2025-04-28,209.03549194335938,132.84994506835938,150.27474975585938,69.31998443603516,387.3492431640625,108.57784271240234,156.1585693359375,543.2073974609375,406.1617736816406,104.3134994506836
2025-04-29,210.09988403320312,132.0913543701172,150.8164520263672,69.8607177734375,390.2012023925781,108.867431640625,156.55413818359375,546.6293334960938,395.74658203125,104.05424499511719
2025-04-30,211.3831024169922,129.0189971923828,151.203369140625,70.0538330078125,391.4093017578125,108.76756286621094,156.85325622558594,546.84619140625,397.8837585449219,101.4327163696289
2025-05-01,212.1988067626953,129.2086639404297,149.413818359375,68.8371810913086,421.2556457519531,111.45381164550781,154.3543243408203,550.7216796875,387.47833251953125,101.57676696777344
2025-05-02,204.2706756591797,131.33274841308594,151.0195770263672,69.18479919433594,431.0393981933594,114.33976745605469,154.87533569335938,558.8966064453125,386.7433776855469,101.98966979980469
2025-05-05,197.84463500976562,128.4879913330078,149.93618774414062,69.23307800292969,431.9207458496094,113.66072082519531,153.24476623535156,555.6918334960938,391.4721984863281,99.16649627685547
2025-05-06,197.4666290283203,128.58282470703125,149.42349243164062,69.25238800048828,429.0885925292969,113.38111114501953,153.64999389648438,551.047119140625,381.5115966796875,100.54927062988281
2025-05-07,195.218505859375,128.76296997070312,152.16102600097656,69.90898895263672,429.12823486328125,116.89617919921875,153.68858337402344,553.3645629882812,378.1752624511719,100.45323944091797
2025-05-08,196.45199584960938,129.9482879638672,150.57461547851562,68.72130584716797,433.9012756347656,117.20574951171875,153.0710906982422,557.2203369140625,372.8468017578125,101.85523223876953
2025-05-09,197.48654174804688,131.32327270507812,149.18167114257812,68.09368133544922,434.45574951171875,116.48676300048828,152.1159210205078,556.51025390625,368.0986022949219,103.04595947265625
2025-05-12,209.95703125,134.29127502441406,149.10427856445312,67.13773345947266,444.88323974609375,122.82786560058594,155.24197387695312,574.9014892578125,366.2708740234375,104.82244110107422
2025-05-13,212.0885772705078,134.98350524902344,143.59048461914062,66.58734893798828,444.764404296875,129.7481689453125,153.14825439453125,578.6981811523438,301.1205749511719,105.11052703857422
2025-05-14,211.490966796875,134.33868408203125,141.5784454345703,66.78047180175781,448.52734375,135.1505889892578,152.46324157714844,579.437744140625,297.86163330078125,104.16947937011719
2025-05-15,210.61444091796875,134.89816284179688,144.72227478027344,69.14617156982422,449.5392761230469,134.6413116455078,156.69886779785156,582.2679443359375,265.3106689453125,105.22579956054688
2025-05-16,210.42520141601562,134.74642944335938,146.38607788085938,69.52275848388672,450.6702575683594,135.2105255126953,157.5382843017578,585.9559936523438,282.2921142578125,104.84785461425781
2025-05-19,207.9550018310547,132.92283630371094,147.50819396972656,69.45516204833984,455.2337951660156,135.38027954101562,158.9759063720703,586.596923828125,305.4820251464844,103.18097686767578
2025-05-20,206.04258728027344,131.7518768310547,148.6399383544922,69.22342681884766,454.5393371582031,134.19192504882812,159.81529235839844,584.6246948242188,310.9844970703125,101.70793151855469
2025-05-21,201.2914276123047,130.110595703125,148.17562866210938,69.37791442871094,448.98370361328125,131.6155548095703,159.6126708984375,574.7733154296875,292.997314453125,100.45779418945312
2025-05-22,200.56431579589844,129.85145568847656,147.624267578125,68.69233703613281,451.2555847167969,132.64410400390625,159.2267303466797,575.0001831054688,286.895263671875,99.78910827636719
2025-05-23,194.4983673095703,131.05120849609375,147.9434814453125,69.3006591796875,446.6126708984375,131.1062469482422,160.02755737304688,571.0753173828125,285.8315124511719,99.84724426269531
2025-05-27,199.41885375976562,132.2893524169922,149.5142364501953,69.31031799316406,457.0393371582031,135.31036376953125,161.86074829101562,582.9484252929688,285.2802734375,100.32211303710938
2025-05-28,199.62803649902344,130.55210876464844,148.71420288085938,68.7020034790039,453.7357482910156,134.621337890625,161.47482299804688,579.5757446289062,288.2878112792969,98.9556655883789
2025-05-29,199.15988159179688,132.3661346435547,149.836181640625,69.0302963256836,455.0452880859375,138.99520874023438,162.63262939453125,581.8635864257812,288.3458251953125,99.51775360107422
2025-05-30,200.05633544921875,131.20477294921875,151.42645263671875,69.61931610107422,456.71197509765625,134.94090270996094,163.9158477783203,581.2127685546875,291.9626159667969,99.13980102539062
2025-06-02,200.90298461914062,132.29893493652344,151.61181640625,69.52275848388672,458.3092346191406,137.18775939941406,161.88003540039062,584.4866333007812,294.6800231933594,99.86663818359375
2025-06-03,202.46676635742188,133.94020080566406,150.6557159423828,68.71166229248047,459.3013000488281,141.02236938476562,160.9827423095703,587.8197631835938,291.2953186035156,100.59346771240234
2025-06-04,202.01856994628906,131.8478546142578,149.48495483398438,68.91443634033203,460.19415283203125,141.7213897705078,160.11439514160156,587.6619873046875,290.4830322265625,99.13980102539062
2025-06-05,199.8372039794922,131.396728515625,149.91421508789062,68.47026824951172,463.97393798828125,139.79409790039062,157.07516479492188,584.8219604492188,286.09259033203125,98.68431854248047
2025-06-06,203.11419677734375,134.5736846923828,151.25083923339844,68.8951187133789,466.6525573730469,141.52166748046875,158.25225830078125,590.8274536132812,293.22943115234375,101.04893493652344
2025-06-09,200.65394592285156,135.10157775878906,151.44595336914062,69.3006591796875,469.0038146972656,142.43040466308594,156.84359741210938,591.3599853515625,293.2004699707031,101.72732543945312
2025-06-10,201.869140625,137.58746337890625,152.63623046875,69.8607177734375,467.1883239746094,143.758544921875,157.11373901367188,594.7127685546875,293.7806701660156,103.9078140258789
2025-06-11,197.99452209472656,138.9599609375,151.4752197265625,69.59033966064453,468.87481689453125,142.6400146484375,156.40943908691406,593.0167236328125,300.3276062011719,105.93324279785156
2025-06-12,198.412841796875,139.14231872558594,152.84109497070312,69.7544937133789,475.0753173828125,144.80712890625,157.44178771972656,595.3734741210938,308.0059814453125,106.34028625488281
2025-06-13,195.67372131347656,140.0445556640625,153.2703857421875,69.06404876708984,471.1962890625,141.78114318847656,154.64378356933594,588.7171630859375,303.19970703125,108.65644836425781
2025-06-16,197.63592529296875,140.15972900390625,151.4362030029297,68.57781982421875,475.3431701660156,144.49754333496094,155.2227020263672,594.318359375,299.63519287109375,109.00533294677734
2025-06-17,194.86692810058594,142.86636352539062,148.66543579101562,67.7026138305664,474.25189208984375,143.92828369140625,152.94566345214844,589.2398681640625,300.81365966796875,110.47836303710938
2025-06-18,195.80320739746094,142.23289489746094,147.05564880371094,67.30390167236328,476.4344482421875,145.28648376464844,152.46324157714844,589.1510009765625,299.187255859375,109.69339752197266
2025-06-20,200.20574951171875,143.53822326660156,146.1385498046875,66.944091796875,473.616943359375,143.65866088867188,153.48597717285156,587.7673950195312,294.132568359375,111.15674591064453
2025-06-23,200.70376586914062,140.95635986328125,147.6312713623047,67.81929779052734,482.1488037109375,143.97824096679688,155.36740112304688,593.5730590820312,292.8372802734375,108.28817749023438
2025-06-24,199.50851440429688,137.7794189453125,148.48007202148438,68.27635955810547,486.2261962890625,147.7032470703125,154.72097778320312,600.13037109375,297.6484069824219,104.99320983886719
2025-06-25,200.76351928710938,137.4722900390625,148.56788635253906,67.71233367919922,488.369140625,154.10475158691406,153.37985229492188,600.4666137695312,294.142333984375,105.02229309082031
2025-06-26,200.20574951171875,138.63363647460938,148.30445861816406,67.5567398071289,493.508056640625,154.8137969970703,153.05181884765625,605.1646118164062,294.7266845703125,106.59224700927734
2025-06-27,200.28543090820312,138.009765625,148.6947021484375,68.39305114746094,492.0100402832031,157.54017639160156,154.23854064941406,608.1712036132812,301.04736328125,106.00109100341797
2025-06-30,204.3592529296875,137.4338836669922,149.02639770507812,68.80148315429688,493.4684143066406,157.7798614501953,153.71754455566406,611.0790405273438,303.8327941894531,104.46990203857422
2025-07-01,206.99879455566406,139.7182159423828,152.119140625,69.69615173339844,488.1508483886719,153.09609985351562,155.5507354736328,610.88134765625,317.6332092285156,105.86540985107422
2025-07-02,211.6005401611328,142.0313262939453,151.76792907714844,68.95708465576172,487.1984558105469,157.04083251953125,155.5314178466797,613.6505737304688,299.5378112792969,107.61949920654297
2025-07-03,212.70616149902344,142.40565490722656,152.20693969726562,69.38496398925781,494.8870544433594,159.1280517578125,155.17442321777344,618.4869995117188,300.5019836425781,108.73397064208984
2025-07-07,209.12039184570312,141.47463989257812,151.4849853515625,69.05432891845703,493.77593994140625,158.02952575683594,154.85604858398438,613.8780517578125,295.7882385253906,107.67764282226562
2025-07-08,209.1801300048828,147.0798797607422,151.99229431152344,68.30552673339844,492.68463134765625,159.78717041015625,152.3378448486328,613.541748046875,299.6741638183594,110.66250610351562
2025-07-09,210.3056640625,146.8687286376953,152.47036743164062,67.56646728515625,499.52008056640625,162.66334533691406,151.9808349609375,617.2210083007812,295.0091247558594,110.28455352783203
2025-07-10,211.57066345214844,147.9724884033203,153.84600830078125,67.84848022460938,497.5061340332031,163.88172912597656,152.91671752929688,618.9617919921875,291.69781494140625,111.37964630126953
2025-07-11,210.3256072998047,149.06666564941406,153.07525634765625,67.94573211669922,499.33154296875,164.7006378173828,151.5273895263672,616.7858276367188,296.1680908203125,111.86419677734375
2025-07-14,207.79562377929688,145.55380249023438,152.99720764160156,67.5567398071289,499.033935546875,163.85177612304688,148.35304260253906,617.9627685546875,292.7398681640625,110.40083312988281
2025-07-15,208.28370666503906,144.6324005126953,151.38742065429688,67.44976806640625,501.8117370605469,170.4729461669922,147.31103515625,615.3220825195312,284.1012268066406,109.42205047607422
2025-07-16,209.3295440673828,143.89334106445312,160.7631378173828,67.36225128173828,501.6133117675781,171.14205932617188,148.32412719726562,617.3792114257812,284.86090087890625,108.76304626464844
2025-07-17,209.19009399414062,145.29464721679688,159.0070343017578,68.64588928222656,507.6451416015625,172.7698974609375,150.1476287841797,621.1573486328125,280.55621337890625,108.21066284179688
2025-07-18,210.3455047607422,144.00851440429688,159.70947265625,67.92626953125,506.0082092285156,172.18067932128906,150.66932678222656,620.7025146484375,275.2775573730469,104.44082641601562
2025-07-21,211.64036560058594,143.66297912597656,160.35340881347656,68.14021301269531,506.01812744140625,171.1520538330078,150.60130310058594,621.87939453125,274.7808837890625,104.7121810913086
2025-07-22,213.5527801513672,144.00851440429688,163.83636474609375,67.74151611328125,501.26611328125,166.80784606933594,153.79733276367188,621.9683837890625,277.69287109375,105.18704223632812
2025-07-23,213.3037872314453,146.96470642089844,164.97784423828125,67.25527954101562,501.861328125,170.55284118652344,153.75845336914062,627.2597045898438,284.88037109375,106.53409576416016
2025-07-24,212.91531372070312,149.56578063964844,165.4266357421875,67.19692993164062,506.8316345214844,173.5089111328125,154.27330017089844,627.4674682617188,271.3136901855469,107.36753845214844
2025-07-25,213.03485107421875,148.61557006835938,164.19735717773438,67.26500701904297,509.6392517089844,173.26922607421875,153.7779083251953,630.1181030273438,273.7290344238281,106.98957824707031
2025-07-28,213.2041778564453,149.9976806640625,162.16806030273438,66.2147445678711,508.4388122558594,176.514892578125,152.62188720703125,629.9598388671875,274.7613830566406,107.99745178222656
2025-07-29,210.43516540527344,150.717529296875,164.01197814941406,67.4692153930664,508.50823974609375,175.2765350341797,152.13616943359375,628.2982788085938,254.2604522705078,109.3929672241211
2025-07-30,208.2239227294922,147.38702392578125,163.18270874023438,66.85657501220703,509.17291259765625,179.03155517578125,148.51272583007812,627.5070190429688,259.1007995605469,108.44324493408203
2025-07-31,206.74978637695312,145.54420471191406,160.72413635253906,66.02025604248047,529.2723388671875,177.63340759277344,146.17156982421875,625.1531982421875,243.0506591796875,108.19126892089844
2025-08-01,201.58030700683594,145.3138427734375,163.25100708007812,66.96354675292969,519.956787109375,173.4889373779297,146.346435546875,614.9066162109375,231.56817626953125,106.2530517578125
2025-08-04,202.54644775390625,144.96832275390625,166.8705596923828,67.06078338623047,531.3955078125,179.76058959960938,146.45327758789062,624.2530517578125,234.69444274902344,104.05317687988281
2025-08-05,202.11814880371094,146.887939453125,166.577880859375,67.14830780029297,523.5679931640625,178.02288818359375,146.21041870117188,621.0880737304688,244.45309448242188,103.92720031738281
2025-08-06,212.4073486328125,146.6383819580078,166.4315185546875,67.59564208984375,520.7802124023438,179.1813507080078,148.4932861328125,625.8455200195312,239.36924743652344,103.21974182128906
2025-08-07,219.16053771972656,147.00311279296875,167.34861755371094,68.49030303955078,516.7127685546875,180.52957153320312,149.1053009033203,625.3212890625,238.28819274902344,102.67704772949219
2025-08-08,228.44374084472656,148.77871704101562,169.104736328125,68.40277099609375,517.9031982421875,182.45700073242188,149.1247100830078,630.1972045898438,244.34597778320312,103.50079345703125
2025-08-11,226.53909301757812,147.28143310546875,169.5828094482422,68.80148315429688,517.6353759765625,181.8178253173828,150.552734375,628.9509887695312,245.78733825683594,102.56075286865234
2025-08-12,229.0021209716797,148.23165893554688,168.56814575195312,68.76258850097656,525.046142578125,182.9163818359375,150.65957641601562,635.6467895507812,254.74742126464844,102.85148620605469
2025-08-13,232.6717529296875,149.60415649414062,170.16815185546875,68.51947784423828,516.454833984375,181.3484649658203,150.970458984375,637.8228149414062,264.7203063964844,104.27606964111328
2025-08-14,232.12330627441406,148.92271423339844,170.46084594726562,67.6345443725586,518.3397216796875,181.7778778076172,149.34815979003906,637.882080078125,264.4086608886719,104.0628662109375
2025-08-15,230.93667602539062,150.2568359375,172.33404541015625,67.99433898925781,516.0480346679688,180.20997619628906,149.950439453125,636.3886108398438,296.0804138183594,104.16068267822266
2025-08-18,230.23863220214844,149.07627868652344,171.95355224609375,67.22610473632812,513.0023193359375,181.76788330078125,151.2716064453125,636.2501831054688,300.44354248046875,104.38565826416016
2025-08-19,229.90957641601562,147.51377868652344,173.4657745361328,68.19856262207031,505.7304382324219,175.4063720703125,153.87503051757812,632.7984008789062,296.3044128417969,105.07034301757812
2025-08-20,225.3723907470703,148.69776916503906,174.48040771484375,68.75286102294922,501.7125549316406,175.16668701171875,154.9533233642578,631.1170043945312,292.0191955566406,106.15605926513672
2025-08-21,224.26551818847656,150.9590301513672,174.56822204589844,68.7139663696289,501.0666198730469,174.7472381591797,154.19558715820312,628.5850830078125,295.4376525878906,106.84075927734375
2025-08-22,227.11746215820312,153.51136779785156,174.91944885253906,68.19856262207031,504.037841796875,177.75326538085938,154.1373291015625,638.2381591796875,299.4015197753906,108.84591674804688
2025-08-25,226.5191650390625,153.53079223632812,174.0609130859375,67.0316162109375,501.0865173339844,179.57083129882812,151.68930053710938,635.4292602539062,296.90826416015625,109.29583740234375
2025-08-26,228.6630859375,152.71559143066406,173.4515838623047,66.83712005615234,498.8804626464844,181.52822875976562,151.51446533203125,638.0897827148438,292.59381103515625,109.05130767822266
2025-08-27,229.8397674560547,154.5401153564453,173.74639892578125,66.93437957763672,503.5509033203125,181.35845947265625,152.47618103027344,639.5436401367188,295.9538269042969,110.28375244140625
2025-08-28,231.90391540527344,154.6177520751953,172.4294891357422,66.47731018066406,506.4326477050781,179.93035888671875,151.20358276367188,641.8085327148438,294.4052734375,110.8706283569336
2025-08-29,231.485107421875,155.8599853515625,174.11985778808594,67.08995056152344,503.501220703125,173.94830322265625,152.5538787841797,637.9810180664062,301.7875671386719,111.7900619506836
2025-09-02,229.07192993164062,157.05364990234375,174.99453735351562,67.15802764892578,501.9410705566406,170.55284118652344,153.4767608642578,633.2533569335938,300.7454833984375,112.18132019042969
2025-09-03,237.7972412109375,153.39492797851562,174.93557739257812,67.08995056152344,502.16961669921875,170.39306640625,153.651611328125,636.6853637695312,299.8494873046875,109.46212768554688
2025-09-04,239.10354614257812,153.03585815429688,175.6824951171875,66.3703384399414,504.7731628417969,171.4316864013672,154.64248657226562,642.0064086914062,302.2843017578125,109.94141387939453
2025-09-05,239.01380920410156,149.12478637695312,175.358154296875,66.08832550048828,491.8847961425781,166.79786682128906,155.44874572753906,640.1470336914062,307.16363525390625,106.84075927734375
2025-09-08,237.20892333984375,149.4547576904297,175.06333923339844,65.57292175292969,495.0646667480469,168.08612060546875,154.4676055908203,641.7195434570312,311.8968505859375,107.44718933105469
2025-09-09,233.6888885498047,150.27967834472656,173.9134979248047,65.99107360839844,495.2733154296875,170.53285217285156,154.90476989746094,643.203125,338.8451232910156,108.22969055175781
2025-09-10,226.1501922607422,153.1328887939453,172.7636260986328,65.95218658447266,497.2209777832031,177.09413146972656,152.85504150390625,645.0625610351562,337.73486328125,110.03922271728516
2025-09-11,229.3810577392578,153.57933044433594,175.4269561767578,65.7576904296875,497.8569641113281,176.9443359375,154.09848022460938,650.423095703125,344.3866882324219,109.68709564208984
2025-09-12,233.40966796875,152.4729766845703,174.99453735351562,65.16448974609375,506.6910095214844,177.59349060058594,153.38931274414062,650.20556640625,343.3153991699219,109.7066650390625
2025-09-15,236.03224182128906,152.6670684814453,174.3459014892578,64.88031768798828,512.1166381835938,177.52359008789062,152.34988403320312,653.6671142578125,340.9534606933594,109.89250946044922
2025-09-16,237.4781494140625,154.83123779296875,173.42210388183594,64.90971374511719,505.83642578125,174.65724182128906,153.53506469726562,652.7671508789062,333.005126953125,112.17153930664062
2025-09-17,238.3157958984375,155.36500549316406,174.14935302734375,65.69364929199219,506.81024169921875,170.0730743408203,155.74989318847656,651.9561157226562,334.79864501953125,112.7681884765625
2025-09-18,237.20892333984375,154.15191650390625,171.1616973876953,65.12528991699219,505.2501220703125,176.01551818847656,152.82591247558594,655.0023803710938,328.1440734863281,111.43795013427734
2025-09-19,244.80740356445312,151.5995330810547,173.15675354003906,65.09589385986328,514.6704711914062,176.4449462890625,151.5824432373047,658.2465209960938,329.97674560546875,110.35222625732422
2025-09-22,255.35755920410156,151.44424438476562,171.21083068847656,64.88031768798828,511.21240234375,183.37611389160156,148.69729614257812,661.3607177734375,334.4948425292969,109.56971740722656
2025-09-23,253.7122344970703,152.7738037109375,173.54002380371094,65.37026977539062,506.0252380371094,178.2027130126953,148.14358520507812,657.7605590820312,340.7574462890625,111.4574966430664
2025-09-24,251.59820556640625,154.4818572998047,173.6481475830078,65.11549377441406,506.9394226074219,176.74456787109375,148.0658721923828,655.6677856445312,344.7952880859375,112.05416107177734
2025-09-25,256.1453552246094,155.97640991210938,174.67022705078125,64.65493774414062,503.8390808105469,177.4636688232422,147.8035888671875,652.6429443359375,338.66986083984375,113.06163024902344
2025-09-26,254.73931884765625,155.4329376220703,176.61614990234375,64.35115814208984,508.2411804199219,177.96302795410156,148.14358520507812,656.3819580078125,337.2193908691406,114.6559829711914
2025-09-29,253.7122344970703,151.49276733398438,178.49325561523438,64.71372985839844,511.3614196777344,181.61837768554688,149.1441650390625,658.2266845703125,338.2974853515625,111.72159576416016
2025-09-30,253.9116668701172,150.7066650390625,182.2278289794922,64.98809814453125,514.6903686523438,186.3423309326172,149.2607421875,660.7061157226562,338.4150390625,110.28375244140625
2025-10-01,254.72933959960938,150.01763916015625,182.8470001220703,65.4388656616211,516.4392700195312,187.00149536132812,148.8041534423828,662.9574584960938,341.3552551269531,109.54037475585938
2025-10-02,256.40460205078125,148.8433380126953,182.7781982421875,64.77252197265625,512.4942626953125,188.64939880371094,147.70643615722656,663.7210693359375,346.6672058105469,108.8556900024414
2025-10-03,257.2920837402344,149.01803588867188,185.39239501953125,65.31148529052734,514.0940551757812,187.38101196289062,147.920166015625,663.7112426757812,353.0179748535156,110.78260040283203
2025-10-06,255.96585083007812,149.4741668701172,184.92066955566406,64.77252197265625,525.2435302734375,185.30364990234375,146.11328125,666.0914916992188,351.616455078125,111.70203399658203
2025-10-07,255.7564697265625,150.33790588378906,185.63809204101562,65.44866943359375,520.682373046875,184.80429077148438,148.18243408203125,663.6219482421875,356.40899658203125,111.76072692871094
2025-10-08,257.33197021484375,149.2024383544922,186.42433166503906,64.79212188720703,521.5469360351562,188.86911010742188,146.38528442382812,667.5791625976562,362.5441589355469,111.52597045898438
2025-10-09,253.32330322265625,147.16439819335938,187.7904052734375,65.03710174560547,519.1123657226562,192.32470703125,146.27842712402344,665.6452026367188,360.358642578125,110.44025421142578
2025-10-10,244.57806396484375,144.50527954101562,187.4365997314453,65.69364929199219,507.74432373046875,182.92669677734375,145.4138641357422,647.6542358398438,347.431640625,108.30793762207031
2025-10-13,246.96131896972656,147.45556640625,187.6134796142578,65.45846557617188,510.8149108886719,188.0801239013672,143.27671813964844,657.5919189453125,351.5086975097656,109.78490447998047
2025-10-14,247.07101440429688,147.89227294921875,187.56436157226562,66.15420532226562,510.337890625,179.8006591796875,144.8990020751953,656.78857421875,352.7533874511719,109.83381652832031
2025-10-15,248.63658142089844,147.62054443359375,187.87884521484375,65.73284149169922,510.1988220214844,179.60093688964844,143.2086944580078,659.7044067382812,353.94903564453125,109.16868591308594
2025-10-16,246.75192260742188,147.23236083984375,188.81248474121094,66.23260498046875,508.3902282714844,181.5784149169922,145.32643127441406,655.2117309570312,349.55841064453125,108.21990966796875
2025-10-17,251.57826232910156,148.56190490722656,189.8935546875,67.06553649902344,510.3478698730469,182.9866180419922,147.0749969482422,658.9308471679688,349.4897766113281,109.78490447998047
2025-10-20,261.5001525878906,149.9205780029297,190.38494873046875,67.06553649902344,513.5376586914062,182.4073486328125,147.6190185546875,665.7840576171875,357.2126770019531,110.2348403930664
2025-10-21,262.0286865234375,149.25094604492188,188.57662963867188,69.7896957397461,514.4021606445312,180.92922973632812,147.2886962890625,665.7741088867188,358.0848693847656,110.24462890625
2025-10-22,257.72088623046875,150.97842407226562,189.61839294433594,69.38793182373047,517.2639770507812,180.05035400390625,147.85214233398438,662.3128051757812,354.2822570800781,112.20088195800781
2025-10-23,258.84771728515625,151.93919372558594,189.15646362304688,68.53540802001953,517.283935546875,181.92796325683594,147.86187744140625,666.2402954101562,353.2630310058594,113.44310760498047
2025-10-24,262.07855224609375,150.96871948242188,187.12208557128906,68.31002044677734,520.3147583007812,186.02272033691406,149.1697540283203,671.6851806640625,355.2721252441406,112.86600494384766
2025-10-27,268.0516357421875,150.6969757080078,187.02381896972656,68.65299224853516,528.1749877929688,191.24607849121094,148.43609619140625,679.6094970703125,358.6827697753906,113.40398406982422
2025-10-28,268.2410888671875,149.58091735839844,183.7118377685547,68.75098419189453,538.6585083007812,200.77394104003906,148.0741424560547,681.4144897460938,360.50567626953125,112.51387786865234
2025-10-29,268.93914794921875,150.52230834960938,183.3875274658203,66.97733306884766,538.1417846679688,206.77627563476562,145.53074645996094,681.7418823242188,348.176513671875,113.90282440185547
2025-10-30,270.63433837890625,148.9889373779297,185.7953338623047,67.59468841552734,522.4512329101562,202.63156127929688,146.3231201171875,674.2440185546875,337.8760681152344,112.18132019042969
2025-10-31,269.60723876953125,153.06495666503906,185.61843872070312,67.51629638671875,514.5512084960938,202.23207092285156,147.09591674804688,676.4556274414062,334.7496643066406,111.85853576660156
2025-11-03,268.2909851074219,149.4935760498047,183.05337524414062,66.60496520996094,513.776123046875,206.61647033691406,144.79708862304688,677.7251586914062,327.13458251953125,111.27166748046875
2025-11-04,269.2781982421875,148.8627471923828,183.64305114746094,67.28111267089844,511.0931091308594,198.43690490722656,143.965576171875,669.6917114257812,324.23358154296875,111.64335632324219
2025-11-05,269.3778991699219,148.15432739257812,182.7978515625,67.13412475585938,503.96826171875,194.9613494873047,142.61563110351562,672.012451171875,321.2051696777344,111.19341278076172
2025-11-06,269.0089416503906,148.42604064941406,183.7511444091797,67.67308044433594,493.9715576171875,187.84042358398438,142.9482421875,664.8021850585938,315.1484375,111.99547576904297
2025-11-07,267.7126159667969,150.4446563720703,183.35804748535156,69.1331558227539,493.6933288574219,187.91033935546875,143.77972412109375,665.4567260742188,317.74560546875,114.6559829711914
2025-11-10,268.9303283691406,151.05604553222656,185.1663818359375,69.10375213623047,502.8155822753906,198.7964630126953,142.33193969726562,675.8407592773438,315.1679992675781,115.63410949707031
2025-11-11,274.73956298828125,151.62864685058594,190.49305725097656,70.17186737060547,505.4786682128906,192.91395568847656,145.30575561523438,677.3878784179688,320.9210205078125,117.15998077392578
2025-11-12,272.962890625,148.79483032226562,191.04339599609375,70.0738754272461,507.9231872558594,193.5531463623047,144.78729248046875,677.7647705078125,332.29949951171875,115.53629302978516
2025-11-13,272.4438171386719,150.98812866210938,191.88861083984375,69.64271545410156,500.12261962890625,186.62196350097656,144.73838806152344,666.5180053710938,325.889892578125,116.19164276123047
2025-11-14,271.90484619140625,152.96791076660156,192.55690002441406,69.73090362548828,506.96923828125,189.92774963378906,144.45469665527344,666.4088745117188,315.44244384765625,117.70126342773438
2025-11-17,266.9639892578125,150.2505645751953,196.14405822753906,69.26054382324219,504.2961730957031,186.3623046875,142.64498901367188,660.2002563476562,314.129150390625,116.11270141601562
2025-11-18,266.94403076171875,150.75103759765625,196.55682373046875,69.7896957397461,490.6824035644531,181.1289825439453,143.78952026367188,654.6561889648438,307.3275451660156,117.4447250366211
2025-11-19,268.0619812011719,148.8668975830078,199.02362060546875,69.6819076538086,484.05438232421875,186.28240966796875,143.78952026367188,657.185302734375,302.9270935058594,115.78709411621094
2025-11-20,265.7562561035156,147.50283813476562,199.573974609375,69.77989959716797,476.3088684082031,180.40989685058594,144.96337890625,647.1683349609375,305.3282165527344,115.46148681640625
2025-11-21,270.98651123046875,147.17901611328125,200.38967895507812,71.48495483398438,470.0268249511719,178.6521453857422,147.63394165039062,653.6148681640625,313.5901184082031,115.52069091796875
2025-11-24,275.4083557128906,146.95330810546875,202.50267028808594,71.1321792602539,471.8985290527344,182.31747436523438,143.77972412109375,663.2351684570312,312.6884765625,114.42547607421875
2025-11-25,276.45635986328125,145.75608825683594,204.401611328125,71.15178680419922,474.8752136230469,177.59349060058594,145.25685119628906,669.4734497070312,319.7743225097656,112.98491668701172
2025-11-26,277.0353088378906,146.71778869628906,205.28182983398438,71.4163589477539,483.3475036621094,180.03038024902344,145.02206420898438,674.09521484375,323.13592529296875,113.241455078125
2025-11-28,278.3328857421875,148.3075408935547,204.64886474609375,71.65155029296875,489.82867431640625,176.7745361328125,144.9340362548828,677.7747192382812,323.1947326660156,114.37614440917969
2025-12-01,282.57501220703125,149.69119262695312,203.08619689941406,71.00025177001953,484.5820007324219,179.69082641601562,144.22972106933594,674.6802978515625,316.7655334472656,115.0766830444336
2025-12-02,285.6592712402344,147.4439697265625,203.1653289794922,69.73715209960938,487.82757568359375,181.22885131835938,142.68411254882812,675.9300537109375,318.0690002441406,113.84333038330078
2025-12-03,283.623046875,148.75894165039062,203.07630920410156,69.87529754638672,475.6119689941406,179.36123657226562,143.51560974121094,678.2706298828125,332.9365539550781,116.2311019897461
2025-12-04,280.179443359375,149.4164276123047,200.25759887695312,69.52005004882812,478.7081604003906,183.1566162109375,142.1949920654297,678.7665405273438,326.8405456542969,115.57989501953125
2025-12-05,278.26300048828125,147.19863891601562,199.713623046875,69.07598876953125,481.01788330078125,182.1877899169922,140.3265838623047,680.0557861328125,324.3119812011719,114.98788452148438
2025-12-08,277.3746643066406,145.9327392578125,199.4070281982422,69.32269287109375,488.8430480957031,185.323974609375,135.32785034179688,678.0127563476562,319.2998352050781,114.43534851074219
2025-12-09,276.6659851074219,145.7168426513672,197.7652587890625,69.16480255126953,489.8385925292969,184.7446746826172,136.5897674560547,677.4276123046875,319.28009033203125,116.67510986328125
2025-12-10,278.26300048828125,148.58230590820312,204.2730255126953,69.28321838378906,476.4382629394531,183.55612182617188,136.775634765625,681.92041015625,323.9864196777344,117.94792938232422
2025-12-11,277.514404296875,147.90518188476562,207.70494079589844,68.19773864746094,481.3265075683594,180.70957946777344,137.69515991210938,683.5072631835938,332.2348327636719,117.94792938232422
2025-12-12,277.763916015625,147.1888427734375,209.25772094726562,69.58912658691406,476.4084167480469,174.80679321289062,139.7298583984375,676.1581420898438,337.2765808105469,117.23751831054688
2025-12-15,273.6016540527344,147.00238037109375,211.81927490234375,70.03318786621094,472.7148742675781,176.0752410888672,141.97000122070312,675.1365356445312,336.5464782714844,116.19164276123047
2025-12-16,274.1007385253906,144.00933837890625,207.0027313232422,69.44110870361328,474.2779235839844,177.50350952148438,142.0482635498047,673.2918701171875,329.7386169433594,113.15265655517578
2025-12-17,271.33587646484375,146.72760009765625,208.02142333984375,69.73715209960938,474.00909423828125,170.7317657470703,144.59165954589844,665.8832397460938,327.2029113769531,115.84630584716797
2025-12-18,271.68524169921875,144.93179321289062,206.02359008789062,69.43123626708984,481.8342590332031,173.9278564453125,142.35153198242188,670.9114990234375,323.7594909667969,114.98788452148438
2025-12-19,273.1625061035156,144.99066162109375,204.1049041748047,69.13520050048828,483.7656555175781,180.76951599121094,141.31460571289062,676.9923095703125,323.0491027832031,115.1358871459961
2025-12-22,270.4674987792969,147.00238037109375,205.04446411132812,69.28321838378906,482.7701110839844,183.4662322998047,139.5831298828125,681.2098388671875,320.81927490234375,116.5764389038086
2025-12-23,271.85491943359375,147.6990966796875,203.52137756347656,68.94771575927734,484.6915588378906,188.97950744628906,140.06246948242188,684.3233032226562,320.46405029296875,117.82952117919922
2025-12-24,273.3022155761719,147.68930053710938,205.49942016601562,69.18453979492188,485.8563232421875,188.38023376464844,141.34396362304688,686.7305297851562,323.20697021484375,117.63219451904297
2025-12-26,272.89300537109375,147.21827697753906,205.35107421875,68.94771575927734,485.5477294921875,190.2978973388672,141.5885009765625,686.660888671875,327.40020751953125,117.5236587524414
2025-12-29,273.2523498535156,148.17015075683594,205.28182983398438,69.23387908935547,484.9404296875,187.99070739746094,141.42221069335938,684.2138671875,324.548828125,118.92474365234375
2025-12-30,272.57354736328125,149.4654998779297,204.6389617919922,69.14507293701172,485.3187561035156,187.31153869628906,140.9135284423828,683.3782958984375,327.7257995605469,119.37861633300781
